DATE,TIME,LDGL,LDGR,FPHASE,HEIGHT,ALTSTDC,ALTQNH,TAT,CAS,GS,VLS,MACH,HEAD,WINDIR,WINSPD,LATP,LONP,LONCORR,LATCORR,Delta_D,ACCUM_D,TDD,e_p,e_c,e_tot,H_GEOM_REF_m,H_GEOM_REF_ft,SAT,theta,sigma,TAS,WIND_COMP,e_p_ref,e_c_REF,E_TOT_ref,e_ref_inf,e_ref_supp,FLAG_INF,FLAG_SUP,energy_state,COLOR
06/2022,03:10:02,AIR,AIR,DESCENT,4803,8012,8258.0,19.75,213,241,133.32,0.37,33,0.0,0,-15.895156,-48.162159,-48.16946900000001,-15.896678,0.0,0.0,15.0,14.4,7.7,22.1,1504.5,8386.9636,19.2,1.0146,1.0636,129.3,0,14.8,2.4,17.2,13.8,20.6,0,1,HIGH ENERGY,red
06/2022,03:10:03,AIR,AIR,APPROACH,4781,7990,8235.0,19.75,212,240,133.32,0.37,34,-72.77,0,-15.894088,-48.161854,-48.169164,-15.89561,0.07,0.1,14.9,14.3,7.6,21.9,1494.5,8354.1556,19.2,1.0146,1.0636,129.3,0,14.7,2.4,17.1,13.7,20.5,0,1,HIGH ENERGY,red
06/2022,03:10:04,AIR,AIR,APPROACH,4760,7969,8214.0,19.75,212,240,133.32,0.368,36,-180.0,0,-15.89302,-48.161549,-48.168859000000005,-15.894542,0.07,0.1,14.9,14.2,7.6,21.8,1494.5,8354.1556,19.2,1.0146,1.0636,129.3,0,14.7,2.4,17.1,13.7,20.5,0,1,HIGH ENERGY,red
06/2022,03:10:05,AIR,AIR,APPROACH,4739,7948,8194.0,19.75,212,240,133.32,0.368,38,-72.77,0,-15.891952,-48.161247,-48.16855700000001,-15.893474,0.07,0.2,14.8,14.2,7.6,21.8,1484.5,8321.347600000001,19.2,1.0146,1.0636,129.3,0,14.6,2.4,17.0,13.6,20.4,0,1,HIGH ENERGY,red
06/2022,03:10:06,AIR,AIR,APPROACH,4719,7928,8175.0,19.75,212,239,133.32,0.368,40,0.0,0,-15.890884,-48.160789,-48.168099000000005,-15.892406,0.07,0.3,14.7,14.1,7.6,21.7,1474.4,8288.21152,19.2,1.0146,1.0636,129.3,0,14.5,2.4,16.9,13.5,20.3,0,1,HIGH ENERGY,red
06/2022,03:10:07,AIR,AIR,APPROACH,4700,7909,8154.0,19.75,211,239,133.32,0.366,43,-72.77,0,-15.889892,-48.160851,-48.168161000000005,-15.891414,0.06,0.3,14.7,14.1,7.6,21.7,1474.4,8288.21152,19.2,1.0146,1.0636,129.3,0,14.5,2.4,16.9,13.5,20.3,0,1,HIGH ENERGY,red
06/2022,03:10:08,AIR,AIR,APPROACH,4681,7890,8137.0,19.75,211,238,133.32,0.366,45,-180.0,0,-15.8889,-48.160263,-48.167573000000004,-15.890422,0.07,0.4,14.6,14.0,7.5,21.5,1464.4,8255.40352,19.2,1.0146,1.0636,129.3,0,14.4,2.4,16.8,13.4,20.2,0,1,HIGH ENERGY,red
06/2022,03:10:09,AIR,AIR,APPROACH,4662,7871,8117.0,19.75,211,238,133.32,0.366,47,-72.77,0,-15.887908,-48.159679,-48.166989,-15.889429999999999,0.07,0.5,14.5,13.9,7.5,21.4,1454.4,8222.59552,19.2,1.0146,1.0636,129.3,0,14.3,2.4,16.7,13.4,20.0,0,1,HIGH ENERGY,red
06/2022,03:10:10,AIR,AIR,APPROACH,4644,7853,8099.0,19.75,211,238,133.32,0.366,50,0.0,0,-15.886993,-48.159325,-48.16663500000001,-15.888515,0.06,0.5,14.5,13.9,7.5,21.4,1454.4,8222.59552,19.2,1.0146,1.0636,129.3,0,14.3,2.4,16.7,13.4,20.0,0,1,HIGH ENERGY,red
06/2022,03:10:11,AIR,AIR,APPROACH,4625,7834,8081.0,19.75,211,237,139.84,0.366,52,-72.77,0,-15.886077,-48.158978,-48.166288,-15.887599,0.06,0.6,14.4,13.8,7.4,21.2,1444.3,8189.45944,19.2,1.0146,1.0636,135.6,0,14.2,2.6,16.8,13.4,20.2,0,1,HIGH ENERGY,red
06/2022,03:10:12,AIR,AIR,APPROACH,4608,7817,8063.0,19.75,210,237,139.84,0.364,55,-180.0,0,-15.885162,-48.158367,-48.165677,-15.886683999999999,0.07,0.7,14.3,13.8,7.4,21.2,1434.3,8156.65144,19.2,1.0146,1.0636,135.6,0,14.1,2.6,16.7,13.4,20.0,0,1,HIGH ENERGY,red
06/2022,03:10:13,AIR,AIR,APPROACH,4592,7801,8047.0,19.75,210,236,139.84,0.364,57,-72.77,0,-15.884246,-48.157604,-48.164914,-15.885767999999999,0.07,0.7,14.3,13.7,7.4,21.1,1434.3,8156.65144,19.2,1.0146,1.0636,135.6,0,14.1,2.6,16.7,13.4,20.0,0,1,HIGH ENERGY,red
06/2022,03:10:14,AIR,AIR,APPROACH,4574,7783,8029.0,19.75,210,236,139.84,0.364,59,0.0,0,-15.883407,-48.157093,-48.16440300000001,-15.884929,0.06,0.8,14.2,13.7,7.4,21.1,1424.3,8123.84344,19.2,1.0146,1.0636,135.6,0,14.0,2.6,16.6,13.3,19.9,0,1,HIGH ENERGY,red
06/2022,03:10:15,AIR,AIR,APPROACH,4557,7766,8012.0,19.75,209,235,139.84,0.362,62,-72.77,0,-15.882568,-48.156204,-48.163514000000006,-15.884089999999999,0.07,0.9,14.1,13.6,7.3,20.9,1414.2,8090.70736,19.2,1.0146,1.0636,135.6,0,13.9,2.6,16.5,13.2,19.8,0,1,HIGH ENERGY,red
06/2022,03:10:16,AIR,AIR,APPROACH,4539,7748,7995.0,19.75,209,235,139.84,0.362,64,-180.0,0,-15.881729,-48.155415,-48.162725,-15.883251,0.07,0.9,14.1,13.6,7.3,20.9,1414.2,8090.70736,19.2,1.0146,1.0636,135.6,0,13.9,2.6,16.5,13.2,19.8,0,1,HIGH ENERGY,red
06/2022,03:10:17,AIR,AIR,APPROACH,4522,7731,7977.0,19.75,208,234,139.84,0.36,66,-72.77,0,-15.881042,-48.154655,-48.161965,-15.882564,0.06,1.0,14.0,13.5,7.2,20.7,1404.2,8057.89936,19.3,1.0149,1.065,135.5,0,13.8,2.6,16.4,13.1,19.7,0,1,HIGH ENERGY,red
06/2022,03:10:18,AIR,AIR,APPROACH,4504,7713,7959.0,19.75,208,234,139.84,0.36,69,0.0,0,-15.880355,-48.153748,-48.161058000000004,-15.881877,0.07,1.1,13.9,13.5,7.2,20.7,1394.2,8025.09136,19.3,1.0149,1.065,135.5,0,13.7,2.6,16.3,13.0,19.6,0,1,HIGH ENERGY,red
06/2022,03:10:19,AIR,AIR,APPROACH,4485,7694,7940.0,19.75,207,234,139.84,0.358,71,-72.77,0,-15.879669,-48.152832,-48.160142,-15.881191,0.07,1.1,13.9,13.4,7.2,20.6,1394.2,8025.09136,19.3,1.0149,1.065,135.5,0,13.7,2.6,16.3,13.0,19.6,0,1,HIGH ENERGY,red
06/2022,03:10:20,AIR,AIR,APPROACH,4466,7675,7921.0,19.75,206,234,139.84,0.356,73,-180.0,0,-15.878982,-48.152046,-48.159356,-15.880504,0.06,1.2,13.8,13.4,7.2,20.6,1384.2,7992.28336,19.3,1.0149,1.065,135.5,0,13.6,2.6,16.2,13.0,19.4,0,1,HIGH ENERGY,red
06/2022,03:10:21,AIR,AIR,APPROACH,4447,7656,7901.0,19.75,205,233,139.84,0.356,76,-72.77,0,-15.878486,-48.151009,-48.158319000000006,-15.880008,0.07,1.3,13.7,13.3,7.2,20.5,1374.1,7959.14728,19.3,1.0149,1.065,135.5,0,13.6,2.6,16.2,13.0,19.4,0,1,HIGH ENERGY,red
06/2022,03:10:22,AIR,AIR,APPROACH,4427,7636,7882.0,19.75,205,233,139.84,0.354,78,0.0,0,-15.877952,-48.150093,-48.157403,-15.879474,0.06,1.3,13.7,13.2,7.2,20.4,1374.1,7959.14728,19.3,1.0149,1.065,135.5,0,13.6,2.6,16.2,13.0,19.4,0,1,HIGH ENERGY,red
06/2022,03:10:23,AIR,AIR,APPROACH,4407,7616,7861.0,19.75,205,233,139.84,0.354,81,-72.77,0,-15.877494,-48.149143,-48.156453000000006,-15.879016,0.06,1.4,13.6,13.2,7.2,20.4,1364.1,7926.33928,19.3,1.0149,1.065,135.5,0,13.5,2.6,16.1,12.9,19.3,0,1,HIGH ENERGY,red
06/2022,03:10:24,AIR,AIR,APPROACH,4385,7594,7840.0,19.75,204,233,139.84,0.352,83,-180.0,0,-15.877037,-48.148109,-48.155419,-15.878559,0.07,1.5,13.5,13.1,7.2,20.3,1354.1,7893.53128,19.3,1.0149,1.065,135.5,0,13.4,2.6,16.0,12.8,19.2,0,1,HIGH ENERGY,red
06/2022,03:10:25,AIR,AIR,APPROACH,4364,7573,7819.0,19.75,204,233,139.84,0.352,86,-72.77,0,-15.876693,-48.147194,-48.154504,-15.878214999999999,0.06,1.5,13.5,13.1,7.2,20.3,1354.1,7893.53128,19.3,1.0149,1.065,135.5,0,13.4,2.6,16.0,12.8,19.2,0,1,HIGH ENERGY,red
06/2022,03:10:26,AIR,AIR,APPROACH,4343,7552,7797.0,19.75,203,232,139.84,0.35,89,0.0,0,-15.876274,-48.146244,-48.15355400000001,-15.877796,0.06,1.6,13.4,13.0,7.1,20.1,1344.0,7860.3952,19.3,1.0149,1.065,135.5,0,13.3,2.6,15.9,12.7,19.1,0,1,HIGH ENERGY,red
06/2022,03:10:27,AIR,AIR,APPROACH,4322,7531,7776.0,20.0,203,232,139.84,0.35,91,-72.77,0,-15.87593,-48.145176,-48.152486,-15.877452,0.06,1.6,13.4,12.9,7.1,20.0,1344.0,7860.3952,19.5,1.0156,1.0681,135.3,0,13.3,2.6,15.9,12.7,19.1,0,1,HIGH ENERGY,red
06/2022,03:10:28,AIR,AIR,APPROACH,4300,7509,7754.0,20.0,203,232,139.84,0.35,94,-180.0,0,-15.875625,-48.143993,-48.151303000000006,-15.877146999999999,0.07,1.7,13.3,12.9,7.1,20.0,1334.0,7827.5872,19.5,1.0156,1.0681,135.3,0,13.2,2.6,15.8,12.6,19.0,0,1,HIGH ENERGY,red
06/2022,03:10:29,AIR,AIR,APPROACH,4278,7487,7733.0,20.0,202,232,139.84,0.35,96,-72.77,0,-15.875434,-48.143044,-48.15035400000001,-15.876956,0.06,1.8,13.2,12.8,7.1,19.9,1324.0,7794.7792,19.5,1.0156,1.0681,135.3,0,13.1,2.6,15.7,12.6,18.8,0,1,HIGH ENERGY,red
06/2022,03:10:30,AIR,AIR,APPROACH,4257,7466,7712.0,20.0,202,232,139.84,0.348,99,0.0,0,-15.875244,-48.141972,-48.14928200000001,-15.876766,0.06,1.8,13.2,12.7,7.1,19.8,1324.0,7794.7792,19.5,1.0156,1.0681,135.3,0,13.1,2.6,15.7,12.6,18.8,0,1,HIGH ENERGY,red
06/2022,03:10:31,AIR,AIR,APPROACH,4236,7445,7691.0,20.0,201,232,139.84,0.346,101,-72.77,0,-15.875091,-48.140907,-48.148217,-15.876612999999999,0.06,1.9,13.1,12.7,7.1,19.8,1313.9,7761.643120000001,19.5,1.0156,1.0681,135.3,0,13.0,2.6,15.6,12.5,18.7,0,1,HIGH ENERGY,red
06/2022,03:10:32,AIR,AIR,APPROACH,4215,7424,7669.0,20.0,201,232,139.84,0.346,103,-180.0,0,-15.874939,-48.139839,-48.147149000000006,-15.876460999999999,0.06,2.0,13.0,12.6,7.1,19.7,1303.9,7728.835120000001,19.5,1.0156,1.0681,135.3,0,12.9,2.6,15.5,12.4,18.6,0,1,HIGH ENERGY,red
06/2022,03:10:33,AIR,AIR,APPROACH,4194,7403,7649.0,20.0,200,232,139.84,0.346,105,-72.77,0,-15.874939,-48.138615,-48.145925000000005,-15.876460999999999,0.07,2.0,13.0,12.5,7.1,19.6,1303.9,7728.835120000001,19.5,1.0156,1.0681,135.3,0,12.9,2.6,15.5,12.4,18.6,0,1,HIGH ENERGY,red
06/2022,03:10:34,AIR,AIR,APPROACH,4172,7381,7627.0,20.25,200,231,139.84,0.344,107,0.0,0,-15.874939,-48.137398,-48.144708,-15.876460999999999,0.07,2.1,12.9,12.5,7.1,19.6,1293.9,7696.027120000001,19.8,1.0167,1.073,135.0,0,12.8,2.6,15.4,12.3,18.5,0,1,HIGH ENERGY,red
06/2022,03:10:35,AIR,AIR,APPROACH,4151,7360,7605.0,20.25,200,231,139.84,0.344,108,-72.77,0,-15.874939,-48.136326,-48.143636,-15.876460999999999,0.06,2.2,12.8,12.4,7.1,19.5,1283.8,7662.89104,19.8,1.0167,1.073,135.0,0,12.7,2.6,15.3,12.2,18.4,0,1,HIGH ENERGY,red
06/2022,03:10:36,AIR,AIR,APPROACH,4131,7340,7586.0,20.25,199,231,139.84,0.344,109,-180.0,0,-15.875128,-48.135262,-48.142572,-15.87665,0.06,2.2,12.8,12.4,7.1,19.5,1283.8,7662.89104,19.8,1.0167,1.073,135.0,0,12.7,2.6,15.3,12.2,18.4,0,1,HIGH ENERGY,red
06/2022,03:10:37,AIR,AIR,APPROACH,4110,7319,7564.0,20.25,199,231,139.84,0.342,109,-72.77,0,-15.875318,-48.13419,-48.1415,-15.87684,0.06,2.3,12.7,12.3,7.1,19.4,1273.8,7630.08304,19.8,1.0167,1.073,135.0,0,12.6,2.6,15.2,12.2,18.2,0,1,HIGH ENERGY,red
06/2022,03:10:38,AIR,AIR,APPROACH,4088,7297,7542.0,20.25,199,231,139.84,0.342,110,0.0,0,-15.875508,-48.133087,-48.14039700000001,-15.87703,0.06,2.3,12.7,12.2,7.1,19.3,1273.8,7630.08304,19.8,1.0167,1.073,135.0,0,12.6,2.6,15.2,12.2,18.2,0,1,HIGH ENERGY,red
06/2022,03:10:39,AIR,AIR,APPROACH,4066,7275,7521.0,20.25,199,231,139.84,0.342,110,-72.77,0,-15.875774,-48.131748,-48.139058000000006,-15.877296,0.08,2.4,12.6,12.2,7.1,19.3,1263.8,7597.27504,19.8,1.0167,1.073,135.0,0,12.5,2.6,15.1,12.1,18.1,0,1,HIGH ENERGY,red
06/2022,03:10:40,AIR,AIR,APPROACH,4044,7253,7499.0,20.5,199,230,139.84,0.342,110,-180.0,0,-15.876041,-48.130684,-48.137994000000006,-15.877563,0.06,2.5,12.5,12.1,7.0,19.1,1253.8,7564.46704,20.0,1.0174,1.0762,134.8,0,12.4,2.6,15.0,12.0,18.0,0,1,HIGH ENERGY,red
06/2022,03:10:41,AIR,AIR,APPROACH,4023,7232,7479.0,20.5,199,230,139.84,0.342,110,-72.77,0,-15.876307,-48.129612,-48.136922000000006,-15.877829,0.06,2.5,12.5,12.0,7.0,19.0,1253.8,7564.46704,20.0,1.0174,1.0762,134.8,0,12.4,2.6,15.0,12.0,18.0,0,1,HIGH ENERGY,red
06/2022,03:10:42,AIR,AIR,APPROACH,4003,7212,7458.0,20.5,199,230,139.84,0.342,110,0.0,0,-15.876572,-48.128548,-48.135858000000006,-15.878093999999999,0.06,2.6,12.4,12.0,7.0,19.0,1243.7,7531.33096,20.0,1.0174,1.0762,134.8,0,12.3,2.6,14.9,11.9,17.9,0,1,HIGH ENERGY,red
06/2022,03:10:43,AIR,AIR,APPROACH,3982,7191,7437.0,20.75,198,230,139.81,0.34,110,-72.77,0,-15.876382,-48.12748,-48.13479,-15.877904,0.06,2.7,12.3,11.9,7.0,18.9,1233.7,7498.52296,20.3,1.0184,1.0807,134.5,0,12.2,2.6,14.8,11.8,17.8,0,1,HIGH ENERGY,red
06/2022,03:10:44,AIR,AIR,APPROACH,3962,7171,7417.0,20.75,198,229,139.81,0.34,109,-180.0,0,-15.876193,-48.126255,-48.133565000000004,-15.877715,0.07,2.7,12.3,11.8,6.9,18.7,1233.7,7498.52296,20.3,1.0184,1.0807,134.5,0,12.2,2.6,14.8,11.8,17.8,0,1,HIGH ENERGY,red
06/2022,03:10:45,AIR,AIR,APPROACH,3941,7150,7395.0,20.75,198,229,139.81,0.34,109,-72.77,0,-15.876002,-48.125191,-48.132501000000005,-15.877524,0.06,2.8,12.2,11.8,6.9,18.7,1223.7,7465.71496,20.3,1.0184,1.0807,134.5,0,12.1,2.6,14.7,11.8,17.6,0,1,HIGH ENERGY,red
06/2022,03:10:46,AIR,AIR,APPROACH,3919,7128,7374.0,20.75,198,229,139.81,0.34,109,0.0,0,-15.875812,-48.124119,-48.131429000000004,-15.877334,0.06,2.8,12.2,11.7,6.9,18.6,1223.7,7465.71496,20.3,1.0184,1.0807,134.5,0,12.1,2.6,14.7,11.8,17.6,0,1,HIGH ENERGY,red
06/2022,03:10:47,AIR,AIR,APPROACH,3899,7108,7354.0,20.75,198,229,139.81,0.34,108,-72.77,0,-15.875621,-48.123055,-48.130365000000005,-15.877143,0.06,2.9,12.1,11.7,6.9,18.6,1213.6,7432.57888,20.3,1.0184,1.0807,134.5,0,12.0,2.6,14.6,11.7,17.5,0,1,HIGH ENERGY,red
06/2022,03:10:48,AIR,AIR,APPROACH,3879,7088,7335.0,21.0,198,228,139.81,0.34,108,-180.0,0,-15.875809,-48.121986,-48.129296000000004,-15.877331,0.06,3.0,12.0,11.6,6.9,18.5,1203.6,7399.77088,20.5,1.0191,1.0839,134.3,0,11.9,2.6,14.5,11.6,17.4,0,1,HIGH ENERGY,red
06/2022,03:10:49,AIR,AIR,APPROACH,3858,7067,7312.0,21.0,197,228,139.81,0.338,108,-72.77,0,-15.875997,-48.120766,-48.12807600000001,-15.877519,0.07,3.0,12.0,11.5,6.9,18.4,1203.6,7399.77088,20.5,1.0191,1.0839,134.3,0,11.9,2.6,14.5,11.6,17.4,0,1,HIGH ENERGY,red
06/2022,03:10:50,AIR,AIR,APPROACH,3838,7047,7293.0,21.0,198,228,139.81,0.338,108,0.0,0,-15.876185,-48.119698,-48.127008000000004,-15.877707,0.06,3.1,11.9,11.5,6.9,18.4,1193.6,7366.96288,20.5,1.0191,1.0839,134.3,0,11.8,2.6,14.4,11.5,17.3,0,1,HIGH ENERGY,red
06/2022,03:10:51,AIR,AIR,APPROACH,3816,7025,7270.0,21.0,197,227,139.81,0.338,108,-72.77,0,-15.876373,-48.118629,-48.125939,-15.877894999999999,0.06,3.2,11.8,11.4,6.8,18.2,1183.5,7333.826800000001,20.5,1.0191,1.0839,134.3,0,11.7,2.6,14.3,11.4,17.2,0,1,HIGH ENERGY,red
06/2022,03:10:52,AIR,AIR,APPROACH,3795,7004,7249.0,21.0,197,227,139.81,0.336,108,-180.0,0,-15.87656,-48.117561,-48.124871000000006,-15.878082,0.06,3.2,11.8,11.3,6.8,18.1,1183.5,7333.826800000001,20.5,1.0191,1.0839,134.3,0,11.7,2.6,14.3,11.4,17.2,0,1,HIGH ENERGY,red
06/2022,03:10:53,AIR,AIR,APPROACH,3774,6983,7229.0,21.25,196,227,139.81,0.336,108,-72.77,0,-15.876748,-48.116493,-48.123803,-15.878269999999999,0.06,3.3,11.7,11.3,6.8,18.1,1173.5,7301.0188,20.8,1.0201,1.0884,134.0,0,11.6,2.6,14.2,11.4,17.0,0,1,HIGH ENERGY,red
06/2022,03:10:54,AIR,AIR,APPROACH,3753,6962,7208.0,21.25,196,227,139.81,0.336,107,0.0,0,-15.876934,-48.115425,-48.122735000000006,-15.878456,0.06,3.3,11.7,11.2,6.8,18.0,1173.5,7301.0188,20.8,1.0201,1.0884,134.0,0,11.6,2.6,14.2,11.4,17.0,0,1,HIGH ENERGY,red
06/2022,03:10:55,AIR,AIR,APPROACH,3732,6941,7187.0,21.25,196,226,139.81,0.334,107,-72.77,0,-15.877121,-48.114357,-48.121667,-15.878643,0.06,3.4,11.6,11.2,6.8,18.0,1163.5,7268.210800000001,20.8,1.0201,1.0884,134.0,0,11.5,2.6,14.1,11.3,16.9,0,1,HIGH ENERGY,red
06/2022,03:10:56,AIR,AIR,APPROACH,3713,6922,7168.0,21.25,197,226,139.81,0.338,107,-180.0,0,-15.877307,-48.113289,-48.120599000000006,-15.878829,0.06,3.5,11.5,11.1,6.8,17.9,1153.5,7235.4028,20.8,1.0201,1.0884,134.0,0,11.4,2.6,14.0,11.2,16.8,0,1,HIGH ENERGY,red
06/2022,03:10:57,AIR,AIR,APPROACH,3693,6902,7148.0,21.5,198,226,139.81,0.338,106,-72.77,0,-15.877417,-48.112221,-48.119531,-15.878938999999999,0.06,3.5,11.5,11.0,6.8,17.8,1153.5,7235.4028,21.0,1.0208,1.0916,133.8,0,11.4,2.5,13.9,11.1,16.7,0,1,HIGH ENERGY,red
06/2022,03:10:58,AIR,AIR,APPROACH,3672,6881,7127.0,21.5,198,226,139.81,0.338,105,0.0,0,-15.877528,-48.111038,-48.118348000000005,-15.87905,0.07,3.6,11.4,11.0,6.8,17.8,1143.4,7202.2667200000005,21.0,1.0208,1.0916,133.8,0,11.3,2.5,13.8,11.0,16.6,0,1,HIGH ENERGY,red
06/2022,03:10:59,AIR,AIR,APPROACH,3652,6861,7107.0,21.75,197,225,139.81,0.336,105,-72.77,0,-15.877636,-48.110085,-48.117395,-15.879158,0.06,3.6,11.4,10.9,6.7,17.6,1143.4,7202.2667200000005,21.3,1.0219,1.0966,133.5,0,11.3,2.5,13.8,11.0,16.6,0,1,HIGH ENERGY,red
06/2022,03:11:00,AIR,AIR,APPROACH,3632,6841,7086.0,21.75,196,225,139.81,0.334,104,-180.0,0,-15.877746,-48.109016,-48.116326,-15.879268,0.06,3.7,11.3,10.9,6.7,17.6,1133.4,7169.4587200000005,21.3,1.0219,1.0966,133.5,0,11.2,2.5,13.7,11.0,16.4,0,1,HIGH ENERGY,red
06/2022,03:11:01,AIR,AIR,APPROACH,3611,6820,7066.0,21.75,197,225,139.81,0.336,104,-72.77,0,-15.877183,-48.107948,-48.115258000000004,-15.878705,0.07,3.8,11.2,10.8,6.7,17.5,1123.4,7136.650720000001,21.3,1.0219,1.0966,133.5,0,11.1,2.5,13.6,10.9,16.3,0,1,HIGH ENERGY,red
06/2022,03:11:02,AIR,AIR,APPROACH,3588,6797,7044.0,21.75,199,225,139.81,0.338,104,0.0,0,-15.876619,-48.10688,-48.11419,-15.878141,0.07,3.8,11.2,10.7,6.7,17.4,1123.4,7136.650720000001,21.3,1.0219,1.0966,133.5,0,11.1,2.5,13.6,10.9,16.3,0,1,HIGH ENERGY,red
06/2022,03:11:03,AIR,AIR,APPROACH,3567,6776,7022.0,22.0,198,224,139.81,0.338,104,-72.77,0,-15.876055,-48.105663,-48.112973000000004,-15.877576999999999,0.08,3.9,11.1,10.7,6.6,17.3,1113.3,7103.514639999999,21.5,1.0226,1.0998,133.3,0,11.0,2.5,13.5,10.8,16.2,0,1,HIGH ENERGY,red
06/2022,03:11:04,AIR,AIR,APPROACH,3545,6754,7000.0,22.0,198,224,139.81,0.336,104,-180.0,0,-15.875492,-48.104591,-48.111901,-15.877013999999999,0.07,4.0,11.0,10.6,6.6,17.2,1103.3,7070.70664,21.5,1.0226,1.0998,133.3,0,10.9,2.5,13.4,10.7,16.1,0,1,HIGH ENERGY,red
06/2022,03:11:05,AIR,AIR,APPROACH,3523,6732,6978.0,22.0,198,224,139.81,0.338,104,-72.77,0,-15.874927,-48.103527,-48.110837000000004,-15.876449,0.07,4.1,10.9,10.5,6.6,17.1,1093.3,7037.898639999999,21.5,1.0226,1.0998,133.3,0,10.8,2.5,13.3,10.6,16.0,0,1,HIGH ENERGY,red
06/2022,03:11:06,AIR,AIR,APPROACH,3501,6710,6956.0,22.25,197,224,139.81,0.336,103,0.0,0,-15.87511,-48.102455,-48.109765,-15.876631999999999,0.06,4.1,10.9,10.5,6.6,17.1,1093.3,7037.898639999999,21.8,1.0236,1.1044,133.0,0,10.8,2.5,13.3,10.6,16.0,0,1,HIGH ENERGY,red
06/2022,03:11:07,AIR,AIR,APPROACH,3478,6687,6933.0,22.25,200,223,139.81,0.34,103,-72.77,0,-15.875294,-48.101387,-48.10869700000001,-15.876816,0.06,4.2,10.8,10.4,6.6,17.0,1083.2,7004.76256,21.7,1.0233,1.103,133.1,0,10.7,2.5,13.2,10.6,15.8,0,1,HIGH ENERGY,red
06/2022,03:11:08,AIR,AIR,APPROACH,3457,6666,6911.0,22.25,201,223,139.81,0.34,103,-180.0,0,-15.875402,-48.100323,-48.10763300000001,-15.876923999999999,0.06,4.2,10.8,10.3,6.6,16.9,1083.2,7004.76256,21.7,1.0233,1.103,133.1,0,10.7,2.5,13.2,10.6,15.8,0,1,HIGH ENERGY,red
06/2022,03:11:09,AIR,AIR,APPROACH,3434,6643,6889.0,22.25,200,223,139.81,0.34,103,-72.77,0,-15.875509,-48.099251,-48.106561000000006,-15.877030999999999,0.06,4.3,10.7,10.3,6.6,16.9,1073.2,6971.95456,21.7,1.0233,1.103,133.1,0,10.6,2.5,13.1,10.5,15.7,0,1,HIGH ENERGY,red
06/2022,03:11:10,AIR,AIR,APPROACH,3412,6621,6867.0,22.25,200,222,139.81,0.34,103,0.0,0,-15.875617,-48.098186,-48.105496,-15.877139,0.06,4.4,10.6,10.2,6.5,16.7,1063.2,6939.14656,21.7,1.0233,1.103,133.1,0,10.5,2.5,13.0,10.4,15.6,0,1,HIGH ENERGY,red
06/2022,03:11:11,AIR,AIR,APPROACH,3391,6600,6846.0,22.5,200,222,139.81,0.34,103,-72.77,0,-15.875723,-48.097118,-48.104428000000006,-15.877245,0.06,4.4,10.6,10.1,6.5,16.6,1063.2,6939.14656,22.0,1.0243,1.1076,132.8,0,10.5,2.5,13.0,10.4,15.6,0,1,HIGH ENERGY,red
06/2022,03:11:12,AIR,AIR,APPROACH,3369,6578,6824.0,22.5,200,222,139.81,0.338,103,-180.0,0,-15.875426,-48.095932,-48.103242,-15.876947999999999,0.07,4.5,10.5,10.1,6.5,16.6,1053.2,6906.33856,22.0,1.0243,1.1076,132.8,0,10.4,2.5,12.9,10.3,15.5,0,1,HIGH ENERGY,red
06/2022,03:11:13,AIR,AIR,APPROACH,3346,6555,6800.0,22.5,200,222,139.81,0.338,102,-72.77,0,-15.875128,-48.094982,-48.102292000000006,-15.87665,0.06,4.5,10.5,10.0,6.5,16.5,1053.2,6906.33856,22.0,1.0243,1.1076,132.8,0,10.4,2.5,12.9,10.3,15.5,0,1,HIGH ENERGY,red
06/2022,03:11:14,AIR,AIR,APPROACH,3323,6532,6778.0,22.5,200,221,139.81,0.338,102,0.0,0,-15.874831,-48.093914,-48.101224,-15.876353,0.06,4.6,10.4,9.9,6.5,16.4,1043.1,6873.20248,22.0,1.0243,1.1076,132.8,0,10.3,2.5,12.8,10.2,15.4,0,1,HIGH ENERGY,red
06/2022,03:11:15,AIR,AIR,APPROACH,3301,6510,6755.0,22.5,200,221,139.81,0.338,101,-72.77,0,-15.874532,-48.092846,-48.100156000000005,-15.876054,0.06,4.7,10.3,9.9,6.5,16.4,1033.1,6840.39448,22.0,1.0243,1.1076,132.8,0,10.2,2.5,12.7,10.2,15.2,0,1,HIGH ENERGY,red
06/2022,03:11:16,AIR,AIR,APPROACH,3279,6488,6735.0,22.5,200,221,139.81,0.34,101,-180.0,0,-15.874235,-48.091778,-48.099088,-15.875757,0.06,4.7,10.3,9.8,6.5,16.3,1033.1,6840.39448,22.0,1.0243,1.1076,132.8,0,10.2,2.5,12.7,10.2,15.2,0,1,HIGH ENERGY,red
06/2022,03:11:17,AIR,AIR,APPROACH,3258,6467,6713.0,22.5,200,220,139.81,0.34,101,-72.77,0,-15.87434,-48.09071,-48.098020000000005,-15.875862,0.06,4.8,10.2,9.7,6.4,16.1,1023.1,6807.58648,22.0,1.0243,1.1076,132.8,0,10.1,2.5,12.6,10.1,15.1,0,1,HIGH ENERGY,red
06/2022,03:11:18,AIR,AIR,APPROACH,3234,6443,6689.0,22.5,201,220,139.81,0.34,101,0.0,0,-15.874445,-48.089642,-48.096952,-15.875967,0.06,4.8,10.2,9.7,6.4,16.1,1023.1,6807.58648,22.0,1.0243,1.1076,132.8,0,10.1,2.5,12.6,10.1,15.1,0,1,HIGH ENERGY,red
06/2022,03:11:19,AIR,AIR,APPROACH,3210,6419,6664.0,22.5,201,220,139.81,0.34,102,-72.77,0,-15.87455,-48.088573,-48.095883,-15.876071999999999,0.06,4.9,10.1,9.6,6.4,16.0,1013.0,6774.4504,22.0,1.0243,1.1076,132.8,0,10.0,2.5,12.5,10.0,15.0,0,1,HIGH ENERGY,red
06/2022,03:11:20,AIR,AIR,APPROACH,3186,6395,6641.0,22.5,202,220,139.81,0.342,102,-180.0,0,-15.874655,-48.087505,-48.094815000000004,-15.876177,0.06,5.0,10.0,9.5,6.4,15.9,1003.0,6741.642400000001,22.0,1.0243,1.1076,132.8,0,9.9,2.5,12.4,9.9,14.9,0,1,HIGH ENERGY,red
06/2022,03:11:21,AIR,AIR,APPROACH,3164,6373,6619.0,22.5,203,220,139.81,0.342,102,-72.77,0,-15.874433,-48.086475,-48.093785000000004,-15.875955,0.06,5.0,10.0,9.5,6.4,15.9,1003.0,6741.642400000001,22.0,1.0243,1.1076,132.8,0,9.9,2.5,12.4,9.9,14.9,0,1,HIGH ENERGY,red
06/2022,03:11:22,AIR,AIR,APPROACH,3151,6360,6606.0,22.5,203,219,139.81,0.344,102,0.0,0,-15.874211,-48.085522,-48.092832,-15.875733,0.06,5.1,9.9,9.4,6.3,15.7,993.0,6708.8344,22.0,1.0243,1.1076,132.8,0,9.8,2.5,12.3,9.8,14.8,0,1,HIGH ENERGY,red
06/2022,03:11:23,AIR,AIR,APPROACH,3127,6336,6581.0,22.5,203,219,139.81,0.342,102,-72.77,0,-15.873989,-48.084454,-48.091764000000005,-15.875511,0.06,5.1,9.9,9.4,6.3,15.7,993.0,6708.8344,22.0,1.0243,1.1076,132.8,0,9.8,2.5,12.3,9.8,14.8,0,1,HIGH ENERGY,red
06/2022,03:11:24,AIR,AIR,APPROACH,3102,6311,6558.0,22.5,202,217,139.81,0.34,102,-180.0,0,-15.873691,-48.083385,-48.090695000000004,-15.875213,0.06,5.2,9.8,9.3,6.2,15.5,982.9,6675.6983199999995,22.0,1.0243,1.1076,132.8,0,9.7,2.5,12.2,9.8,14.6,0,1,HIGH ENERGY,red
06/2022,03:11:25,AIR,AIR,APPROACH,3083,6292,6537.0,22.25,201,216,139.81,0.34,102,-72.77,0,-15.873392,-48.082359,-48.089669,-15.874914,0.06,5.3,9.7,9.2,6.2,15.4,972.9,6642.89032,21.7,1.0233,1.103,133.1,0,9.6,2.5,12.1,9.7,14.5,0,1,HIGH ENERGY,red
06/2022,03:11:26,AIR,AIR,APPROACH,3061,6270,6516.0,22.25,201,215,139.81,0.338,102,0.0,0,-15.873495,-48.081406,-48.088716000000005,-15.875017,0.06,5.3,9.7,9.2,6.1,15.3,972.9,6642.89032,21.8,1.0236,1.1044,133.0,0,9.6,2.5,12.1,9.7,14.5,0,1,HIGH ENERGY,red
06/2022,03:11:27,AIR,AIR,APPROACH,3039,6248,6494.0,22.25,200,214,139.81,0.338,102,-72.77,0,-15.873597,-48.080334,-48.087644000000004,-15.875119,0.06,5.4,9.6,9.1,6.1,15.2,962.9,6610.0823199999995,21.8,1.0236,1.1044,133.0,0,9.5,2.5,12.0,9.6,14.4,0,1,HIGH ENERGY,red
06/2022,03:11:28,AIR,AIR,APPROACH,3018,6227,6473.0,22.25,199,213,139.81,0.336,102,-180.0,0,-15.873448,-48.079266,-48.086576,-15.87497,0.06,5.4,9.6,9.0,6.0,15.0,962.9,6610.0823199999995,21.8,1.0236,1.1044,133.0,0,9.5,2.5,12.0,9.6,14.4,0,1,HIGH ENERGY,red
06/2022,03:11:29,AIR,AIR,APPROACH,2997,6206,6452.0,22.25,198,213,139.81,0.334,102,-72.77,0,-15.873299,-48.078243,-48.085553000000004,-15.874820999999999,0.06,5.5,9.5,9.0,6.0,15.0,952.9,6577.27432,21.8,1.0236,1.1044,133.0,0,9.4,2.5,11.9,9.5,14.3,0,1,HIGH ENERGY,red
06/2022,03:11:30,AIR,AIR,APPROACH,2975,6184,6430.0,22.0,197,211,139.81,0.332,102,0.0,0,-15.873149,-48.077286,-48.084596000000005,-15.874671,0.06,5.6,9.4,8.9,5.9,14.8,942.8,6544.13824,21.5,1.0226,1.0998,133.3,0,9.3,2.5,11.8,9.4,14.2,0,1,HIGH ENERGY,red
06/2022,03:11:31,AIR,AIR,APPROACH,2953,6162,6408.0,22.0,197,211,139.81,0.332,102,-72.77,0,-15.872997,-48.076218,-48.083528,-15.874519,0.06,5.6,9.4,8.8,5.9,14.7,942.8,6544.13824,21.5,1.0226,1.0998,133.3,0,9.3,2.5,11.8,9.4,14.2,0,1,HIGH ENERGY,red
06/2022,03:11:32,AIR,AIR,APPROACH,2930,6139,6385.0,22.0,196,210,139.81,0.33,102,-180.0,0,-15.872845,-48.07515,-48.082460000000005,-15.874367,0.06,5.7,9.3,8.8,5.8,14.6,932.8,6511.330239999999,21.5,1.0226,1.0998,133.3,0,9.2,2.5,11.7,9.4,14.0,0,1,HIGH ENERGY,red
06/2022,03:11:33,AIR,AIR,APPROACH,2908,6117,6363.0,22.0,196,209,139.81,0.33,102,-72.77,0,-15.872943,-48.074127,-48.081437,-15.874464999999999,0.06,5.7,9.3,8.7,5.8,14.5,932.8,6511.330239999999,21.5,1.0226,1.0998,133.3,0,9.2,2.5,11.7,9.4,14.0,0,1,HIGH ENERGY,red
06/2022,03:11:34,AIR,AIR,APPROACH,2886,6095,6342.0,22.0,196,208,139.81,0.33,102,0.0,0,-15.873041,-48.073166,-48.080476000000004,-15.874563,0.06,5.8,9.2,8.6,5.7,14.3,922.8,6478.52224,21.5,1.0226,1.0998,133.3,0,9.1,2.5,11.6,9.3,13.9,0,1,HIGH ENERGY,red
06/2022,03:11:35,AIR,AIR,APPROACH,2864,6073,6319.0,22.0,195,207,139.81,0.328,102,-72.77,0,-15.873136,-48.072098,-48.079408,-15.874658,0.06,5.9,9.1,8.6,5.7,14.3,912.7,6445.38616,21.5,1.0226,1.0998,133.3,0,9.0,2.5,11.5,9.2,13.8,0,1,HIGH ENERGY,red
06/2022,03:11:36,AIR,AIR,APPROACH,2843,6052,6298.0,22.0,194,206,139.81,0.326,102,-180.0,0,-15.873232,-48.071182,-48.078492000000004,-15.874754,0.05,5.9,9.1,8.5,5.6,14.1,912.7,6445.38616,21.5,1.0226,1.0998,133.3,0,9.0,2.5,11.5,9.2,13.8,0,1,HIGH ENERGY,red
06/2022,03:11:37,AIR,AIR,APPROACH,2824,6033,6278.0,22.0,194,205,139.81,0.326,103,-72.77,0,-15.873016,-48.070164,-48.077474,-15.874538,0.06,6.0,9.0,8.4,5.6,14.0,902.7,6412.578160000001,21.5,1.0226,1.0998,133.3,0,8.9,2.5,11.4,9.1,13.7,0,1,HIGH ENERGY,red
06/2022,03:11:38,AIR,AIR,APPROACH,2807,6016,6262.0,21.75,193,204,139.81,0.324,103,0.0,0,-15.872799,-48.069199,-48.076509,-15.874321,0.06,6.0,9.0,8.4,5.5,13.9,902.7,6412.578160000001,21.3,1.0219,1.0966,133.5,0,8.9,2.5,11.4,9.1,13.7,0,1,HIGH ENERGY,red
06/2022,03:11:39,AIR,AIR,APPROACH,2791,6000,6247.0,21.75,192,203,139.81,0.322,103,-72.77,0,-15.872583,-48.068283,-48.075593000000005,-15.874105,0.05,6.1,8.9,8.3,5.5,13.8,892.7,6379.77016,21.3,1.0219,1.0966,133.5,0,8.8,2.5,11.3,9.0,13.6,0,1,HIGH ENERGY,red
06/2022,03:11:40,AIR,AIR,APPROACH,2775,5984,6229.0,21.75,191,202,139.81,0.322,102,-180.0,0,-15.872365,-48.067268,-48.074578,-15.873887,0.06,6.1,8.9,8.3,5.4,13.7,892.7,6379.77016,21.3,1.0219,1.0966,133.5,0,8.8,2.5,11.3,9.0,13.6,0,1,HIGH ENERGY,red
06/2022,03:11:41,AIR,AIR,APPROACH,2757,5966,6212.0,21.75,190,201,139.81,0.32,102,-72.77,0,-15.872069,-48.066353,-48.073663,-15.873591,0.06,6.2,8.8,8.2,5.3,13.5,882.6,6346.63408,21.3,1.0219,1.0966,133.5,0,8.7,2.5,11.2,9.0,13.4,0,1,HIGH ENERGY,red
06/2022,03:11:42,AIR,AIR,APPROACH,2738,5947,6194.0,21.75,191,200,139.81,0.32,102,0.0,0,-15.87216,-48.065388,-48.072698,-15.873681999999999,0.06,6.3,8.7,8.2,5.3,13.5,872.6,6313.826080000001,21.3,1.0219,1.0966,133.5,0,8.6,2.5,11.1,8.9,13.3,0,1,HIGH ENERGY,red
06/2022,03:11:43,AIR,AIR,APPROACH,2721,5930,6177.0,21.75,190,199,139.81,0.318,102,-72.77,0,-15.872249,-48.064373,-48.07168300000001,-15.873771,0.06,6.3,8.7,8.1,5.2,13.3,872.6,6313.826080000001,21.3,1.0219,1.0966,133.5,0,8.6,2.5,11.1,8.9,13.3,0,0,ON PATH,blue
06/2022,03:11:44,AIR,AIR,APPROACH,2703,5912,6158.0,21.75,189,198,139.81,0.318,102,-180.0,0,-15.872339,-48.063457,-48.070767000000004,-15.873861,0.05,6.4,8.6,8.1,5.2,13.3,862.6,6281.01808,21.3,1.0219,1.0966,133.5,0,8.5,2.5,11.0,8.8,13.2,0,1,HIGH ENERGY,red
06/2022,03:11:45,AIR,AIR,APPROACH,2683,5892,6139.0,21.75,189,197,139.81,0.316,102,-72.77,0,-15.872161,-48.062489,-48.069799,-15.873683,0.06,6.4,8.6,8.0,5.1,13.1,862.6,6281.01808,21.3,1.0219,1.0966,133.5,0,8.5,2.5,11.0,8.8,13.2,0,0,ON PATH,blue
06/2022,03:11:46,AIR,AIR,APPROACH,2662,5871,6116.0,21.75,188,197,139.81,0.316,102,0.0,0,-15.871984,-48.061573,-48.06888300000001,-15.873505999999999,0.05,6.5,8.5,8.0,5.1,13.1,852.6,6248.210080000001,21.3,1.0219,1.0966,133.5,0,8.4,2.5,10.9,8.7,13.1,0,0,ON PATH,blue
06/2022,03:11:47,AIR,AIR,APPROACH,2640,5849,6095.0,21.75,188,196,139.81,0.314,103,-72.77,0,-15.871806,-48.060562,-48.067872,-15.873327999999999,0.06,6.5,8.5,7.9,5.1,13.0,852.6,6248.210080000001,21.3,1.0219,1.0966,133.5,0,8.4,2.5,10.9,8.7,13.1,0,0,ON PATH,blue
06/2022,03:11:48,AIR,AIR,APPROACH,2617,5826,6072.0,21.75,187,195,139.81,0.314,103,-180.0,0,-15.871626,-48.059589,-48.06689900000001,-15.873147999999999,0.06,6.6,8.4,7.8,5.0,12.8,842.5,6215.0740000000005,21.3,1.0219,1.0966,133.5,0,8.3,2.5,10.8,8.6,13.0,0,0,ON PATH,blue
06/2022,03:11:49,AIR,AIR,APPROACH,2593,5802,6048.0,21.75,187,195,139.81,0.312,103,-72.77,0,-15.871448,-48.058674,-48.06598400000001,-15.872969999999999,0.05,6.7,8.3,7.8,5.0,12.8,832.5,6182.266,21.3,1.0219,1.0966,133.5,0,8.2,2.5,10.7,8.6,12.8,0,0,ON PATH,blue
06/2022,03:11:50,AIR,AIR,APPROACH,2570,5779,6024.0,21.75,186,194,139.81,0.312,103,0.0,0,-15.871532,-48.057663,-48.064973,-15.873054,0.06,6.7,8.3,7.7,5.0,12.7,832.5,6182.266,21.3,1.0219,1.0966,133.5,0,8.2,2.5,10.7,8.6,12.8,0,0,ON PATH,blue
06/2022,03:11:51,AIR,AIR,APPROACH,2545,5754,6000.0,21.75,186,194,139.81,0.312,103,-72.77,0,-15.871616,-48.056747,-48.064057000000005,-15.873137999999999,0.05,6.8,8.2,7.6,5.0,12.6,822.5,6149.4580000000005,21.3,1.0219,1.0966,133.5,0,8.1,2.5,10.6,8.5,12.7,0,0,ON PATH,blue
06/2022,03:11:52,AIR,AIR,APPROACH,2521,5730,5975.0,21.75,186,193,139.81,0.31,103,-180.0,0,-15.8717,-48.055931,-48.063241000000005,-15.873222,0.05,6.8,8.2,7.5,4.9,12.4,822.5,6149.4580000000005,21.3,1.0219,1.0966,133.5,0,8.1,2.5,10.6,8.5,12.7,0,0,ON PATH,blue
06/2022,03:11:53,AIR,AIR,APPROACH,2497,5706,5951.0,21.75,185,193,139.81,0.31,103,-72.77,0,-15.871784,-48.054916,-48.062226,-15.873306,0.06,6.9,8.1,7.5,4.9,12.4,812.4,6116.32192,21.3,1.0219,1.0966,133.5,0,8.0,2.5,10.5,8.4,12.6,0,0,ON PATH,blue
06/2022,03:11:54,AIR,AIR,APPROACH,2472,5681,5927.0,21.75,185,192,139.81,0.31,102,0.0,0,-15.871578,-48.054001,-48.061311,-15.873099999999999,0.05,6.9,8.1,7.4,4.9,12.3,812.4,6116.32192,21.3,1.0219,1.0966,133.5,0,8.0,2.5,10.5,8.4,12.6,0,0,ON PATH,blue
06/2022,03:11:55,AIR,AIR,APPROACH,2447,5656,5901.0,22.0,185,192,139.81,0.308,102,-72.77,0,-15.871372,-48.053185,-48.060495,-15.872893999999999,0.05,7.0,8.0,7.3,4.9,12.2,802.4,6083.513919999999,21.6,1.0229,1.1012,133.2,0,7.9,2.5,10.4,8.3,12.5,0,0,ON PATH,blue
06/2022,03:11:56,AIR,AIR,APPROACH,2421,5630,5876.0,22.0,185,192,139.81,0.308,103,-180.0,0,-15.871166,-48.05217,-48.05948,-15.872688,0.06,7.0,8.0,7.2,4.9,12.1,802.4,6083.513919999999,21.6,1.0229,1.1012,133.2,0,7.9,2.5,10.4,8.3,12.5,0,0,ON PATH,blue
06/2022,03:11:57,AIR,AIR,APPROACH,2396,5605,5850.0,22.0,184,191,139.81,0.308,103,-72.77,0,-15.87096,-48.051254,-48.058564000000004,-15.872482,0.05,7.1,7.9,7.2,4.8,12.0,792.4,6050.70592,21.6,1.0229,1.1012,133.2,0,7.8,2.5,10.3,8.2,12.4,0,0,ON PATH,blue
06/2022,03:11:58,AIR,AIR,APPROACH,2370,5579,5825.0,22.0,185,191,139.81,0.308,103,0.0,0,-15.870753,-48.050438,-48.057748000000004,-15.872275,0.05,7.1,7.9,7.1,4.8,11.9,792.4,6050.70592,21.6,1.0229,1.1012,133.2,0,7.8,2.5,10.3,8.2,12.4,0,0,ON PATH,blue
06/2022,03:11:59,AIR,AIR,APPROACH,2345,5554,5800.0,22.0,184,190,139.81,0.308,104,-72.77,0,-15.87091,-48.049427,-48.056737000000005,-15.872432,0.06,7.2,7.8,7.0,4.8,11.8,782.3,6017.56984,21.6,1.0229,1.1012,133.2,0,7.7,2.5,10.2,8.2,12.2,0,0,ON PATH,blue
06/2022,03:12:00,AIR,AIR,APPROACH,2320,5529,5774.0,22.0,185,190,139.81,0.308,104,-180.0,0,-15.871067,-48.048512,-48.055822000000006,-15.872589,0.05,7.2,7.8,6.9,4.8,11.7,782.3,6017.56984,21.6,1.0229,1.1012,133.2,0,7.7,2.5,10.2,8.2,12.2,0,0,ON PATH,blue
06/2022,03:12:01,AIR,AIR,APPROACH,2294,5503,5749.0,22.25,184,189,139.81,0.306,104,-72.77,0,-15.871148,-48.047695,-48.055005,-15.87267,0.05,7.3,7.7,6.9,4.7,11.6,772.3,5984.76184,21.8,1.0236,1.1044,133.0,0,7.6,2.5,10.1,8.1,12.1,0,0,ON PATH,blue
06/2022,03:12:02,AIR,AIR,APPROACH,2269,5478,5723.0,22.25,184,189,139.81,0.306,105,0.0,0,-15.871228,-48.04668,-48.053990000000006,-15.87275,0.06,7.4,7.6,6.8,4.7,11.5,762.3,5951.95384,21.8,1.0236,1.1044,133.0,0,7.5,2.5,10.0,8.0,12.0,0,0,ON PATH,blue
06/2022,03:12:03,AIR,AIR,APPROACH,2243,5452,5698.0,22.25,184,189,139.81,0.306,105,-72.77,0,-15.871308,-48.045765,-48.05307500000001,-15.87283,0.05,7.4,7.6,6.7,4.7,11.4,762.3,5951.95384,21.8,1.0236,1.1044,133.0,0,7.5,2.5,10.0,8.0,12.0,0,0,ON PATH,blue
06/2022,03:12:04,AIR,AIR,APPROACH,2218,5427,5672.0,22.25,184,189,139.81,0.306,105,-180.0,0,-15.871387,-48.044949,-48.05225900000001,-15.872909,0.05,7.5,7.5,6.6,4.7,11.3,752.3,5919.14584,21.8,1.0236,1.1044,133.0,0,7.4,2.5,9.9,7.9,11.9,0,0,ON PATH,blue
06/2022,03:12:05,AIR,AIR,APPROACH,2193,5402,5648.0,22.25,184,188,139.81,0.306,105,-72.77,0,-15.871122,-48.043938,-48.051248,-15.872644,0.06,7.5,7.5,6.6,4.7,11.3,752.3,5919.14584,21.8,1.0236,1.1044,133.0,0,7.4,2.5,9.9,7.9,11.9,0,0,ON PATH,blue
06/2022,03:12:06,AIR,AIR,APPROACH,2168,5377,5624.0,22.25,185,188,139.81,0.306,104,0.0,0,-15.870857,-48.043022,-48.050332000000004,-15.872379,0.06,7.6,7.4,6.5,4.7,11.2,742.2,5886.009760000001,21.8,1.0236,1.1044,133.0,0,7.3,2.5,9.8,7.8,11.8,0,0,ON PATH,blue
06/2022,03:12:07,AIR,AIR,APPROACH,2144,5353,5599.0,22.5,184,187,132.33,0.306,104,-72.77,0,-15.870592,-48.042202,-48.04951200000001,-15.872114,0.05,7.6,7.4,6.4,4.6,11.0,742.2,5886.009760000001,22.1,1.0246,1.109,125.7,0,7.3,2.3,9.6,7.7,11.5,0,0,ON PATH,blue
06/2022,03:12:08,AIR,AIR,APPROACH,2120,5329,5575.0,22.5,184,187,132.33,0.306,103,-180.0,0,-15.870326,-48.041191,-48.048501,-15.871848,0.06,7.7,7.3,6.3,4.6,10.9,732.2,5853.20176,22.1,1.0246,1.109,125.7,0,7.2,2.3,9.5,7.6,11.4,0,0,ON PATH,blue
06/2022,03:12:09,AIR,AIR,APPROACH,2097,5306,5551.0,22.5,184,186,132.33,0.306,103,-72.77,0,-15.87006,-48.040276,-48.047586,-15.871582,0.06,7.7,7.3,6.3,4.6,10.9,732.2,5853.20176,22.1,1.0246,1.109,125.7,0,7.2,2.3,9.5,7.6,11.4,0,0,ON PATH,blue
06/2022,03:12:10,AIR,AIR,FINAL APPROACH,2074,5283,5529.0,22.5,183,185,123.93,0.304,103,0.0,0,-15.870213,-48.039455,-48.046765,-15.871735,0.05,7.8,7.2,6.2,4.5,10.7,722.2,5820.393760000001,22.1,1.0246,1.109,117.7,0,7.1,2.0,9.1,7.3,10.9,0,0,ON PATH,blue
06/2022,03:12:11,AIR,AIR,FINAL APPROACH,2054,5263,5509.0,22.25,183,184,123.93,0.304,103,-72.77,0,-15.87029,-48.038445,-48.04575500000001,-15.871812,0.06,7.9,7.1,6.1,4.5,10.6,712.1,5787.257680000001,21.8,1.0236,1.1044,117.9,0,7.0,2.0,9.0,7.2,10.8,0,0,ON PATH,blue
06/2022,03:12:12,AIR,AIR,FINAL APPROACH,2033,5242,5488.0,22.25,182,183,123.93,0.302,103,-180.0,0,-15.870367,-48.037682,-48.044992,-15.871889,0.04,7.9,7.1,6.1,4.4,10.5,712.1,5787.257680000001,21.9,1.0239,1.1057,117.9,0,7.0,2.0,9.0,7.2,10.8,0,0,ON PATH,blue
06/2022,03:12:13,AIR,AIR,FINAL APPROACH,2013,5222,5467.0,22.25,181,182,123.93,0.3,104,-72.77,0,-15.870442,-48.036861,-48.044171000000006,-15.871964,0.05,7.9,7.1,6.0,4.4,10.4,712.1,5787.257680000001,21.9,1.0239,1.1057,117.9,0,7.0,2.0,9.0,7.2,10.8,0,0,ON PATH,blue
06/2022,03:12:14,AIR,AIR,FINAL APPROACH,1992,5201,5446.0,22.25,181,181,123.93,0.3,104,0.0,0,-15.870517,-48.035854,-48.043164000000004,-15.872039,0.06,8.0,7.0,6.0,4.3,10.3,702.1,5754.44968,21.9,1.0239,1.1057,117.9,0,6.9,2.0,8.9,7.1,10.7,0,0,ON PATH,blue
06/2022,03:12:15,AIR,AIR,FINAL APPROACH,1971,5180,5426.0,22.25,180,180,123.93,0.298,104,-72.77,0,-15.870287,-48.035091,-48.042401000000005,-15.871808999999999,0.05,8.1,6.9,5.9,4.3,10.2,692.1,5721.641680000001,21.9,1.0239,1.1057,117.9,0,6.8,2.0,8.8,7.0,10.6,0,0,ON PATH,blue
06/2022,03:12:16,AIR,AIR,FINAL APPROACH,1951,5160,5405.0,22.25,179,179,123.93,0.296,104,-180.0,0,-15.870056,-48.03418,-48.04149,-15.871578,0.05,8.1,6.9,5.8,4.2,10.0,692.1,5721.641680000001,21.9,1.0239,1.1057,117.9,0,6.8,2.0,8.8,7.0,10.6,0,0,ON PATH,blue
06/2022,03:12:17,AIR,AIR,FINAL APPROACH,1930,5139,5385.0,22.25,178,178,123.93,0.296,104,-72.77,0,-15.869824,-48.033264,-48.04057400000001,-15.871345999999999,0.05,8.2,6.8,5.8,4.2,10.0,682.0,5688.5056,21.9,1.0239,1.1057,117.9,0,6.7,2.0,8.7,7.0,10.4,0,0,ON PATH,blue
06/2022,03:12:18,AIR,AIR,FINAL APPROACH,1910,5119,5364.0,22.25,178,177,123.93,0.294,104,0.0,0,-15.869591,-48.032501,-48.03981100000001,-15.871113,0.05,8.2,6.8,5.7,4.1,9.8,682.0,5688.5056,21.9,1.0239,1.1057,117.9,0,6.7,2.0,8.7,7.0,10.4,0,0,ON PATH,blue
06/2022,03:12:19,AIR,AIR,FINAL APPROACH,1890,5099,5345.0,22.25,177,176,123.93,0.292,104,-72.77,0,-15.869358,-48.031586,-48.038896,-15.87088,0.05,8.3,6.7,5.7,4.1,9.8,672.0,5655.6975999999995,21.9,1.0239,1.1057,117.9,0,6.6,2.0,8.6,6.9,10.3,0,0,ON PATH,blue
06/2022,03:12:20,AIR,AIR,FINAL APPROACH,1871,5080,5326.0,22.25,176,175,123.93,0.292,104,-180.0,0,-15.869504,-48.030823,-48.038133,-15.871025999999999,0.04,8.3,6.7,5.6,4.1,9.7,672.0,5655.6975999999995,21.9,1.0239,1.1057,117.9,0,6.6,2.0,8.6,6.9,10.3,0,0,ON PATH,blue
06/2022,03:12:21,AIR,AIR,FINAL APPROACH,1853,5062,5308.0,22.25,175,175,123.93,0.29,104,-72.77,0,-15.869649,-48.030003,-48.037313000000005,-15.871171,0.05,8.3,6.7,5.5,4.1,9.6,672.0,5655.6975999999995,21.9,1.0239,1.1057,117.9,0,6.6,2.0,8.6,6.9,10.3,0,0,ON PATH,blue
06/2022,03:12:22,AIR,AIR,FINAL APPROACH,1836,5045,5291.0,22.25,175,173,123.93,0.288,104,0.0,0,-15.869794,-48.028999,-48.036309,-15.871316,0.06,8.4,6.6,5.5,4.0,9.5,662.0,5622.8896,21.9,1.0239,1.1057,117.9,0,6.5,2.0,8.5,6.8,10.2,0,0,ON PATH,blue
06/2022,03:12:23,AIR,AIR,FINAL APPROACH,1818,5027,5274.0,22.25,174,173,123.93,0.286,104,-72.77,0,-15.869862,-48.028233,-48.035543000000004,-15.871383999999999,0.04,8.4,6.6,5.4,4.0,9.4,662.0,5622.8896,21.9,1.0239,1.1057,117.9,0,6.5,2.0,8.5,6.8,10.2,0,0,ON PATH,blue
06/2022,03:12:24,AIR,AIR,FINAL APPROACH,1802,5011,5257.0,22.25,173,171,123.93,0.286,104,-180.0,0,-15.86993,-48.027321,-48.034631000000005,-15.871452,0.05,8.5,6.5,5.4,3.9,9.3,652.0,5590.0815999999995,21.9,1.0239,1.1057,117.9,0,6.4,2.0,8.4,6.7,10.1,0,0,ON PATH,blue
06/2022,03:12:25,AIR,AIR,FINAL APPROACH,1785,4994,5239.0,22.25,172,170,123.93,0.284,104,-72.77,0,-15.869996,-48.026558,-48.033868000000005,-15.871518,0.04,8.5,6.5,5.3,3.8,9.1,652.0,5590.0815999999995,21.9,1.0239,1.1057,117.9,0,6.4,2.0,8.4,6.7,10.1,0,0,ON PATH,blue
06/2022,03:12:26,AIR,AIR,FINAL APPROACH,1768,4977,5223.0,22.25,171,169,123.93,0.282,103,0.0,0,-15.87006,-48.025795,-48.033105000000006,-15.871582,0.04,8.6,6.4,5.3,3.8,9.1,641.9,5556.94552,21.9,1.0239,1.1057,117.9,0,6.3,2.0,8.3,6.6,10.0,0,0,ON PATH,blue
06/2022,03:12:27,AIR,AIR,FINAL APPROACH,1752,4961,5208.0,22.25,170,169,123.93,0.28,103,-72.77,0,-15.86978,-48.025036,-48.032346000000004,-15.871302,0.05,8.6,6.4,5.2,3.8,9.0,641.9,5556.94552,21.9,1.0239,1.1057,117.9,0,6.3,2.0,8.3,6.6,10.0,0,0,ON PATH,blue
06/2022,03:12:28,AIR,AIR,FINAL APPROACH,1737,4946,5193.0,22.25,169,167,123.93,0.278,103,-180.0,0,-15.8695,-48.024273,-48.031583000000005,-15.871022,0.05,8.7,6.3,5.2,3.7,8.9,631.9,5524.13752,21.9,1.0239,1.1057,117.9,0,6.2,2.0,8.2,6.6,9.8,0,0,ON PATH,blue
06/2022,03:12:29,AIR,AIR,FINAL APPROACH,1722,4931,5178.0,22.25,168,166,117.83,0.278,103,-72.77,0,-15.869218,-48.023361,-48.030671000000005,-15.87074,0.06,8.7,6.3,5.1,3.6,8.7,631.9,5524.13752,21.9,1.0239,1.1057,112.1,0,6.2,1.8,8.0,6.4,9.6,0,0,ON PATH,blue
06/2022,03:12:30,AIR,AIR,FINAL APPROACH,1708,4917,5164.0,22.25,167,165,117.83,0.276,103,0.0,0,-15.868936,-48.022598,-48.029908000000006,-15.870458,0.05,8.8,6.2,5.1,3.6,8.7,621.9,5491.32952,21.9,1.0239,1.1057,112.1,0,6.1,1.8,7.9,6.3,9.5,0,0,ON PATH,blue
06/2022,03:12:31,AIR,AIR,FINAL APPROACH,1697,4906,5153.0,22.25,166,164,117.83,0.272,103,-72.77,0,-15.868652,-48.021748,-48.029058000000006,-15.870174,0.05,8.8,6.2,5.1,3.6,8.7,621.9,5491.32952,21.9,1.0239,1.1057,112.1,0,6.1,1.8,7.9,6.3,9.5,0,0,ON PATH,blue
06/2022,03:12:32,AIR,AIR,FINAL APPROACH,1684,4893,5139.0,22.25,165,163,117.83,0.272,103,-180.0,0,-15.868788,-48.021072,-48.028382,-15.87031,0.04,8.9,6.1,5.0,3.5,8.5,611.8,5458.19344,21.9,1.0239,1.1057,112.1,0,6.0,1.8,7.8,6.2,9.4,0,0,ON PATH,blue
06/2022,03:12:33,AIR,AIR,FINAL APPROACH,1670,4879,5125.0,22.0,164,161,117.83,0.268,104,-72.77,0,-15.868924,-48.020309,-48.027619,-15.870446,0.04,8.9,6.1,5.0,3.4,8.4,611.8,5458.19344,21.7,1.0233,1.103,112.2,0,6.0,1.8,7.8,6.2,9.4,0,0,ON PATH,blue
06/2022,03:12:34,AIR,AIR,FINAL APPROACH,1656,4865,5112.0,22.0,163,160,117.83,0.268,104,0.0,0,-15.868983,-48.01955,-48.026860000000006,-15.870505,0.04,9.0,6.0,5.0,3.4,8.4,601.8,5425.38544,21.7,1.0233,1.103,112.2,0,5.9,1.8,7.7,6.2,9.2,0,0,ON PATH,blue
06/2022,03:12:35,AIR,AIR,FINAL APPROACH,1643,4852,5099.0,22.0,162,159,117.83,0.266,104,-72.77,0,-15.86904,-48.018784,-48.026094,-15.870562,0.04,9.0,6.0,4.9,3.3,8.2,601.8,5425.38544,21.7,1.0233,1.103,112.2,0,5.9,1.8,7.7,6.2,9.2,0,0,ON PATH,blue
06/2022,03:12:36,AIR,AIR,FINAL APPROACH,1629,4838,5084.0,22.0,161,158,117.83,0.264,103,-180.0,0,-15.869096,-48.018024,-48.025334,-15.870618,0.04,9.0,6.0,4.9,3.3,8.2,601.8,5425.38544,21.7,1.0233,1.103,112.2,0,5.9,1.8,7.7,6.2,9.2,0,0,ON PATH,blue
06/2022,03:12:37,AIR,AIR,FINAL APPROACH,1615,4824,5070.0,22.0,160,157,117.83,0.262,104,-72.77,0,-15.869152,-48.017262,-48.024572000000006,-15.870674,0.04,9.1,5.9,4.8,3.3,8.1,591.8,5392.57744,21.7,1.0233,1.103,112.2,0,5.8,1.8,7.6,6.1,9.1,0,0,ON PATH,blue
06/2022,03:12:38,AIR,AIR,FINAL APPROACH,1602,4811,5058.0,22.0,159,156,117.83,0.26,104,0.0,0,-15.868912,-48.016422,-48.023732,-15.870434,0.05,9.1,5.9,4.8,3.2,8.0,591.8,5392.57744,21.7,1.0233,1.103,112.2,0,5.8,1.8,7.6,6.1,9.1,0,0,ON PATH,blue
06/2022,03:12:39,AIR,AIR,FINAL APPROACH,1589,4798,5044.0,22.0,158,154,117.83,0.258,104,-72.77,0,-15.868671,-48.015739,-48.02304900000001,-15.870193,0.04,9.2,5.8,4.8,3.1,7.9,581.7,5359.441360000001,21.7,1.0233,1.103,112.2,0,5.7,1.8,7.5,6.0,9.0,0,0,ON PATH,blue
06/2022,03:12:40,AIR,AIR,FINAL APPROACH,1576,4785,5032.0,22.0,157,153,117.83,0.258,104,-180.0,0,-15.86843,-48.0149,-48.02221,-15.869952,0.05,9.2,5.8,4.7,3.1,7.8,581.7,5359.441360000001,21.7,1.0233,1.103,112.2,0,5.7,1.8,7.5,6.0,9.0,0,0,ON PATH,blue
06/2022,03:12:41,AIR,AIR,FINAL APPROACH,1564,4773,5019.0,21.75,156,152,117.83,0.256,104,-72.77,0,-15.868187,-48.014214,-48.02152400000001,-15.869709,0.04,9.3,5.7,4.7,3.1,7.8,571.7,5326.63336,21.5,1.0226,1.0998,112.4,0,5.6,1.8,7.4,5.9,8.9,0,0,ON PATH,blue
06/2022,03:12:42,AIR,AIR,FINAL APPROACH,1551,4760,5007.0,21.75,155,151,117.83,0.254,104,0.0,0,-15.867944,-48.013454,-48.02076400000001,-15.869466,0.05,9.3,5.7,4.6,3.0,7.6,571.7,5326.63336,21.5,1.0226,1.0998,112.4,0,5.6,1.8,7.4,5.9,8.9,0,0,ON PATH,blue
06/2022,03:12:43,AIR,AIR,FINAL APPROACH,1538,4747,4993.0,21.75,154,150,117.83,0.252,104,-72.77,0,-15.86807,-48.012691,-48.020001,-15.869591999999999,0.04,9.3,5.7,4.6,3.0,7.6,571.7,5326.63336,21.5,1.0226,1.0998,112.4,0,5.6,1.8,7.4,5.9,8.9,0,0,ON PATH,blue
06/2022,03:12:44,AIR,AIR,FINAL APPROACH,1525,4734,4980.0,21.75,153,149,117.83,0.25,104,-180.0,0,-15.868195,-48.011932,-48.019242000000006,-15.869717,0.04,9.4,5.6,4.6,2.9,7.5,561.7,5293.825360000001,21.5,1.0226,1.0998,112.4,0,5.5,1.8,7.3,5.8,8.8,0,0,ON PATH,blue
06/2022,03:12:45,AIR,AIR,FINAL APPROACH,1512,4721,4968.0,21.75,152,148,117.83,0.25,104,-72.77,0,-15.86832,-48.011169,-48.018479000000006,-15.869842,0.04,9.4,5.6,4.5,2.9,7.4,561.7,5293.825360000001,21.5,1.0226,1.0998,112.4,0,5.5,1.8,7.3,5.8,8.8,0,0,ON PATH,blue
06/2022,03:12:46,AIR,AIR,FINAL APPROACH,1500,4709,4956.0,21.75,152,147,117.83,0.248,104,0.0,0,-15.868442,-48.010406,-48.01771600000001,-15.869964,0.04,9.5,5.5,4.5,2.9,7.4,551.7,5261.01736,21.5,1.0226,1.0998,112.4,0,5.4,1.8,7.2,5.8,8.6,0,0,ON PATH,blue
06/2022,03:12:47,AIR,AIR,FINAL APPROACH,1488,4697,4944.0,21.75,151,146,117.83,0.248,104,-72.77,0,-15.868489,-48.00972,-48.017030000000005,-15.870011,0.04,9.5,5.5,4.4,2.8,7.2,551.7,5261.01736,21.5,1.0226,1.0998,112.4,0,5.4,1.8,7.2,5.8,8.6,0,0,ON PATH,blue
06/2022,03:12:48,AIR,AIR,FINAL APPROACH,1475,4684,4931.0,21.75,150,146,117.83,0.246,104,-180.0,0,-15.868534,-48.009037,-48.016347,-15.870056,0.04,9.5,5.5,4.4,2.8,7.2,551.7,5261.01736,21.5,1.0226,1.0998,112.4,0,5.4,1.8,7.2,5.8,8.6,0,0,ON PATH,blue
06/2022,03:12:49,AIR,AIR,FINAL APPROACH,1463,4672,4919.0,21.75,149,144,117.83,0.244,104,-72.77,0,-15.868579,-48.00835,-48.015660000000004,-15.870101,0.04,9.6,5.4,4.4,2.7,7.1,541.6,5227.88128,21.5,1.0226,1.0998,112.4,0,5.3,1.8,7.1,5.7,8.5,0,0,ON PATH,blue
06/2022,03:12:50,AIR,AIR,FINAL APPROACH,1452,4661,4907.0,21.75,149,144,117.83,0.244,104,0.0,0,-15.868622,-48.007664,-48.014974,-15.870144,0.04,9.6,5.4,4.3,2.7,7.0,541.6,5227.88128,21.5,1.0226,1.0998,112.4,0,5.3,1.8,7.1,5.7,8.5,0,0,ON PATH,blue
06/2022,03:12:51,AIR,AIR,FINAL APPROACH,1440,4649,4895.0,21.75,147,142,117.81,0.242,104,-72.77,0,-15.868347,-48.006981,-48.01429100000001,-15.869869,0.04,9.7,5.3,4.3,2.7,7.0,531.6,5195.0732800000005,21.5,1.0226,1.0998,112.3,0,5.2,1.8,7.0,5.6,8.4,0,0,ON PATH,blue
06/2022,03:12:52,AIR,AIR,FINAL APPROACH,1428,4637,4884.0,21.75,146,141,114.38,0.24,104,-180.0,0,-15.86807,-48.00629,-48.013600000000004,-15.869591999999999,0.04,9.7,5.3,4.3,2.6,6.9,531.6,5195.0732800000005,21.5,1.0226,1.0998,109.1,0,5.2,1.7,6.9,5.5,8.3,0,0,ON PATH,blue
06/2022,03:12:53,AIR,AIR,FINAL APPROACH,1418,4627,4874.0,21.75,145,140,114.38,0.236,104,-72.77,0,-15.867794,-48.005608,-48.012918000000006,-15.869316,0.04,9.7,5.3,4.2,2.6,6.8,531.6,5195.0732800000005,21.5,1.0226,1.0998,109.1,0,5.2,1.7,6.9,5.5,8.3,0,0,ON PATH,blue
06/2022,03:12:54,AIR,AIR,FINAL APPROACH,1408,4617,4864.0,21.5,144,139,114.38,0.236,104,0.0,0,-15.867514,-48.004925,-48.012235000000004,-15.869036,0.04,9.8,5.2,4.2,2.6,6.8,521.6,5162.26528,21.3,1.0219,1.0966,109.2,0,5.1,1.7,6.8,5.4,8.2,0,0,ON PATH,blue
06/2022,03:12:55,AIR,AIR,FINAL APPROACH,1397,4606,4852.0,21.5,143,137,114.38,0.234,104,-72.77,0,-15.867236,-48.004242,-48.011552,-15.868758,0.04,9.8,5.2,4.2,2.5,6.7,521.6,5162.26528,21.3,1.0219,1.0966,109.2,0,5.1,1.7,6.8,5.4,8.2,0,0,ON PATH,blue
06/2022,03:12:56,AIR,AIR,FINAL APPROACH,1385,4594,4841.0,21.5,142,136,114.38,0.232,104,-180.0,0,-15.867351,-48.003704,-48.011014,-15.868872999999999,0.03,9.9,5.1,4.1,2.4,6.5,511.5,5129.1292,21.3,1.0219,1.0966,109.2,0,5.0,1.7,6.7,5.4,8.0,0,0,ON PATH,blue
06/2022,03:12:57,AIR,AIR,FINAL APPROACH,1374,4583,4830.0,21.5,141,135,114.38,0.23,104,-72.77,0,-15.867465,-48.003025,-48.010335000000005,-15.868986999999999,0.04,9.9,5.1,4.1,2.4,6.5,511.5,5129.1292,21.3,1.0219,1.0966,109.2,0,5.0,1.7,6.7,5.4,8.0,0,0,ON PATH,blue
06/2022,03:12:58,AIR,AIR,FINAL APPROACH,1363,4572,4818.0,21.5,140,134,114.38,0.228,104,0.0,0,-15.867577,-48.002487,-48.009797000000006,-15.869099,0.03,9.9,5.1,4.1,2.4,6.5,511.5,5129.1292,21.3,1.0219,1.0966,109.2,0,5.0,1.7,6.7,5.4,8.0,0,0,ON PATH,blue
06/2022,03:12:59,AIR,AIR,FINAL APPROACH,1351,4560,4807.0,21.5,139,133,114.38,0.228,105,-72.77,0,-15.867689,-48.001808,-48.009118,-15.869211,0.04,10.0,5.0,4.0,2.3,6.3,501.5,5096.3212,21.3,1.0219,1.0966,109.2,0,4.9,1.7,6.6,5.3,7.9,0,0,ON PATH,blue
06/2022,03:13:00,AIR,AIR,FINAL APPROACH,1339,4548,4795.0,21.5,138,132,114.38,0.226,105,-180.0,0,-15.8678,-48.001133,-48.00844300000001,-15.869322,0.04,10.0,5.0,4.0,2.3,6.3,501.5,5096.3212,21.3,1.0219,1.0966,109.2,0,4.9,1.7,6.6,5.3,7.9,0,0,ON PATH,blue
06/2022,03:13:01,AIR,AIR,FINAL APPROACH,1328,4537,4784.0,21.5,137,130,114.38,0.224,105,-72.77,0,-15.86791,-48.000523,-48.007833000000005,-15.869432,0.04,10.0,5.0,4.0,2.2,6.2,501.5,5096.3212,21.3,1.0219,1.0966,109.2,0,4.9,1.7,6.6,5.3,7.9,0,0,ON PATH,blue
06/2022,03:13:02,AIR,AIR,FINAL APPROACH,1317,4526,4772.0,21.5,137,129,114.38,0.224,105,0.0,0,-15.86802,-47.999916,-48.007226,-15.869542,0.04,10.1,4.9,3.9,2.2,6.1,491.5,5063.5132,21.3,1.0219,1.0966,109.2,0,4.8,1.7,6.5,5.2,7.8,0,0,ON PATH,blue
06/2022,03:13:03,AIR,AIR,FINAL APPROACH,1306,4515,4762.0,21.25,135,128,114.38,0.222,105,-72.77,0,-15.868051,-47.999306,-48.006616,-15.869572999999999,0.04,10.1,4.9,3.9,2.2,6.1,491.5,5063.5132,21.0,1.0208,1.0916,109.5,0,4.8,1.7,6.5,5.2,7.8,0,0,ON PATH,blue
06/2022,03:13:04,AIR,AIR,FINAL APPROACH,1296,4505,4751.0,21.25,135,128,114.38,0.22,105,-180.0,0,-15.868083,-47.998695,-48.006005,-15.869605,0.04,10.2,4.8,3.9,2.2,6.1,481.4,5030.37712,21.0,1.0208,1.0916,109.5,0,4.7,1.7,6.4,5.1,7.7,0,0,ON PATH,blue
06/2022,03:13:05,AIR,AIR,FINAL APPROACH,1285,4494,4741.0,21.25,134,127,114.38,0.218,105,-72.77,0,-15.868113,-47.99807,-48.00538,-15.869634999999999,0.04,10.2,4.8,3.8,2.1,5.9,481.4,5030.37712,21.0,1.0208,1.0916,109.5,0,4.7,1.7,6.4,5.1,7.7,0,0,ON PATH,blue
06/2022,03:13:06,AIR,AIR,FINAL APPROACH,1275,4484,4730.0,21.25,134,127,114.38,0.218,105,0.0,0,-15.868142,-47.997395,-48.004705,-15.869664,0.04,10.2,4.8,3.8,2.1,5.9,481.4,5030.37712,21.0,1.0208,1.0916,109.5,0,4.7,1.7,6.4,5.1,7.7,0,0,ON PATH,blue
06/2022,03:13:07,AIR,AIR,FINAL APPROACH,1263,4472,4719.0,21.25,133,126,114.38,0.218,105,-72.77,0,-15.867819,-47.996849,-48.004159,-15.869341,0.04,10.3,4.7,3.8,2.1,5.9,471.4,4997.56912,21.0,1.0208,1.0916,109.5,0,4.6,1.7,6.3,5.0,7.6,0,0,ON PATH,blue
06/2022,03:13:08,AIR,AIR,FINAL APPROACH,1252,4461,4708.0,21.25,133,126,114.38,0.216,105,-180.0,0,-15.867496,-47.996174,-48.00348400000001,-15.869017999999999,0.04,10.3,4.7,3.7,2.1,5.8,471.4,4997.56912,21.1,1.0212,1.0934,109.4,0,4.6,1.7,6.3,5.0,7.6,0,0,ON PATH,blue
06/2022,03:13:09,AIR,AIR,FINAL APPROACH,1242,4451,4697.0,21.25,134,125,114.38,0.218,105,-72.77,0,-15.867172,-47.995628,-48.00293800000001,-15.868694,0.04,10.4,4.6,3.7,2.1,5.8,461.4,4964.76112,21.0,1.0208,1.0916,109.5,0,4.5,1.7,6.2,5.0,7.4,0,0,ON PATH,blue
06/2022,03:13:10,AIR,AIR,FINAL APPROACH,1232,4441,4687.0,21.25,133,125,114.38,0.216,105,0.0,0,-15.866848,-47.994957,-48.002267,-15.868369999999999,0.04,10.4,4.6,3.7,2.1,5.8,461.4,4964.76112,21.1,1.0212,1.0934,109.4,0,4.5,1.7,6.2,5.0,7.4,0,0,ON PATH,blue
06/2022,03:13:11,AIR,AIR,FINAL APPROACH,1222,4431,4678.0,21.25,132,125,114.38,0.214,105,-72.77,0,-15.866523,-47.994282,-48.001592,-15.868045,0.04,10.4,4.6,3.7,2.1,5.8,461.4,4964.76112,21.1,1.0212,1.0934,109.4,0,4.5,1.7,6.2,5.0,7.4,0,0,ON PATH,blue
06/2022,03:13:12,AIR,AIR,FINAL APPROACH,1212,4421,4668.0,21.25,132,124,114.38,0.214,105,-180.0,0,-15.866626,-47.993671,-48.000981,-15.868148,0.04,10.5,4.5,3.6,2.0,5.6,451.4,4931.95312,21.1,1.0212,1.0934,109.4,0,4.5,1.7,6.2,5.0,7.4,0,0,ON PATH,blue
06/2022,03:13:13,AIR,AIR,FINAL APPROACH,1203,4412,4658.0,21.0,129,124,114.38,0.21,105,-72.77,0,-15.866729,-47.993065,-48.000375000000005,-15.868250999999999,0.04,10.5,4.5,3.6,2.0,5.6,451.4,4931.95312,20.8,1.0201,1.0884,109.6,0,4.5,1.7,6.2,5.0,7.4,0,0,ON PATH,blue
06/2022,03:13:14,AIR,AIR,FINAL APPROACH,1191,4400,4646.0,21.0,130,124,114.38,0.212,105,0.0,0,-15.866832,-47.992607,-47.999917,-15.868354,0.03,10.6,4.4,3.6,2.0,5.6,441.3,4898.81704,20.8,1.0201,1.0884,109.6,0,4.4,1.7,6.1,4.9,7.3,0,0,ON PATH,blue
06/2022,03:13:15,AIR,AIR,FINAL APPROACH,1180,4389,4637.0,20.75,130,124,114.38,0.212,105,-72.77,0,-15.866933,-47.991997,-47.999307,-15.868454999999999,0.04,10.6,4.4,3.5,2.0,5.5,441.3,4898.81704,20.6,1.0194,1.0852,109.8,0,4.4,1.7,6.1,4.9,7.3,0,0,ON PATH,blue
06/2022,03:13:16,AIR,AIR,FINAL APPROACH,1170,4379,4627.0,20.75,129,124,114.38,0.21,105,-180.0,0,-15.867036,-47.991512,-47.998822000000004,-15.868558,0.03,10.6,4.4,3.5,2.0,5.5,441.3,4898.81704,20.6,1.0194,1.0852,109.8,0,4.4,1.7,6.1,4.9,7.3,0,0,ON PATH,blue
06/2022,03:13:17,AIR,AIR,FINAL APPROACH,1160,4369,4615.0,20.75,129,125,114.38,0.21,105,-72.77,0,-15.867137,-47.990837,-47.998147,-15.868659,0.04,10.7,4.3,3.5,2.1,5.6,431.3,4866.00904,20.6,1.0194,1.0852,109.8,0,4.3,1.7,6.0,4.8,7.2,0,0,ON PATH,blue
06/2022,03:13:18,AIR,AIR,FINAL APPROACH,1150,4359,4606.0,20.75,130,125,114.38,0.212,105,0.0,0,-15.86724,-47.990166,-47.997476000000006,-15.868762,0.04,10.7,4.3,3.4,2.1,5.5,431.3,4866.00904,20.6,1.0194,1.0852,109.8,0,4.3,1.7,6.0,4.8,7.2,0,0,ON PATH,blue
06/2022,03:13:19,AIR,AIR,FINAL APPROACH,1138,4347,4593.0,20.75,130,125,114.38,0.212,105,-72.77,0,-15.867342,-47.989555,-47.99686500000001,-15.868864,0.04,10.7,4.3,3.4,2.1,5.5,431.3,4866.00904,20.6,1.0194,1.0852,109.8,0,4.3,1.7,6.0,4.8,7.2,0,0,ON PATH,blue
06/2022,03:13:20,AIR,AIR,FINAL APPROACH,1128,4337,4584.0,20.75,131,126,114.38,0.212,105,-180.0,0,-15.867443,-47.988945,-47.996255000000005,-15.868965,0.04,10.8,4.2,3.4,2.1,5.5,421.3,4833.20104,20.6,1.0194,1.0852,109.8,0,4.2,1.7,5.9,4.7,7.1,0,0,ON PATH,blue
06/2022,03:13:21,AIR,AIR,FINAL APPROACH,1117,4326,4573.0,20.75,130,126,114.38,0.21,105,-72.77,0,-15.867466,-47.988335,-47.995645,-15.868988,0.04,10.8,4.2,3.3,2.1,5.4,421.3,4833.20104,20.6,1.0194,1.0852,109.8,0,4.2,1.7,5.9,4.7,7.1,0,0,ON PATH,blue
06/2022,03:13:22,AIR,AIR,FINAL APPROACH,1107,4316,4561.0,20.75,132,126,114.38,0.214,105,0.0,0,-15.86749,-47.98772,-47.99503000000001,-15.869012,0.04,10.9,4.1,3.3,2.1,5.4,411.2,4800.06496,20.6,1.0194,1.0852,109.8,0,4.1,1.7,5.8,4.6,7.0,0,0,ON PATH,blue
06/2022,03:13:23,AIR,AIR,FINAL APPROACH,1097,4306,4553.0,20.75,133,127,114.38,0.216,105,-72.77,0,-15.867512,-47.987236,-47.99454600000001,-15.869034,0.03,10.9,4.1,3.3,2.1,5.4,411.2,4800.06496,20.6,1.0194,1.0852,109.8,0,4.1,1.7,5.8,4.6,7.0,0,0,ON PATH,blue
06/2022,03:13:24,AIR,AIR,FINAL APPROACH,1085,4294,4540.0,21.0,133,127,114.38,0.216,106,-180.0,0,-15.867534,-47.986561,-47.993871000000006,-15.869055999999999,0.04,10.9,4.1,3.2,2.1,5.3,411.2,4800.06496,20.8,1.0201,1.0884,109.6,0,4.1,1.7,5.8,4.6,7.0,0,0,ON PATH,blue
06/2022,03:13:25,AIR,AIR,FINAL APPROACH,1075,4284,4531.0,21.0,132,127,114.38,0.214,106,-72.77,0,-15.867193,-47.986015,-47.993325000000006,-15.868715,0.04,11.0,4.0,3.2,2.1,5.3,401.2,4767.25696,20.8,1.0201,1.0884,109.6,0,4.0,1.7,5.7,4.6,6.8,0,0,ON PATH,blue
06/2022,03:13:26,AIR,AIR,FINAL APPROACH,1063,4272,4519.0,21.0,131,127,114.38,0.212,106,0.0,0,-15.866851,-47.98534,-47.992650000000005,-15.868373,0.04,11.0,4.0,3.2,2.1,5.3,401.2,4767.25696,20.8,1.0201,1.0884,109.6,0,4.0,1.7,5.7,4.6,6.8,0,0,ON PATH,blue
06/2022,03:13:27,AIR,AIR,FINAL APPROACH,1051,4260,4507.0,21.0,129,127,114.38,0.21,106,-72.77,0,-15.866511,-47.984665,-47.991975000000004,-15.868032999999999,0.04,11.1,3.9,3.1,2.1,5.2,391.2,4734.44896,20.8,1.0201,1.0884,109.6,0,3.9,1.7,5.6,4.5,6.7,0,0,ON PATH,blue
06/2022,03:13:28,AIR,AIR,FINAL APPROACH,1038,4247,4494.0,21.0,129,126,114.38,0.208,105,-180.0,0,-15.866169,-47.984055,-47.991365,-15.867690999999999,0.04,11.1,3.9,3.1,2.1,5.2,391.2,4734.44896,20.8,1.0201,1.0884,109.6,0,3.9,1.7,5.6,4.5,6.7,0,0,ON PATH,blue
06/2022,03:13:29,AIR,AIR,FINAL APPROACH,1028,4237,4483.0,21.0,129,127,114.38,0.21,105,-72.77,0,-15.865827,-47.983444,-47.990754,-15.867348999999999,0.04,11.1,3.9,3.1,2.1,5.2,391.2,4734.44896,20.8,1.0201,1.0884,109.6,0,3.9,1.7,5.6,4.5,6.7,0,0,ON PATH,blue
06/2022,03:13:30,AIR,AIR,FINAL APPROACH,1016,4225,4472.0,21.0,130,127,114.38,0.21,105,0.0,0,-15.865925,-47.982834,-47.990144,-15.867447,0.04,11.2,3.8,3.0,2.1,5.1,381.1,4701.31288,20.8,1.0201,1.0884,109.6,0,3.8,1.7,5.5,4.4,6.6,0,0,ON PATH,blue
06/2022,03:13:31,AIR,AIR,FINAL APPROACH,1004,4213,4459.0,21.0,130,127,114.38,0.212,104,-72.77,0,-15.866025,-47.982224,-47.989534000000006,-15.867547,0.04,11.2,3.8,3.0,2.1,5.1,381.1,4701.31288,20.8,1.0201,1.0884,109.6,0,3.8,1.7,5.5,4.4,6.6,0,0,ON PATH,blue
06/2022,03:13:32,AIR,AIR,FINAL APPROACH,992,4201,4448.0,21.0,130,127,114.38,0.212,104,-180.0,0,-15.866123,-47.98159,-47.9889,-15.867645,0.04,11.3,3.7,3.0,2.1,5.1,371.1,4668.50488,20.8,1.0201,1.0884,109.6,0,3.7,1.7,5.4,4.3,6.5,0,0,ON PATH,blue
06/2022,03:13:33,AIR,AIR,FINAL APPROACH,982,4191,4438.0,21.0,130,127,114.38,0.21,104,-72.77,0,-15.866222,-47.980915,-47.98822500000001,-15.867744,0.04,11.3,3.7,2.9,2.1,5.0,371.1,4668.50488,20.8,1.0201,1.0884,109.6,0,3.7,1.7,5.4,4.3,6.5,0,0,ON PATH,blue
06/2022,03:13:34,AIR,AIR,FINAL APPROACH,972,4181,4428.0,21.0,132,127,114.38,0.214,104,0.0,0,-15.86632,-47.98037,-47.987680000000005,-15.867842,0.03,11.3,3.7,2.9,2.1,5.0,371.1,4668.50488,20.8,1.0201,1.0884,109.6,0,3.7,1.7,5.4,4.3,6.5,0,0,ON PATH,blue
06/2022,03:13:35,AIR,AIR,FINAL APPROACH,961,4170,4415.0,21.0,130,128,114.38,0.212,104,-72.77,0,-15.866418,-47.979694,-47.987004000000006,-15.867939999999999,0.04,11.4,3.6,2.9,2.2,5.1,361.1,4635.69688,20.8,1.0201,1.0884,109.6,0,3.6,1.7,5.3,4.2,6.4,0,0,ON PATH,blue
06/2022,03:13:36,AIR,AIR,FINAL APPROACH,950,4159,4406.0,21.25,131,128,114.38,0.212,104,-180.0,0,-15.866518,-47.979149,-47.986459,-15.868039999999999,0.03,11.4,3.6,2.8,2.2,5.0,361.1,4635.69688,21.1,1.0212,1.0934,109.4,0,3.6,1.7,5.3,4.2,6.4,0,0,ON PATH,blue
06/2022,03:13:37,AIR,AIR,FINAL APPROACH,938,4147,4393.0,21.25,130,128,114.38,0.21,104,-72.77,0,-15.86654,-47.97847,-47.985780000000005,-15.868062,0.04,11.4,3.6,2.8,2.2,5.0,361.1,4635.69688,21.1,1.0212,1.0934,109.4,0,3.6,1.7,5.3,4.2,6.4,0,0,ON PATH,blue
06/2022,03:13:38,AIR,AIR,FINAL APPROACH,927,4136,4383.0,21.25,130,128,114.38,0.21,105,0.0,0,-15.866563,-47.977798,-47.985108000000004,-15.868084999999999,0.04,11.5,3.5,2.8,2.2,5.0,351.1,4602.88888,21.1,1.0212,1.0934,109.4,0,3.5,1.7,5.2,4.2,6.2,0,0,ON PATH,blue
06/2022,03:13:39,AIR,AIR,FINAL APPROACH,916,4125,4371.0,21.25,130,128,114.38,0.21,105,-72.77,0,-15.866586,-47.977188,-47.984498,-15.868108,0.04,11.5,3.5,2.7,2.2,4.9,351.1,4602.88888,21.1,1.0212,1.0934,109.4,0,3.5,1.7,5.2,4.2,6.2,0,0,ON PATH,blue
06/2022,03:13:40,AIR,AIR,FINAL APPROACH,905,4114,4361.0,21.25,130,128,114.38,0.212,105,-180.0,0,-15.866609,-47.976578,-47.98388800000001,-15.868131,0.04,11.6,3.4,2.7,2.2,4.9,341.0,4569.7528,21.1,1.0212,1.0934,109.4,0,3.4,1.7,5.1,4.1,6.1,0,0,ON PATH,blue
06/2022,03:13:41,AIR,AIR,FINAL APPROACH,894,4103,4350.0,21.25,131,128,114.38,0.212,105,-72.77,0,-15.866315,-47.975967,-47.983277,-15.867837,0.04,11.6,3.4,2.7,2.2,4.9,341.0,4569.7528,21.1,1.0212,1.0934,109.4,0,3.4,1.7,5.1,4.1,6.1,0,0,ON PATH,blue
06/2022,03:13:42,AIR,AIR,FINAL APPROACH,884,4093,4340.0,21.25,129,128,114.38,0.208,105,0.0,0,-15.866024,-47.975357,-47.982667000000006,-15.867545999999999,0.04,11.6,3.4,2.6,2.2,4.8,341.0,4569.7528,21.1,1.0212,1.0934,109.4,0,3.4,1.7,5.1,4.1,6.1,0,0,ON PATH,blue
06/2022,03:13:43,AIR,AIR,FINAL APPROACH,874,4083,4330.0,21.0,129,129,114.38,0.21,105,-72.77,0,-15.86573,-47.974724,-47.982034000000006,-15.867251999999999,0.04,11.7,3.3,2.6,2.2,4.8,331.0,4536.9448,20.8,1.0201,1.0884,109.6,0,3.3,1.7,5.0,4.0,6.0,0,0,ON PATH,blue
06/2022,03:13:44,AIR,AIR,FINAL APPROACH,863,4072,4318.0,21.25,130,129,114.38,0.21,105,-180.0,0,-15.865436,-47.974045,-47.981355,-15.866958,0.04,11.7,3.3,2.6,2.2,4.8,331.0,4536.9448,21.1,1.0212,1.0934,109.4,0,3.3,1.7,5.0,4.0,6.0,0,0,ON PATH,blue
06/2022,03:13:45,AIR,AIR,FINAL APPROACH,853,4062,4308.0,21.25,129,129,114.38,0.21,106,-72.77,0,-15.865143,-47.973503,-47.980813000000005,-15.866665,0.04,11.8,3.2,2.6,2.2,4.8,321.0,4504.1368,21.1,1.0212,1.0934,109.4,0,3.2,1.7,4.9,3.9,5.9,0,0,ON PATH,blue
06/2022,03:13:46,AIR,AIR,FINAL APPROACH,843,4052,4298.0,21.25,130,129,114.38,0.21,106,0.0,0,-15.865243,-47.972824,-47.98013400000001,-15.866765,0.04,11.8,3.2,2.5,2.2,4.7,321.0,4504.1368,21.1,1.0212,1.0934,109.4,0,3.2,1.7,4.9,3.9,5.9,0,0,ON PATH,blue
06/2022,03:13:47,AIR,AIR,FINAL APPROACH,833,4042,4289.0,21.25,130,129,114.38,0.21,106,-72.77,0,-15.865344,-47.972279,-47.979589000000004,-15.866866,0.03,11.8,3.2,2.5,2.2,4.7,321.0,4504.1368,21.1,1.0212,1.0934,109.4,0,3.2,1.7,4.9,3.9,5.9,0,0,ON PATH,blue
06/2022,03:13:48,AIR,AIR,FINAL APPROACH,823,4032,4278.0,21.25,132,129,114.38,0.214,105,-180.0,0,-15.865444,-47.971603,-47.978913000000006,-15.866966,0.04,11.9,3.1,2.5,2.2,4.7,310.9,4471.00072,21.1,1.0212,1.0934,109.4,0,3.1,1.7,4.8,3.8,5.8,0,0,ON PATH,blue
06/2022,03:13:49,AIR,AIR,FINAL APPROACH,812,4021,4268.0,21.25,131,130,114.38,0.212,105,-72.77,0,-15.865544,-47.970932,-47.978242,-15.867066,0.04,11.9,3.1,2.4,2.2,4.6,310.9,4471.00072,21.1,1.0212,1.0934,109.4,0,3.1,1.7,4.8,3.8,5.8,0,0,ON PATH,blue
06/2022,03:13:50,AIR,AIR,FINAL APPROACH,803,4012,4259.0,21.25,130,130,114.38,0.21,105,0.0,0,-15.865644,-47.970322,-47.97763200000001,-15.867166,0.04,11.9,3.1,2.4,2.2,4.6,310.9,4471.00072,21.1,1.0212,1.0934,109.4,0,3.1,1.7,4.8,3.8,5.8,0,0,ON PATH,blue
06/2022,03:13:51,AIR,AIR,FINAL APPROACH,793,4002,4249.0,21.25,129,130,114.38,0.21,104,-72.77,0,-15.865744,-47.969707,-47.977017000000004,-15.867265999999999,0.04,12.0,3.0,2.4,2.2,4.6,300.9,4438.19272,21.1,1.0212,1.0934,109.4,0,3.0,1.7,4.7,3.8,5.6,0,0,ON PATH,blue
06/2022,03:13:52,AIR,AIR,FINAL APPROACH,782,3991,4238.0,21.25,130,130,114.38,0.21,104,-180.0,0,-15.865845,-47.969097,-47.976407,-15.867367,0.04,12.0,3.0,2.3,2.2,4.5,300.9,4438.19272,21.1,1.0212,1.0934,109.4,0,3.0,1.7,4.7,3.8,5.6,0,0,ON PATH,blue
06/2022,03:13:53,AIR,AIR,FINAL APPROACH,772,3981,4227.0,21.25,129,130,114.38,0.208,104,-72.77,0,-15.86587,-47.968487,-47.97579700000001,-15.867391999999999,0.04,12.1,2.9,2.3,2.2,4.5,290.9,4405.38472,21.1,1.0212,1.0934,109.4,0,2.9,1.7,4.6,3.7,5.5,0,0,ON PATH,blue
06/2022,03:13:54,AIR,AIR,FINAL APPROACH,761,3970,4217.0,21.25,128,130,114.38,0.206,104,0.0,0,-15.865895,-47.967854,-47.97516400000001,-15.867417,0.04,12.1,2.9,2.3,2.2,4.5,290.9,4405.38472,21.1,1.0212,1.0934,109.4,0,2.9,1.7,4.6,3.7,5.5,0,0,ON PATH,blue
06/2022,03:13:55,AIR,AIR,FINAL APPROACH,751,3960,4207.0,21.25,130,130,114.38,0.21,104,-72.77,0,-15.86592,-47.967178,-47.974488,-15.867441999999999,0.04,12.1,2.9,2.2,2.2,4.4,290.9,4405.38472,21.1,1.0212,1.0934,109.4,0,2.9,1.7,4.6,3.7,5.5,0,0,ON PATH,blue
06/2022,03:13:56,AIR,AIR,FINAL APPROACH,740,3949,4196.0,21.25,130,130,114.38,0.21,104,-180.0,0,-15.865945,-47.966633,-47.973943000000006,-15.867467,0.03,12.2,2.8,2.2,2.2,4.4,280.8,4372.24864,21.1,1.0212,1.0934,109.4,0,2.8,1.7,4.5,3.6,5.4,0,0,ON PATH,blue
06/2022,03:13:57,AIR,AIR,FINAL APPROACH,730,3939,4186.0,21.25,130,130,114.38,0.21,104,-72.77,0,-15.865648,-47.965958,-47.973268000000004,-15.86717,0.04,12.2,2.8,2.2,2.2,4.4,280.8,4372.24864,21.1,1.0212,1.0934,109.4,0,2.8,1.7,4.5,3.6,5.4,0,0,ON PATH,blue
06/2022,03:13:58,AIR,AIR,FINAL APPROACH,721,3930,4177.0,21.25,131,131,114.38,0.212,104,0.0,0,-15.865351,-47.965412,-47.972722000000005,-15.866873,0.04,12.3,2.7,2.2,2.3,4.5,270.8,4339.44064,21.1,1.0212,1.0934,109.4,0,2.7,1.7,4.4,3.5,5.3,0,0,ON PATH,blue
06/2022,03:13:59,AIR,AIR,FINAL APPROACH,710,3919,4166.0,21.5,131,131,114.38,0.212,105,-72.77,0,-15.865055,-47.964737,-47.972047,-15.866577,0.04,12.3,2.7,2.1,2.3,4.4,270.8,4339.44064,21.3,1.0219,1.0966,109.2,0,2.7,1.7,4.4,3.5,5.3,0,0,ON PATH,blue
06/2022,03:14:00,AIR,AIR,FINAL APPROACH,700,3909,4156.0,21.5,130,131,114.38,0.21,105,-180.0,0,-15.864757,-47.964058,-47.971368000000005,-15.866279,0.04,12.3,2.7,2.1,2.3,4.4,270.8,4339.44064,21.3,1.0219,1.0966,109.2,0,2.7,1.7,4.4,3.5,5.3,0,0,ON PATH,blue
06/2022,03:14:01,AIR,AIR,FINAL APPROACH,689,3898,4144.0,21.5,130,132,114.38,0.21,106,-72.77,0,-15.86446,-47.963448,-47.970758000000004,-15.865981999999999,0.04,12.4,2.6,2.1,2.3,4.4,260.8,4306.63264,21.3,1.0219,1.0966,109.2,0,2.6,1.7,4.3,3.4,5.2,0,0,ON PATH,blue
06/2022,03:14:02,AIR,AIR,FINAL APPROACH,678,3887,4134.0,21.5,130,132,114.38,0.21,106,0.0,0,-15.864563,-47.962837,-47.970147000000004,-15.866085,0.04,12.4,2.6,2.0,2.3,4.3,260.8,4306.63264,21.3,1.0219,1.0966,109.2,0,2.6,1.7,4.3,3.4,5.2,0,0,ON PATH,blue
06/2022,03:14:03,AIR,AIR,FINAL APPROACH,667,3876,4123.0,21.5,130,132,114.38,0.21,106,-72.77,0,-15.864665,-47.962227,-47.969537,-15.866187,0.04,12.5,2.5,2.0,2.3,4.3,250.8,4273.82464,21.3,1.0219,1.0966,109.2,0,2.5,1.7,4.2,3.4,5.0,0,0,ON PATH,blue
06/2022,03:14:04,AIR,AIR,FINAL APPROACH,655,3864,4111.0,21.5,130,132,114.38,0.21,106,-180.0,0,-15.864767,-47.961617,-47.968927,-15.866289,0.04,12.5,2.5,2.0,2.3,4.3,250.8,4273.82464,21.3,1.0219,1.0966,109.2,0,2.5,1.7,4.2,3.4,5.0,0,0,ON PATH,blue
06/2022,03:14:05,AIR,AIR,FINAL APPROACH,644,3853,4100.0,21.5,130,132,114.38,0.21,105,-72.77,0,-15.86487,-47.960983,-47.968293,-15.866392,0.04,12.5,2.5,1.9,2.3,4.2,250.8,4273.82464,21.3,1.0219,1.0966,109.2,0,2.5,1.7,4.2,3.4,5.0,0,0,ON PATH,blue
06/2022,03:14:06,AIR,AIR,FINAL APPROACH,633,3842,4088.0,21.5,130,132,114.38,0.21,105,0.0,0,-15.864972,-47.960312,-47.967622000000006,-15.866494,0.04,12.6,2.4,1.9,2.3,4.2,240.7,4240.6885600000005,21.3,1.0219,1.0966,109.2,0,2.4,1.7,4.1,3.3,4.9,0,0,ON PATH,blue
06/2022,03:14:07,AIR,AIR,FINAL APPROACH,621,3830,4076.0,21.5,129,132,114.38,0.208,105,-72.77,0,-15.865075,-47.95961,-47.96692,-15.866596999999999,0.04,12.6,2.4,1.9,2.3,4.2,240.7,4240.6885600000005,21.3,1.0219,1.0966,109.2,0,2.4,1.7,4.1,3.3,4.9,0,0,ON PATH,blue
06/2022,03:14:08,AIR,AIR,FINAL APPROACH,608,3817,4064.0,21.5,129,133,114.38,0.208,105,-180.0,0,-15.865178,-47.958939,-47.966249000000005,-15.8667,0.04,12.7,2.3,1.8,2.3,4.1,230.7,4207.88056,21.3,1.0219,1.0966,109.2,0,2.3,1.7,4.0,3.2,4.8,0,0,ON PATH,blue
06/2022,03:14:09,AIR,AIR,FINAL APPROACH,598,3807,4053.0,21.5,129,133,114.38,0.208,105,-72.77,0,-15.865204,-47.958237,-47.965547,-15.866726,0.04,12.7,2.3,1.8,2.3,4.1,230.7,4207.88056,21.3,1.0219,1.0966,109.2,0,2.3,1.7,4.0,3.2,4.8,0,0,ON PATH,blue
06/2022,03:14:10,AIR,AIR,FINAL APPROACH,585,3794,4041.0,21.5,129,133,114.38,0.208,105,0.0,0,-15.86523,-47.957561,-47.964871,-15.866752,0.04,12.7,2.3,1.7,2.3,4.0,230.7,4207.88056,21.3,1.0219,1.0966,109.2,0,2.3,1.7,4.0,3.2,4.8,0,0,ON PATH,blue
06/2022,03:14:11,AIR,AIR,FINAL APPROACH,573,3782,4029.0,21.5,130,133,114.38,0.21,105,-72.77,0,-15.865258,-47.956863,-47.964173,-15.86678,0.04,12.8,2.2,1.7,2.3,4.0,220.7,4175.07256,21.3,1.0219,1.0966,109.2,0,2.2,1.7,3.9,3.1,4.7,0,0,ON PATH,blue
06/2022,03:14:12,AIR,AIR,FINAL APPROACH,560,3769,4016.0,21.5,130,134,114.38,0.208,105,-180.0,0,-15.865284,-47.956188,-47.963498,-15.866806,0.04,12.8,2.2,1.7,2.4,4.1,220.7,4175.07256,21.3,1.0219,1.0966,109.2,0,2.2,1.7,3.9,3.1,4.7,0,0,ON PATH,blue
06/2022,03:14:13,AIR,AIR,FINAL APPROACH,548,3757,4004.0,21.5,131,134,114.38,0.21,105,-72.77,0,-15.864983,-47.955643,-47.962953000000006,-15.866505,0.04,12.9,2.1,1.6,2.4,4.0,210.6,4141.93648,21.3,1.0219,1.0966,109.2,0,2.1,1.7,3.8,3.0,4.6,0,0,ON PATH,blue
06/2022,03:14:14,AIR,AIR,FINAL APPROACH,534,3743,3990.0,21.5,130,135,114.38,0.21,105,0.0,0,-15.864682,-47.954967,-47.96227700000001,-15.866204,0.04,12.9,2.1,1.6,2.4,4.0,210.6,4141.93648,21.3,1.0219,1.0966,109.2,0,2.1,1.7,3.8,3.0,4.6,0,0,ON PATH,blue
06/2022,03:14:15,AIR,AIR,FINAL APPROACH,521,3730,3977.0,21.5,131,135,114.38,0.21,105,-72.77,0,-15.864381,-47.954422,-47.961732000000005,-15.865903,0.04,12.9,2.1,1.6,2.4,4.0,210.6,4141.93648,21.3,1.0219,1.0966,109.2,0,2.1,1.7,3.8,3.0,4.6,0,0,ON PATH,blue
06/2022,03:14:16,AIR,AIR,FINAL APPROACH,507,3716,3963.0,21.5,130,135,114.38,0.21,105,-180.0,0,-15.86408,-47.953747,-47.961057000000004,-15.865601999999999,0.04,13.0,2.0,1.5,2.4,3.9,200.6,4109.12848,21.3,1.0219,1.0966,109.2,0,2.0,1.7,3.7,3.0,4.4,0,0,ON PATH,blue
06/2022,03:14:17,AIR,AIR,FINAL APPROACH,495,3704,3950.0,21.5,130,135,114.38,0.208,105,-72.77,0,-15.86378,-47.953064,-47.960374,-15.865302,0.04,13.0,2.0,1.5,2.4,3.9,200.6,4109.12848,21.3,1.0219,1.0966,109.2,0,2.0,1.7,3.7,3.0,4.4,0,0,ON PATH,blue
06/2022,03:14:18,AIR,AIR,FINAL APPROACH,481,3690,3937.0,21.5,130,135,114.38,0.21,105,0.0,0,-15.863884,-47.952454,-47.95976400000001,-15.865406,0.04,13.1,1.9,1.4,2.4,3.8,190.6,4076.32048,21.3,1.0219,1.0966,109.2,0,1.9,1.7,3.6,2.9,4.3,0,0,ON PATH,blue
06/2022,03:14:19,AIR,AIR,FINAL APPROACH,469,3678,3925.0,21.75,131,135,114.38,0.21,105,-72.77,0,-15.863989,-47.951843,-47.959153,-15.865511,0.04,13.1,1.9,1.4,2.4,3.8,190.6,4076.32048,21.6,1.0229,1.1012,109.0,0,1.9,1.7,3.6,2.9,4.3,0,0,ON PATH,blue
06/2022,03:14:20,AIR,AIR,FINAL APPROACH,455,3664,3911.0,21.75,130,135,114.38,0.208,105,-180.0,0,-15.864094,-47.951233,-47.958543000000006,-15.865616,0.04,13.1,1.9,1.4,2.4,3.8,190.6,4076.32048,21.6,1.0229,1.1012,109.0,0,1.9,1.7,3.6,2.9,4.3,0,0,ON PATH,blue
06/2022,03:14:21,AIR,AIR,FINAL APPROACH,442,3651,3898.0,21.75,131,135,114.38,0.21,105,-72.77,0,-15.864199,-47.950623,-47.957933000000004,-15.865720999999999,0.04,13.2,1.8,1.3,2.4,3.7,180.5,4043.1844,21.6,1.0229,1.1012,109.0,0,1.8,1.7,3.5,2.8,4.2,0,0,ON PATH,blue
06/2022,03:14:22,AIR,AIR,FINAL APPROACH,429,3638,3885.0,21.75,130,135,114.38,0.208,105,0.0,0,-15.864304,-47.949997,-47.95730700000001,-15.865826,0.04,13.2,1.8,1.3,2.4,3.7,180.5,4043.1844,21.6,1.0229,1.1012,109.0,0,1.8,1.7,3.5,2.8,4.2,0,0,ON PATH,blue
06/2022,03:14:23,AIR,AIR,FINAL APPROACH,417,3626,3873.0,21.75,129,135,114.38,0.208,105,-72.77,0,-15.864409,-47.949318,-47.956628,-15.865931,0.04,13.3,1.7,1.2,2.4,3.6,170.5,4010.3764,21.6,1.0229,1.1012,109.0,0,1.7,1.7,3.4,2.7,4.1,0,0,ON PATH,blue
06/2022,03:14:24,AIR,AIR,FINAL APPROACH,406,3615,3861.0,21.75,131,135,114.38,0.208,105,-180.0,0,-15.864513,-47.948624,-47.955934000000006,-15.866035,0.04,13.3,1.7,1.2,2.4,3.6,170.5,4010.3764,21.6,1.0229,1.1012,109.0,0,1.7,1.7,3.4,2.7,4.1,0,0,ON PATH,blue
06/2022,03:14:25,AIR,AIR,FINAL APPROACH,396,3605,3851.0,22.0,130,134,114.38,0.208,105,-72.77,0,-15.864543,-47.947945,-47.955255,-15.866064999999999,0.04,13.3,1.7,1.2,2.4,3.6,170.5,4010.3764,21.8,1.0236,1.1044,108.8,0,1.7,1.7,3.4,2.7,4.1,0,0,ON PATH,blue
06/2022,03:14:26,AIR,AIR,FINAL APPROACH,385,3594,3841.0,22.0,128,134,114.38,0.206,105,0.0,0,-15.864571,-47.94725,-47.95456,-15.866093,0.04,13.4,1.6,1.2,2.4,3.6,160.5,3977.5684,21.8,1.0236,1.1044,108.8,0,1.6,1.7,3.3,2.6,4.0,0,0,ON PATH,blue
06/2022,03:14:27,AIR,AIR,FINAL APPROACH,376,3585,3832.0,22.0,127,134,114.38,0.204,105,-72.77,0,-15.864599,-47.946571,-47.953881,-15.866121,0.04,13.4,1.6,1.1,2.4,3.5,160.5,3977.5684,21.8,1.0236,1.1044,108.8,0,1.6,1.7,3.3,2.6,4.0,0,0,ON PATH,blue
06/2022,03:14:28,AIR,AIR,FINAL APPROACH,367,3576,3823.0,22.0,128,134,114.38,0.206,104,-180.0,0,-15.864627,-47.945877,-47.95318700000001,-15.866149,0.04,13.5,1.5,1.1,2.4,3.5,150.5,3944.7604,21.8,1.0236,1.1044,108.8,0,1.5,1.7,3.2,2.6,3.8,0,0,ON PATH,blue
06/2022,03:14:29,AIR,AIR,FINAL APPROACH,358,3567,3814.0,21.75,128,134,114.38,0.206,104,-72.77,0,-15.86432,-47.945198,-47.952508,-15.865841999999999,0.04,13.5,1.5,1.1,2.4,3.5,150.5,3944.7604,21.6,1.0229,1.1012,109.0,0,1.5,1.7,3.2,2.6,3.8,0,0,ON PATH,blue
06/2022,03:14:30,AIR,AIR,FINAL APPROACH,348,3557,3804.0,21.75,128,135,114.38,0.206,104,0.0,0,-15.864013,-47.944504,-47.951814000000006,-15.865535,0.04,13.5,1.5,1.0,2.4,3.4,150.5,3944.7604,21.6,1.0229,1.1012,109.0,0,1.5,1.7,3.2,2.6,3.8,0,0,ON PATH,blue
06/2022,03:14:31,AIR,AIR,FINAL APPROACH,339,3548,3795.0,21.75,128,134,114.38,0.206,104,-72.77,0,-15.863706,-47.943825,-47.951135,-15.865228,0.04,13.6,1.4,1.0,2.4,3.4,140.4,3911.62432,21.6,1.0229,1.1012,109.0,0,1.4,1.7,3.1,2.5,3.7,0,0,ON PATH,blue
06/2022,03:14:32,AIR,AIR,FINAL APPROACH,329,3538,3785.0,21.75,127,134,114.38,0.204,105,-180.0,0,-15.863399,-47.94313,-47.95044,-15.864920999999999,0.04,13.6,1.4,1.0,2.4,3.4,140.4,3911.62432,21.6,1.0229,1.1012,109.0,0,1.4,1.7,3.1,2.5,3.7,0,0,ON PATH,blue
06/2022,03:14:33,AIR,AIR,FINAL APPROACH,319,3528,3775.0,21.75,128,134,114.38,0.204,105,-72.77,0,-15.863093,-47.942451,-47.949761,-15.864614999999999,0.04,13.7,1.3,1.0,2.4,3.4,130.4,3878.81632,21.6,1.0229,1.1012,109.0,0,1.3,1.7,3.0,2.4,3.6,0,0,ON PATH,blue
06/2022,03:14:34,AIR,AIR,FINAL APPROACH,308,3517,3764.0,21.75,128,135,114.38,0.206,105,0.0,0,-15.863196,-47.941757,-47.94906700000001,-15.864718,0.04,13.7,1.3,0.9,2.4,3.3,130.4,3878.81632,21.6,1.0229,1.1012,109.0,0,1.3,1.7,3.0,2.4,3.6,0,0,ON PATH,blue
06/2022,03:14:35,AIR,AIR,FINAL APPROACH,298,3507,3754.0,21.75,129,136,114.38,0.206,105,-72.77,0,-15.863301,-47.941078,-47.948388,-15.864823,0.04,13.7,1.3,0.9,2.4,3.3,130.4,3878.81632,21.6,1.0229,1.1012,109.0,0,1.3,1.7,3.0,2.4,3.6,0,0,ON PATH,blue
06/2022,03:14:36,AIR,AIR,FINAL APPROACH,289,3498,3746.0,21.75,129,136,114.38,0.206,105,-180.0,0,-15.863406,-47.940536,-47.947846000000006,-15.864927999999999,0.03,13.8,1.2,0.9,2.4,3.3,120.4,3846.00832,21.6,1.0229,1.1012,109.0,0,1.2,1.7,2.9,2.3,3.5,0,0,ON PATH,blue
06/2022,03:14:37,AIR,AIR,FINAL APPROACH,280,3489,3736.0,21.75,129,136,114.38,0.208,105,-72.77,0,-15.86351,-47.939857,-47.94716700000001,-15.865032,0.04,13.8,1.2,0.8,2.4,3.2,120.4,3846.00832,21.6,1.0229,1.1012,109.0,0,1.2,1.7,2.9,2.3,3.5,0,0,ON PATH,blue
06/2022,03:14:38,AIR,AIR,FINAL APPROACH,270,3479,3725.0,21.75,130,137,114.38,0.208,105,0.0,0,-15.863615,-47.939316,-47.946626,-15.865136999999999,0.03,13.8,1.2,0.8,2.5,3.3,120.4,3846.00832,21.6,1.0229,1.1012,109.0,0,1.2,1.7,2.9,2.3,3.5,0,0,ON PATH,blue
06/2022,03:14:39,AIR,AIR,FINAL APPROACH,258,3467,3714.0,21.75,130,137,114.38,0.208,105,-72.77,0,-15.863719,-47.938633,-47.94594300000001,-15.865241,0.04,13.9,1.1,0.8,2.5,3.3,110.3,3812.87224,21.6,1.0229,1.1012,109.0,0,1.1,1.7,2.8,2.2,3.4,0,0,ON PATH,blue
06/2022,03:14:40,AIR,AIR,FINAL APPROACH,246,3455,3701.0,21.75,131,138,114.38,0.21,105,-180.0,0,-15.863826,-47.93795,-47.945260000000005,-15.865348,0.04,13.9,1.1,0.7,2.5,3.2,110.3,3812.87224,21.6,1.0229,1.1012,109.0,0,1.1,1.7,2.8,2.2,3.4,0,0,ON PATH,blue
06/2022,03:14:41,AIR,AIR,FINAL APPROACH,233,3442,3689.0,21.75,131,139,114.38,0.21,105,-72.77,0,-15.863857,-47.93734,-47.94465,-15.865378999999999,0.04,14.0,1.0,0.7,2.6,3.3,100.3,3780.06424,21.6,1.0229,1.1012,109.0,0,1.0,1.7,2.7,2.2,3.2,0,1,HIGH ENERGY,red
06/2022,03:14:42,AIR,AIR,FINAL APPROACH,220,3429,3675.0,21.75,132,139,114.38,0.212,105,0.0,0,-15.863886,-47.936729,-47.944039000000004,-15.865408,0.04,14.0,1.0,0.7,2.6,3.3,100.3,3780.06424,21.6,1.0229,1.1012,109.0,0,1.0,1.7,2.7,2.2,3.2,0,1,HIGH ENERGY,red
06/2022,03:14:43,AIR,AIR,FINAL APPROACH,206,3415,3662.0,21.75,133,140,114.38,0.212,105,-72.77,0,-15.863918,-47.936119,-47.943429,-15.86544,0.04,14.0,1.0,0.6,2.6,3.2,100.3,3780.06424,21.6,1.0229,1.1012,109.0,0,1.0,1.7,2.7,2.2,3.2,0,0,ON PATH,blue
06/2022,03:14:44,AIR,AIR,FINAL APPROACH,194,3403,3650.0,21.75,133,141,114.38,0.212,105,-180.0,0,-15.863948,-47.935509,-47.94281900000001,-15.86547,0.04,14.1,0.9,0.6,2.6,3.2,90.3,3747.25624,21.6,1.0229,1.1012,109.0,0,0.9,1.7,2.6,2.1,3.1,0,1,HIGH ENERGY,red
06/2022,03:14:45,AIR,AIR,FINAL APPROACH,182,3391,3638.0,22.0,133,141,114.38,0.212,104,-72.77,0,-15.863642,-47.934887,-47.94219700000001,-15.865164,0.04,14.1,0.9,0.5,2.6,3.1,90.3,3747.25624,21.8,1.0236,1.1044,108.8,0,0.9,1.7,2.6,2.1,3.1,0,0,ON PATH,blue
06/2022,03:14:46,AIR,AIR,FINAL APPROACH,171,3380,3626.0,22.0,133,141,114.38,0.214,104,0.0,0,-15.863335,-47.934204,-47.941514000000005,-15.864856999999999,0.04,14.2,0.8,0.5,2.6,3.1,80.2,3714.12016,21.8,1.0236,1.1044,108.8,0,0.8,1.7,2.5,2.0,3.0,0,1,HIGH ENERGY,red
06/2022,03:14:47,AIR,AIR,FINAL APPROACH,159,3368,3615.0,22.0,134,142,114.38,0.214,104,-72.77,0,-15.863028,-47.933514,-47.940824000000006,-15.86455,0.04,14.2,0.8,0.5,2.7,3.2,80.2,3714.12016,21.8,1.0236,1.1044,108.8,0,0.8,1.7,2.5,2.0,3.0,0,1,HIGH ENERGY,red
06/2022,03:14:48,AIR,AIR,FINAL APPROACH,146,3355,3602.0,22.0,135,143,114.38,0.214,104,-180.0,0,-15.862723,-47.932831,-47.940141000000004,-15.864245,0.04,14.2,0.8,0.4,2.7,3.1,80.2,3714.12016,21.8,1.0236,1.1044,108.8,0,0.8,1.7,2.5,2.0,3.0,0,1,HIGH ENERGY,red
06/2022,03:14:49,AIR,AIR,FINAL APPROACH,134,3343,3589.0,22.0,135,143,114.38,0.216,105,-72.77,0,-15.862417,-47.93214,-47.93945,-15.863939,0.04,14.3,0.7,0.4,2.7,3.1,70.2,3681.31216,21.8,1.0236,1.1044,108.8,0,0.7,1.7,2.4,1.9,2.9,0,1,HIGH ENERGY,red
06/2022,03:14:50,AIR,AIR,FINAL APPROACH,120,3329,3576.0,22.0,135,143,114.38,0.216,105,0.0,0,-15.862528,-47.931301,-47.938611,-15.864049999999999,0.05,14.3,0.7,0.4,2.7,3.1,70.2,3681.31216,21.8,1.0236,1.1044,108.8,0,0.7,1.7,2.4,1.9,2.9,0,1,HIGH ENERGY,red
06/2022,03:14:51,AIR,AIR,FINAL APPROACH,107,3316,3563.0,22.0,135,143,114.38,0.216,105,-72.77,0,-15.862638,-47.930611,-47.937921,-15.86416,0.04,14.4,0.6,0.3,2.7,3.0,60.2,3648.50416,21.8,1.0236,1.1044,108.8,0,0.6,1.7,2.3,1.8,2.8,0,1,HIGH ENERGY,red
06/2022,03:14:52,AIR,AIR,FINAL APPROACH,93,3302,3549.0,22.0,135,144,114.38,0.216,105,-180.0,0,-15.86275,-47.929771,-47.937081000000006,-15.864272,0.05,14.4,0.6,0.3,2.7,3.0,60.2,3648.50416,21.8,1.0236,1.1044,108.8,0,0.6,1.7,2.3,1.8,2.8,0,1,HIGH ENERGY,red
06/2022,03:14:53,AIR,AIR,FINAL APPROACH,78,3287,3534.0,22.25,134,144,114.38,0.214,105,-72.77,0,-15.862861,-47.929085,-47.936395000000005,-15.864383,0.04,14.5,0.5,0.2,2.7,2.9,50.2,3615.69616,22.0,1.0243,1.1076,108.7,0,0.5,1.7,2.2,1.8,2.6,0,1,HIGH ENERGY,red
06/2022,03:14:54,AIR,AIR,FINAL APPROACH,63,3272,3518.0,22.25,135,144,114.38,0.216,105,0.0,0,-15.862972,-47.928322,-47.935632000000005,-15.864493999999999,0.04,14.5,0.5,0.2,2.7,2.9,50.2,3615.69616,22.0,1.0243,1.1076,108.7,0,0.5,1.7,2.2,1.8,2.6,0,1,HIGH ENERGY,red
06/2022,03:14:55,AIR,AIR,LANDING,41,3256,3503.0,22.25,135,144,114.38,0.216,105,-72.77,0,-15.863008,-47.927559,-47.934869000000006,-15.86453,0.04,14.5,0.5,0.1,2.7,2.8,50.2,3615.69616,22.0,1.0243,1.1076,108.7,0,0.5,1.7,2.2,1.8,2.6,0,1,HIGH ENERGY,red
06/2022,03:14:56,AIR,AIR,LANDING,30,3242,3487.0,22.25,135,143,114.38,0.214,105,-180.0,0,-15.863043,-47.926796,-47.93410600000001,-15.864564999999999,0.04,14.6,0.4,0.1,2.7,2.8,40.1,3582.56008,22.0,1.0243,1.1076,108.7,0,0.4,1.7,2.1,1.7,2.5,0,1,HIGH ENERGY,red
06/2022,03:14:57,AIR,AIR,LANDING,22,3229,3475.0,22.25,133,143,114.38,0.214,105,-72.77,0,-15.863079,-47.926033,-47.933343,-15.864601,0.04,14.6,0.4,0.1,2.7,2.8,40.1,3582.56008,22.0,1.0243,1.1076,108.7,0,0.4,1.7,2.1,1.7,2.5,0,1,HIGH ENERGY,red
06/2022,03:14:58,AIR,AIR,LANDING,14,3220,3467.0,22.25,132,141,114.38,0.212,105,0.0,0,-15.863114,-47.925423,-47.932733000000006,-15.864635999999999,0.04,14.7,0.3,0.0,2.6,2.6,30.1,3549.75208,22.1,1.0246,1.109,108.6,0,0.3,1.7,2.0,1.6,2.4,0,1,HIGH ENERGY,red
06/2022,03:14:59,AIR,AIR,LANDING,11,3214,3462.0,22.25,131,140,114.36,0.208,105,-72.77,0,-15.862837,-47.924736,-47.93204600000001,-15.864359,0.04,14.7,0.3,0.0,2.6,2.6,30.1,3549.75208,22.1,1.0246,1.109,108.6,0,0.3,1.7,2.0,1.6,2.4,0,1,HIGH ENERGY,red
06/2022,03:15:00,AIR,AIR,LANDING,7,3212,3460.0,22.25,129,138,114.36,0.206,105,-180.0,0,-15.862561,-47.924202,-47.931512000000005,-15.864082999999999,0.03,14.7,0.3,0.0,2.5,2.5,30.1,3549.75208,22.1,1.0246,1.109,108.6,0,0.3,1.7,2.0,1.6,2.4,0,1,HIGH ENERGY,red
06/2022,03:15:01,AIR,AIR,LANDING,5,3212,3460.0,22.25,128,137,114.36,0.204,105,-72.77,0,-15.862284,-47.923519,-47.930829,-15.863806,0.04,14.8,0.2,0.0,2.5,2.5,20.1,3516.94408,22.1,1.0246,1.109,108.6,0,0.2,1.7,1.9,1.5,2.3,0,1,HIGH ENERGY,red
06/2022,03:15:02,AIR,AIR,LANDING,5,3212,3460.0,22.0,126,135,114.36,0.202,105,0.0,0,-15.862005,-47.922844,-47.930154,-15.863527,0.04,14.8,0.2,0.0,2.4,2.4,20.1,3516.94408,21.8,1.0236,1.1044,108.8,0,0.2,1.7,1.9,1.5,2.3,0,1,HIGH ENERGY,red
06/2022,03:15:03,AIR,AIR,LANDING,4,3210,3457.0,22.0,125,135,114.36,0.2,106,-72.77,0,-15.861725,-47.922234,-47.92954400000001,-15.863247,0.04,14.8,0.2,0.0,2.4,2.4,20.1,3516.94408,21.8,1.0236,1.1044,108.8,0,0.2,1.7,1.9,1.5,2.3,0,1,HIGH ENERGY,red
06/2022,03:15:04,AIR,AIR,LANDING,2,3209,3457.0,22.0,124,133,114.36,0.198,106,-180.0,0,-15.861832,-47.921627,-47.928937000000005,-15.863354,0.04,14.9,0.1,0.0,2.3,2.3,10.0,3483.808,21.8,1.0236,1.1044,108.8,0,0.1,1.7,1.8,1.4,2.2,0,1,HIGH ENERGY,red
06/2022,03:15:05,AIR,AIR,LANDING,2,3210,3458.0,21.75,123,131,114.36,0.196,107,-72.77,0,-15.861937,-47.921017,-47.928327,-15.863458999999999,0.04,14.9,0.1,0.0,2.3,2.3,10.0,3483.808,21.6,1.0229,1.1012,109.0,0,0.1,1.7,1.8,1.4,2.2,0,1,HIGH ENERGY,red
06/2022,03:15:06,GROUND,GROUND,LANDING,0,3209,3455.0,21.75,121,129,114.36,0.194,107,0.0,0,-15.862041,-47.92041,-47.92772,-15.863563,0.04,15.0,0.0,0.0,2.2,2.2,0.0,3451.0,21.6,1.0229,1.1012,109.0,0,0.0,1.7,1.7,1.4,2.0,0,1,HIGH ENERGY,red
06/2022,03:15:07,GROUND,GROUND,LANDING,0,3200,3448.0,21.5,116,127,114.36,0.186,107,-72.77,0,-15.862145,-47.919937,-47.927247,-15.863667,0.03,15.0,0.0,0.0,2.1,2.1,0.0,3451.0,21.4,1.0222,1.098,109.1,0,0.0,1.7,1.7,1.4,2.0,0,1,HIGH ENERGY,red
06/2022,03:15:08,GROUND,GROUND,LANDING,0,3202,3450.0,21.5,112,122,114.36,0.18,106,-180.0,0,-15.862247,-47.919266,-47.926576000000004,-15.863769,0.04,15.0,0.0,0.0,2.0,2.0,0.0,3451.0,21.4,1.0222,1.098,109.1,0,0.0,1.7,1.7,1.4,2.0,0,0,ON PATH,blue
