DATE;TIME;FPHASE;LDGL;LDGR;LDGNOS;ALTSTDC;ALTQNH;BAROCOR1;HEIGHT;RALT;TAT;LATP;LONP;GS;CAS;VAPP;VLS;MACH;IVV;VRTG;LATG;LONG;HEAD;WINDIR;WINSPD;DRIFT;GW;FLAP;ROLL;PITCH;PITCHRATE;AOAL;LOCDEV;N11;N12;N21;N22;EGT1;EGT2;THREV1;THREV2;FBURN;FBURN1;FBURN2;FF1;FF2;FQTY;SPDBRAKE;AP_EGD;AT;GPWS;GPWSM;TCAS;ELEVL;ELEVR;AILL;AILR;RUDD;PITCH_TRM
XX/09/21;12:45:05;APPROACH;AIR;AIR;AIR;8004;8004.00;1013.0;4852;2627;14.75;-15.882.283;-48.136.490;204;181;162;152.60;0.316;-1912;1.03;-0.00;0.01;107;166.64;7;-1.8;54050;10;-4.57;1.6;0.1;7.74;0.00;31.9;30.9;72.9;73.6;511;554;0;0;7802.30;3876.47;3925.83;424.56;424.56;11080.;0;AP ENGAGED;AT ENGAGED;0;0;-;-3.45;-3.10;1.30;1.52;-0.19;6.41
XX/09/21;12:45:06;APPROACH;AIR;AIR;AIR;7972;7972.00;1013.0;4820;2627;15.00;-15.882.439;-48.135.269;204;181;162;152.60;0.315;-1915;1.03;-0.00;0.01;107;165.59;7;-1.8;54050;10;-4.22;1.8;0.1;7.56;0.00;31.9;30.9;72.9;73.6;512;554;0;0;7802.53;3876.59;3925.95;424.56;420.93;11080.;0;AP ENGAGED;AT ENGAGED;0;0;-;-4.00;-3.10;1.64;1.52;-0.32;6.50
XX/09/21;12:45:07;APPROACH;AIR;AIR;AIR;7944;7944.00;1013.0;4792;2627;15.00;-15.882.592;-48.134.354;204;181;162;152.60;0.316;-1877;1.02;-0.00;0.01;106;165.23;7;-1.9;54050;10;-4.22;1.9;0.1;7.74;0.00;31.9;30.9;72.9;73.6;512;554;0;0;7802.77;3876.70;3926.06;424.56;424.56;11080.;0;AP ENGAGED;AT ENGAGED;0;0;-;-4.00;-3.40;1.64;0.90;-0.32;6.50
XX/09/21;12:45:08;APPROACH;AIR;AIR;AIR;7916;7916.00;1013.0;4764;2627;15.25;-15.882.741;-48.133.434;204;182;162;152.60;0.317;-1812;1.04;0.00;0.01;106;164.88;7;-2.2;54050;10;-3.87;2.1;0.1;7.21;0.00;31.9;30.9;72.9;73.6;512;554;0;0;7803.00;3876.82;3926.18;428.19;424.56;11080.;0;AP ENGAGED;AT ENGAGED;0;0;-;-4.00;-3.40;1.53;0.90;-0.13;6.50
XX/09/21;12:45:09;APPROACH;AIR;AIR;AIR;7888;7888.00;1013.0;4736;2627;15.25;-15.882.888;-48.132.309;204;182;162;152.60;0.317;-1768;1.00;0.00;0.00;106;164.18;8;-2.2;54050;10;-3.16;2.1;0.0;7.39;0.00;31.9;30.9;72.9;73.6;512;554;0;0;7803.24;3876.94;3926.30;424.56;424.56;11080.;0;AP ENGAGED;AT ENGAGED;0;0;-;-4.00;-3.50;1.53;0.79;-0.06;6.50
XX/09/21;12:45:10;APPROACH;AIR;AIR;AIR;7864;7864.00;1013.0;4712;2627;15.25;-15.883.034;-48.131.496;204;182;162;152.60;0.317;-1700;1.03;-0.00;0.00;105;163.13;8;-2.0;54050;10;-2.46;2.3;0.1;7.21;0.00;31.9;31.0;72.9;73.6;512;554;0;0;7803.48;3877.06;3926.42;424.56;424.56;11080.;0;AP ENGAGED;AT ENGAGED;0;0;-;-4.28;-3.50;2.95;0.79;-0.19;6.44
XX/09/21;12:45:11;APPROACH;AIR;AIR;AIR;7836;7836.00;1013.0;4684;2627;15.50;-15.883.176;-48.130.684;204;182;162;152.60;0.317;-1654;1.01;-0.00;-0.00;105;161.37;8;-1.9;54050;10;-2.11;2.3;0.0;7.21;0.00;31.9;30.9;72.9;73.6;511;554;0;0;7803.71;3877.18;3926.54;428.19;424.56;11080.;0;AP ENGAGED;AT ENGAGED;0;0;-;-4.28;-3.65;2.95;-0.40;-0.13;6.50
XX/09/21;12:45:12;APPROACH;AIR;AIR;AIR;7812;7812.00;1013.0;4660;2627;15.50;-15.883.318;-48.129.559;204;182;162;152.60;0.317;-1623;1.01;0.00;-0.00;105;159.96;8;-1.9;54050;10;-2.81;2.3;0.0;7.03;0.00;31.9;31.0;72.9;73.6;512;555;0;0;7803.95;3877.30;3926.65;428.19;428.19;11080.;0;AP ENGAGED;AT ENGAGED;0;0;-;-4.28;-3.65;3.29;-0.40;-0.13;6.50
XX/09/21;12:45:13;APPROACH;AIR;AIR;AIR;7788;7788.00;1013.0;4636;2627;15.50;-15.883.457;-48.128.746;204;182;162;152.60;0.317;-1562;0.99;0.00;-0.00;105;159.26;8;-2.0;54050;10;-3.52;2.3;0.0;6.86;0.00;31.9;30.9;73.0;73.6;513;554;0;0;7804.19;3877.42;3926.77;428.19;424.56;11080.;0;AP ENGAGED;AT ENGAGED;0;0;-;-4.28;-3.65;3.29;0.73;0.00;6.53
XX/09/21;12:45:14;APPROACH;AIR;AIR;AIR;7764;7764.00;1013.0;4612;2627;15.75;-15.883.593;-48.127.632;204;182;162;152.60;0.316;-1522;0.99;-0.00;-0.00;104;158.20;7;-1.9;54050;10;-3.52;2.3;0.0;7.03;0.00;31.9;30.9;73.0;73.6;512;555;0;0;7804.42;3877.53;3926.89;428.19;428.19;11080.;0;AP ENGAGED;AT ENGAGED;0;0;-;-4.28;-3.65;0.79;0.73;-0.13;6.50
XX/09/21;12:45:15;APPROACH;AIR;AIR;AIR;7736;7736.00;1013.0;4584;2627;15.75;-15.883.726;-48.126.507;204;182;162;152.60;0.317;-1535;0.99;-0.00;-0.00;104;158.20;7;-1.8;54050;10;-2.81;2.3;0.0;7.03;0.00;31.9;30.9;73.0;73.6;512;555;0;0;7804.66;3877.65;3927.01;428.19;424.56;11080.;0;AP ENGAGED;AT ENGAGED;0;0;-;-4.28;-3.35;0.79;0.56;-0.13;6.32
XX/09/21;12:45:16;APPROACH;AIR;AIR;AIR;7712;7712.00;1013.0;4560;2627;15.75;-15.883.857;-48.125.690;204;183;162;152.60;0.317;-1543;0.99;-0.00;-0.01;104;156.80;7;-1.8;54050;10;-2.11;2.3;0.0;6.86;0.00;31.9;30.9;73.0;73.6;512;555;0;0;7804.90;3877.77;3927.13;428.19;428.19;11080.;0;AP ENGAGED;AT ENGAGED;0;0;-;-3.80;-3.35;2.55;0.56;-0.19;6.18
XX/09/21;12:45:17;APPROACH;AIR;AIR;AIR;7688;7688.00;1013.0;4536;2627;15.75;-15.883.986;-48.124.577;204;183;162;152.60;0.317;-1509;0.97;0.00;-0.01;104;155.04;7;-1.8;54050;10;-2.11;2.1;-0.1;6.68;0.00;31.9;30.9;73.0;73.6;512;555;0;0;7805.14;3877.89;3927.25;428.19;428.19;11080.;0;AP ENGAGED;AT ENGAGED;0;0;-;-3.80;-2.95;2.55;-0.06;-0.13;6.12
XX/09/21;12:45:18;APPROACH;AIR;AIR;AIR;7664;7664.00;1013.0;4512;2627;16.00;-15.884.113;-48.123.661;204;183;162;152.60;0.317;-1486;0.97;-0.00;-0.01;104;154.34;7;-1.8;54050;10;-2.11;2.1;-0.0;6.68;0.00;31.9;30.9;73.0;73.6;512;555;0;0;7805.38;3878.01;3927.37;428.19;428.19;11080.;0;AP ENGAGED;AT ENGAGED;0;0;-;-3.75;-2.95;2.61;-0.06;-0.19;6.15
XX/09/21;12:45:19;APPROACH;AIR;AIR;AIR;7636;7636.00;1013.0;4484;2627;16.00;-15.884.239;-48.122.746;204;183;162;152.60;0.318;-1511;1.00;0.01;-0.00;104;154.34;7;-2.0;54050;10;-2.46;2.3;0.1;6.86;0.00;31.9;31.0;73.0;73.6;513;556;0;0;7805.61;3878.13;3927.49;428.19;431.82;11080.;0;AP ENGAGED;AT ENGAGED;0;0;-;-3.75;-3.00;2.61;-1.59;0.06;6.15
XX/09/21;12:45:20;APPROACH;AIR;AIR;AIR;7612;7612.00;1013.0;4460;2627;16.00;-15.884.364;-48.121.525;204;183;162;152.60;0.317;-1527;0.99;-0.00;-0.01;103;153.63;8;-2.1;54050;10;-2.81;2.3;0.0;6.68;0.00;31.9;31.0;73.0;73.6;513;556;0;0;7805.85;3878.25;3927.60;428.19;428.19;11080.;0;AP ENGAGED;AT ENGAGED;0;0;-;-3.65;-3.00;3.91;-1.59;0.00;6.12
XX/09/21;12:45:21;APPROACH;AIR;AIR;AIR;7588;7588.00;1013.0;4436;2627;16.25;-15.884.487;-48.120.609;204;183;162;152.60;0.317;-1498;1.00;0.00;-0.00;103;153.63;8;-2.1;54050;10;-3.52;2.3;0.0;6.86;0.00;31.9;31.0;73.0;73.6;513;556;0;0;7806.09;3878.37;3927.72;431.82;428.19;11080.;0;AP ENGAGED;AT ENGAGED;0;0;-;-3.65;-2.95;3.91;0.90;-0.06;6.15
XX/09/21;12:45:22;APPROACH;AIR;AIR;AIR;7564;7564.00;1013.0;4412;2627;16.25;-15.884.607;-48.119.694;204;182;162;152.60;0.316;-1479;0.99;0.00;-0.00;103;153.98;8;-2.2;54050;10;-4.57;2.3;0.0;6.86;0.00;31.9;30.9;73.0;73.6;513;556;0;0;7806.33;3878.49;3927.84;431.82;431.82;11080.;0;AP ENGAGED;AT ENGAGED;0;0;-;-3.55;-2.95;0.28;0.90;-0.06;6.12
XX/09/21;12:45:23;APPROACH;AIR;AIR;AIR;7540;7540.00;1013.0;4388;2627;16.25;-15.884.724;-48.118.565;204;183;162;152.60;0.316;-1466;0.99;0.00;-0.00;102;154.34;8;-2.0;54050;10;-3.87;2.3;0.0;6.86;0.00;31.9;30.9;73.0;73.6;513;556;0;0;7806.57;3878.61;3927.96;431.82;431.82;11080.;0;AP ENGAGED;AT ENGAGED;0;0;-;-3.55;-2.95;0.28;2.26;-0.19;6.09
XX/09/21;12:45:24;APPROACH;AIR;AIR;AIR;7512;7512.00;1013.0;4360;2627;16.25;-15.884.840;-48.117.752;204;184;162;152.60;0.318;-1497;1.01;-0.01;-0.00;102;153.63;8;-1.8;54050;10;-2.11;2.5;0.1;7.03;0.00;31.9;30.9;73.0;73.8;513;556;0;0;7806.81;3878.73;3928.08;431.82;431.82;11080.;0;AP ENGAGED;AT ENGAGED;0;0;-;-3.75;-2.95;0.51;2.26;-0.13;6.15
XX/09/21;12:45:25;APPROACH;AIR;AIR;AIR;7488;7488.00;1013.0;4336;2627;16.50;-15.884.952;-48.116.943;204;184;162;152.60;0.318;-1518;1.03;0.00;0.00;102;150.12;7;-1.6;54050;10;-1.05;2.5;0.0;6.86;0.00;31.9;31.0;73.0;73.8;513;556;0;0;7807.05;3878.85;3928.20;431.82;431.82;11080.;0;AP ENGAGED;AT ENGAGED;0;0;-;-3.75;-2.90;0.51;1.92;-0.19;6.15
XX/09/21;12:45:26;APPROACH;AIR;AIR;AIR;7468;7468.00;1013.0;4316;2627;16.50;-15.885.062;-48.115.814;204;184;162;152.60;0.318;-1453;1.01;0.00;-0.01;102;146.25;7;-1.3;54050;10;0.00;2.3;-0.1;6.86;0.00;31.9;31.0;73.0;73.8;514;557;0;0;7807.29;3878.97;3928.32;431.82;431.82;11080.;0;AP ENGAGED;AT ENGAGED;0;0;-;-3.50;-2.90;0.85;1.92;-0.13;6.15
XX/09/21;12:45:27;APPROACH;AIR;AIR;AIR;7444;7444.00;1013.0;4292;2627;16.50;-15.885.170;-48.115.005;204;183;162;152.60;0.316;-1409;1.01;-0.00;-0.00;102;142.73;6;-1.1;54050;10;0.70;2.5;0.1;6.68;0.00;31.9;31.0;73.0;73.8;514;556;0;0;7807.53;3879.09;3928.44;431.82;431.82;11080.;0;AP ENGAGED;AT ENGAGED;0;0;-;-3.50;-2.85;0.85;1.47;-0.13;6.12
XX/09/21;12:45:28;APPROACH;AIR;AIR;AIR;7420;7420.00;1013.0;4268;2627;16.75;-15.885.277;-48.113.892;204;183;162;152.60;0.317;-1419;0.98;-0.01;-0.00;102;142.03;6;-0.9;54050;10;1.41;2.6;0.1;7.21;0.00;31.9;30.9;73.0;73.8;514;557;0;0;7807.77;3879.21;3928.56;431.82;431.82;11080.;0;AP ENGAGED;AT ENGAGED;0;0;-;-4.00;-2.85;1.81;1.47;-0.38;6.12
XX/09/21;12:45:29;APPROACH;AIR;AIR;AIR;7408;7408.00;1013.0;4256;2627;16.75;-15.885.383;-48.112.762;203;184;162;152.60;0.318;-1307;1.01;-0.00;-0.01;102;138.87;6;-1.1;54050;10;1.76;2.6;0.0;7.39;0.00;31.9;31.0;73.0;73.8;515;558;0;0;7808.01;3879.33;3928.68;435.45;435.45;11080.;0;AP ENGAGED;AT ENGAGED;0;0;-;-4.00;-2.95;1.81;-0.91;-0.32;6.12
XX/09/21;12:45:30;APPROACH;AIR;AIR;AIR;7380;7380.00;1013.0;4228;2627;16.75;-15.885.491;-48.111.954;203;183;162;152.60;0.315;-1272;0.98;0.01;-0.02;102;136.41;6;-1.3;54050;10;1.05;2.3;-0.2;7.03;0.00;31.9;31.0;73.0;73.8;515;558;0;0;7808.25;3879.45;3928.80;435.45;431.82;11080.;0;AP ENGAGED;AT ENGAGED;0;0;-;-3.65;-2.95;3.97;-0.91;0.06;6.12
XX/09/21;12:45:31;APPROACH;AIR;AIR;AIR;7356;7356.00;1013.0;4204;2627;17.00;-15.885.600;-48.110.840;202;183;162;152.60;0.315;-1367;0.96;0.00;-0.03;102;136.41;6;-1.3;54050;10;0.35;2.3;-0.0;7.56;0.00;31.9;30.9;73.0;73.8;516;557;0;0;7808.49;3879.57;3928.92;435.45;431.82;11080.;0;AP ENGAGED;AT ENGAGED;0;0;-;-3.65;-3.05;3.97;0.50;0.19;6.15
XX/09/21;12:45:32;APPROACH;AIR;AIR;AIR;7332;7332.00;1013.0;4180;2627;17.00;-15.885.402;-48.109.924;202;183;162;152.60;0.315;-1391;1.01;-0.00;-0.02;102;135.70;6;-1.3;54050;10;-1.41;2.3;-0.0;7.03;0.00;31.9;31.0;73.0;73.8;517;558;0;0;7808.73;3879.69;3929.04;435.45;435.45;11080.;0;AP ENGAGED;AT ENGAGED;0;0;-;-3.30;-3.05;1.08;0.50;0.06;6.12
XX/09/21;12:45:33;APPROACH;AIR;AIR;AIR;7308;7308.00;1013.0;4156;2627;17.00;-15.885.207;-48.109.009;202;182;161;152.60;0.314;-1407;0.92;-0.00;-0.04;102;134.65;6;-1.3;54050;10;-1.76;1.9;-0.2;6.51;0.00;31.9;30.9;73.0;73.8;516;558;0;0;7808.98;3879.81;3929.16;439.08;431.82;11080.;0;AP ENGAGED;AT ENGAGED;0;0;-;-3.30;-2.80;1.08;1.18;-0.19;6.12
XX/09/21;12:45:34;APPROACH;AIR;AIR;AIR;7284;7284.00;1013.0;4132;2627;17.25;-15.885.011;-48.107.796;201;183;161;152.60;0.316;-1418;1.01;0.00;-0.02;102;134.30;7;-1.6;54050;10;-1.76;2.1;0.1;6.86;0.00;31.9;31.0;73.0;73.8;517;558;0;0;7809.22;3879.93;3929.28;439.08;435.45;11080.;0;AP ENGAGED;AT ENGAGED;0;0;-;-3.75;-2.80;2.78;1.18;-0.25;6.12
XX/09/21;12:45:35;APPROACH;AIR;AIR;AIR;7260;7260.00;1013.0;4108;2627;17.25;-15.884.814;-48.106.880;201;182;161;152.60;0.313;-1425;0.99;0.01;-0.03;102;132.19;7;-1.6;54050;10;-0.70;2.3;0.1;7.03;0.00;31.9;31.0;73.0;73.8;517;558;0;0;7809.46;3880.05;3929.41;435.45;435.45;11080.;0;AP ENGAGED;AT ENGAGED;0;0;-;-3.75;-2.85;2.78;-0.11;0.13;6.18
XX/09/21;12:45:36;APPROACH;AIR;AIR;AIR;7236;7236.00;1013.0;4084;2627;17.25;-15.882.943;-48.105.965;200;181;161;152.60;0.312;-1430;0.98;-0.01;-0.02;102;132.89;7;-1.4;54050;10;-0.35;2.3;0.0;7.56;0.00;31.9;30.9;73.0;73.8;517;558;0;0;7809.70;3880.18;3929.53;439.08;435.45;11080.;0;AP ENGAGED;AT ENGAGED;0;0;-;-3.55;-2.85;0.91;-0.11;-0.13;6.12
XX/09/21;12:45:37;APPROACH;AIR;AIR;AIR;7212;7212.00;1013.0;4060;2627;17.25;-15.881.072;-48.104.839;200;180;161;152.60;0.309;-1433;0.98;-0.02;-0.03;102;133.24;7;-1.4;54050;10;-0.70;2.1;-0.1;7.56;0.00;31.9;30.9;73.1;73.8;518;559;0;0;7809.95;3880.30;3929.65;439.08;435.45;11080.;0;AP ENGAGED;AT ENGAGED;0;0;-;-3.55;-2.85;0.91;1.98;-0.57;6.12
XX/09/21;12:45:38;APPROACH;AIR;AIR;AIR;7188;7188.00;1013.0;4036;2627;17.25;-15.879.200;-48.104.027;199;179;161;152.60;0.308;-1436;0.99;0.01;-0.02;102;136.76;7;-1.8;54050;10;0.00;2.1;-0.0;7.21;0.00;31.9;30.9;73.1;73.8;517;559;0;0;7810.19;3880.42;3929.77;439.08;435.45;11080.;0;AP ENGAGED;AT ENGAGED;0;0;-;-3.55;-2.85;1.59;1.98;-0.13;6.15
XX/09/21;12:45:39;APPROACH;AIR;AIR;AIR;7160;7160.00;1013.0;4008;2627;17.50;-15.877.330;-48.103.218;199;178;161;152.60;0.306;-1477;0.94;0.00;-0.03;103;140.98;7;-1.8;54050;10;1.76;1.9;-0.1;7.03;0.00;31.9;30.9;73.1;73.8;517;559;0;0;7810.43;3880.54;3929.89;439.08;435.45;11080.;0;AP ENGAGED;AT ENGAGED;0;0;-;-3.55;-2.80;1.59;-1.47;0.06;6.15
XX/09/21;12:45:40;APPROACH;AIR;AIR;AIR;7132;7132.00;1013.0;3980;2627;17.50;-15.875.462;-48.102.097;198;179;161;152.60;0.307;-1544;0.94;-0.01;-0.03;103;144.14;6;-1.6;54050;10;2.81;1.9;-0.0;7.21;0.00;31.9;30.9;73.1;73.8;517;559;0;0;7810.67;3880.66;3930.01;435.45;435.45;11080.;4;AP ENGAGED;AT ENGAGED;0;0;-;-3.60;-2.80;3.80;-1.47;-0.13;6.12
XX/09/21;12:45:41;APPROACH;AIR;AIR;AIR;7104;7104.00;1013.0;3952;2627;17.50;-15.875.573;-48.101.284;198;180;161;152.60;0.309;-1589;0.97;-0.00;-0.02;103;144.84;7;-1.6;54050;10;1.76;1.9;-0.0;7.74;0.00;31.9;30.9;73.1;73.8;517;560;0;0;7810.92;3880.79;3930.13;439.08;439.08;11080.;4;AP ENGAGED;AT ENGAGED;0;0;-;-3.60;-2.70;3.80;-1.13;-0.13;6.15
XX/09/21;12:45:42;APPROACH;AIR;AIR;AIR;7076;7076.00;1013.0;3924;2627;17.50;-15.875.684;-48.100.479;198;181;161;152.60;0.311;-1619;1.05;0.01;-0.01;103;143.44;7;-1.8;54050;10;0.70;1.8;-0.1;7.74;0.00;31.9;30.9;73.1;73.8;518;560;0;0;7811.16;3880.91;3930.25;439.08;435.45;11080.;4;AP ENGAGED;AT ENGAGED;0;0;-;-2.70;-2.70;4.65;-1.13;-0.06;6.15
XX/09/21;12:45:43;APPROACH;AIR;AIR;AIR;7044;7044.00;1013.0;3892;2627;17.75;-15.875.798;-48.099.354;198;178;161;152.60;0.306;-1679;0.98;0.01;-0.02;103;140.63;7;-1.6;54050;10;1.41;1.6;-0.1;7.56;0.00;31.9;30.9;73.1;73.8;518;560;0;0;7811.40;3881.03;3930.37;439.08;439.08;11080.;4;AP ENGAGED;AT ENGAGED;0;0;-;-2.70;-1.95;4.65;-1.36;0.57;6.12
XX/09/21;12:45:44;APPROACH;AIR;AIR;AIR;7020;7020.00;1013.0;3868;2627;17.75;-15.875.911;-48.098.545;198;179;161;152.60;0.307;-1679;1.00;-0.01;-0.02;103;137.81;6;-0.9;54050;10;1.41;2.1;0.3;8.09;0.00;31.9;30.9;73.1;73.8;518;560;0;0;7811.65;3881.15;3930.50;435.45;435.45;11080.;4;AP ENGAGED;AT ENGAGED;0;0;-;-3.25;-1.95;1.76;-1.36;-0.32;6.15
XX/09/21;12:45:45;APPROACH;AIR;AIR;AIR;6992;6992.00;1013.0;3840;2627;18.00;-15.876.024;-48.097.733;197;179;161;152.60;0.307;-1640;1.01;-0.00;-0.01;103;135.00;6;-1.1;54050;10;-1.05;2.3;0.2;8.62;0.00;31.9;30.9;73.1;73.9;518;561;0;0;7811.89;3881.27;3930.62;439.08;442.71;11080.;4;AP ENGAGED;AT ENGAGED;0;0;-;-3.25;-2.70;1.76;1.75;-0.44;6.12
XX/09/21;12:45:46;APPROACH;AIR;AIR;AIR;6964;6964.00;1013.0;3812;2627;18.00;-15.876.137;-48.096.611;197;180;161;152.60;0.309;-1653;0.97;0.02;-0.02;103;134.65;7;-1.7;54050;10;-1.76;2.1;-0.1;7.21;0.00;31.9;30.9;73.1;73.9;518;560;0;0;7812.14;3881.40;3930.74;439.08;439.08;11080.;4;AP ENGAGED;AT ENGAGED;0;0;-;-3.25;-2.70;0.74;1.75;0.06;6.15
XX/09/21;12:45:47;APPROACH;AIR;AIR;AIR;6936;6936.00;1013.0;3784;2627;18.25;-15.876.249;-48.095.798;197;180;161;152.60;0.309;-1662;0.99;-0.00;-0.02;103;131.84;7;-1.3;54050;10;0.00;1.9;-0.1;7.56;0.00;31.9;30.9;73.1;73.8;518;560;0;0;7812.38;3881.52;3930.86;442.71;439.08;11080.;4;AP ENGAGED;AT ENGAGED;0;0;-;-3.25;-2.95;0.74;1.58;0.06;6.32
XX/09/21;12:45:48;APPROACH;AIR;AIR;AIR;6912;6912.00;1013.0;3760;2627;18.25;-15.876.361;-48.094.986;196;183;161;152.60;0.313;-1628;0.99;-0.01;-0.03;102;125.86;7;-0.9;54050;10;1.41;2.1;0.1;7.21;0.00;31.9;30.9;73.1;73.8;518;561;0;0;7812.63;3881.64;3930.98;439.08;439.08;11080.;4;AP ENGAGED;AT ENGAGED;0;0;-;-4.05;-2.95;2.44;1.58;-0.19;6.50
XX/09/21;12:45:49;APPROACH;AIR;AIR;AIR;6884;6884.00;1013.0;3732;2627;18.25;-15.876.472;-48.093.864;196;182;161;152.60;0.312;-1606;1.03;-0.00;-0.02;103;118.13;8;-0.8;54050;10;1.41;2.5;0.2;7.56;0.00;31.9;30.9;73.1;73.8;518;561;0;0;7812.87;3881.76;3931.11;439.08;439.08;11080.;4;AP ENGAGED;AT ENGAGED;0;0;-;-4.05;-3.40;2.44;-1.30;-0.25;6.50
XX/09/21;12:45:50;APPROACH;AIR;AIR;AIR;6860;6860.00;1013.0;3708;2627;18.25;-15.876.583;-48.093.052;195;182;161;152.60;0.312;-1591;1.01;-0.00;-0.02;103;113.20;8;-1.0;54050;10;0.70;2.6;0.1;7.39;0.00;31.9;31.0;73.1;73.9;518;561;0;0;7813.11;3881.89;3931.23;442.71;439.08;11080.;3;AP ENGAGED;AT ENGAGED;0;0;-;-4.05;-3.40;3.69;-1.30;-0.13;6.50
XX/09/21;12:45:51;APPROACH;AIR;AIR;AIR;6836;6836.00;1013.0;3684;2627;18.25;-15.876.693;-48.092.239;195;182;161;152.60;0.311;-1541;1.00;0.00;-0.02;103;112.15;9;-1.2;54050;10;-0.35;2.6;0.0;7.39;0.00;31.9;31.0;73.1;73.9;518;561;0;0;7813.36;3882.01;3931.35;442.71;442.71;11080.;4;AP ENGAGED;AT ENGAGED;0;0;-;-4.05;-3.40;3.69;-0.85;-0.13;6.50
XX/09/21;12:45:52;APPROACH;AIR;AIR;AIR;6812;6812.00;1013.0;3660;2627;18.25;-15.876.804;-48.091.122;194;181;161;152.60;0.310;-1508;1.01;0.01;-0.02;103;112.15;9;-1.3;54050;10;-0.70;2.8;0.1;7.56;0.00;31.9;31.0;73.1;73.9;518;561;0;0;7813.61;3882.13;3931.47;442.71;439.08;11080.;4;AP ENGAGED;AT ENGAGED;0;0;-;-4.28;-3.40;2.10;-0.85;0.06;6.47
XX/09/21;12:45:53;APPROACH;AIR;AIR;AIR;6788;6788.00;1013.0;3636;2627;18.25;-15.876.915;-48.090.313;193;181;161;152.60;0.309;-1485;1.00;0.00;-0.02;103;111.45;10;-1.2;54050;10;-0.35;2.8;0.0;7.39;0.00;31.9;30.9;73.1;73.9;519;561;0;0;7813.85;3882.25;3931.60;442.71;442.71;11080.;4;AP ENGAGED;AT ENGAGED;0;0;-;-4.28;-3.55;2.10;1.41;0.00;6.47
XX/09/21;12:45:54;APPROACH;AIR;AIR;AIR;6764;6764.00;1013.0;3612;2627;18.25;-15.877.025;-48.089.497;193;181;161;152.60;0.308;-1470;0.99;-0.00;-0.02;103;109.34;10;-0.8;54050;10;0.35;2.6;-0.1;7.39;0.00;31.9;30.9;73.1;73.9;518;561;0;0;7814.10;3882.38;3931.72;442.71;442.71;11080.;4;AP ENGAGED;AT ENGAGED;0;0;-;-4.28;-3.55;2.61;1.41;-0.13;6.47
XX/09/21;12:45:55;APPROACH;AIR;AIR;AIR;6740;6740.00;1013.0;3588;2627;18.25;-15.877.136;-48.088.383;192;180;161;152.60;0.307;-1460;0.99;-0.01;-0.02;102;105.82;10;-0.5;54050;10;1.41;2.5;-0.1;7.39;0.00;31.9;30.9;73.1;73.9;519;561;0;0;7814.34;3882.50;3931.84;442.71;442.71;11080.;4;AP ENGAGED;AT ENGAGED;0;0;-;-4.28;-3.55;2.61;-1.76;-0.13;6.50
XX/09/21;12:45:56;APPROACH;AIR;AIR;AIR;6712;6712.00;1013.0;3560;2627;18.25;-15.877.244;-48.087.570;192;180;161;152.60;0.307;-1493;0.97;-0.00;-0.02;102;103.01;10;-0.5;54050;10;0.35;2.3;-0.1;7.39;0.00;31.9;30.9;73.1;73.9;519;561;0;0;7814.59;3882.62;3931.97;442.71;442.71;11080.;4;AP ENGAGED;AT ENGAGED;0;0;-;-4.23;-3.55;1.42;-1.76;-0.25;6.47
XX/09/21;12:45:57;APPROACH;AIR;AIR;AIR;6688;6688.00;1013.0;3536;2627;18.25;-15.877.351;-48.086.754;192;180;161;152.60;0.306;-1515;0.97;0.00;-0.02;103;101.95;10;-0.7;54050;10;-0.70;2.1;-0.1;7.39;0.00;31.9;30.9;73.1;73.9;518;561;0;0;7814.84;3882.75;3932.09;442.71;442.71;11080.;4;AP ENGAGED;AT ENGAGED;0;0;-;-4.23;-3.45;1.42;2.37;-0.13;6.50
XX/09/21;12:45:58;APPROACH;AIR;AIR;AIR;6660;6660.00;1013.0;3508;2627;18.25;-15.877.458;-48.085.640;191;180;161;152.60;0.306;-1530;0.98;-0.00;-0.02;102;99.84;10;-0.4;54050;10;0.70;2.1;-0.0;7.39;0.00;31.9;30.9;73.1;73.9;518;561;0;0;7815.08;3882.87;3932.21;442.71;439.08;11080.;3;AP ENGAGED;AT ENGAGED;0;0;-;-4.00;-3.45;0.06;2.37;-0.13;6.50
XX/09/21;12:45:59;APPROACH;AIR;AIR;AIR;6636;6636.00;1013.0;3484;2627;18.25;-15.877.564;-48.084.824;191;179;161;152.60;0.305;-1540;0.99;-0.01;-0.02;102;95.27;10;0.1;54050;10;3.52;2.1;-0.0;7.56;0.00;31.9;30.9;73.1;73.9;519;561;0;0;7815.33;3882.99;3932.34;442.71;446.34;11080.;4;AP ENGAGED;AT ENGAGED;0;0;-;-4.00;-3.40;0.06;0.33;-0.13;6.53
XX/09/21;12:46:00;APPROACH;AIR;AIR;AIR;6608;6608.00;1013.0;3456;2627;18.25;-15.877.671;-48.084.011;190;179;161;152.60;0.305;-1547;0.99;-0.01;-0.02;103;90.00;10;0.4;54050;10;3.87;2.1;-0.0;7.56;0.00;31.9;30.9;73.1;73.9;519;561;0;0;7815.57;3883.12;3932.46;442.71;442.71;11080.;4;AP ENGAGED;AT ENGAGED;0;0;-;-4.05;-3.40;4.82;0.33;-0.32;6.50
XX/09/21;12:46:01;APPROACH;AIR;AIR;AIR;6584;6584.00;1013.0;3432;2627;18.50;-15.877.778;-48.082.901;190;179;161;152.60;0.305;-1551;0.99;-0.00;-0.02;103;87.54;10;0.1;54050;10;2.11;1.9;-0.1;7.74;0.00;31.9;30.9;73.1;73.9;519;562;0;0;7815.82;3883.24;3932.58;442.71;446.34;11080.;4;AP ENGAGED;AT ENGAGED;0;0;-;-4.05;-3.30;4.82;-1.13;-0.32;6.47
XX/09/21;12:46:02;APPROACH;AIR;AIR;AIR;6556;6556.00;1013.0;3404;2627;18.50;-15.877.886;-48.082.081;190;180;161;152.60;0.306;-1554;0.98;0.01;-0.02;103;89.30;10;-0.4;54050;10;0.00;1.9;-0.0;7.56;0.00;31.9;30.9;73.1;73.9;520;562;0;0;7816.07;3883.36;3932.71;446.34;442.71;11080.;4;AP ENGAGED;AT ENGAGED;0;0;-;-4.00;-3.30;3.63;-1.13;0.00;6.50
XX/09/21;12:46:03;APPROACH;AIR;AIR;AIR;6528;6528.00;1013.0;3376;2627;18.50;-15.877.995;-48.081.268;190;180;161;152.57;0.305;-1596;0.99;0.01;-0.02;103;92.11;10;-0.7;54032;10;-0.70;1.9;-0.0;7.74;0.00;31.9;30.9;73.1;73.9;520;562;0;0;7816.32;3883.49;3932.83;446.34;446.34;11080.;4;AP ENGAGED;AT ENGAGED;0;0;-;-4.00;-3.15;3.63;-1.87;0.32;6.50
XX/09/21;12:46:04;APPROACH;AIR;AIR;AIR;6504;6504.00;1013.0;3352;2627;18.75;-15.878.108;-48.080.154;190;180;161;152.57;0.305;-1584;1.00;0.00;-0.02;103;93.87;10;-0.6;54032;10;-0.70;1.9;-0.0;7.56;0.00;31.9;30.9;73.1;73.9;519;562;0;0;7816.56;3883.61;3932.95;446.34;446.34;11080.;4;AP ENGAGED;AT ENGAGED;0;0;-;-3.95;-3.15;3.63;-1.87;0.19;6.50
XX/09/21;12:46:05;APPROACH;AIR;AIR;AIR;6476;6476.00;1013.0;3324;2627;18.75;-15.878.218;-48.079.338;189;180;161;152.57;0.305;-1576;0.99;0.00;-0.02;103;94.22;10;-0.5;54032;10;-1.76;1.9;-0.0;7.74;0.00;31.9;30.9;73.1;73.9;520;562;0;0;7816.81;3883.73;3933.08;446.34;446.34;11080.;4;AP ENGAGED;AT ENGAGED;0;0;-;-3.95;-3.15;3.63;-0.34;-0.06;6.50
XX/09/21;12:46:06;APPROACH;AIR;AIR;AIR;6452;6452.00;1013.0;3300;2627;18.75;-15.878.330;-48.078.526;189;179;161;152.57;0.304;-1571;1.01;0.00;-0.02;103;94.22;11;-0.4;54032;10;-2.11;1.9;-0.0;7.56;0.00;31.9;30.9;73.1;73.9;520;562;0;0;7817.06;3883.86;3933.20;446.34;446.34;11080.;4;AP ENGAGED;AT ENGAGED;0;0;-;-3.95;-3.15;1.53;-0.34;-0.06;6.50
XX/09/21;12:46:07;APPROACH;AIR;AIR;AIR;6424;6424.00;1013.0;3272;2627;19.00;-15.878.135;-48.077.412;189;179;161;152.57;0.304;-1567;1.03;0.00;-0.03;103;93.52;11;-0.3;54032;10;-1.76;1.9;-0.0;7.21;0.00;31.9;30.9;73.1;73.9;520;563;0;0;7817.31;3883.98;3933.33;446.34;449.96;11080.;4;AP ENGAGED;AT ENGAGED;0;0;-;-3.95;-3.25;1.53;2.89;-0.13;6.50
XX/09/21;12:46:08;APPROACH;AIR;AIR;AIR;6400;6400.00;1013.0;3248;2627;19.00;-15.877.939;-48.076.591;188;179;161;152.57;0.303;-1565;1.07;-0.00;-0.03;102;91.41;11;0.0;54032;10;0.00;2.1;0.1;6.86;0.00;31.9;30.9;73.1;73.9;521;564;0;0;7817.56;3884.11;3933.45;449.96;449.96;11080.;4;AP ENGAGED;AT ENGAGED;0;0;-;-4.41;-3.25;1.59;2.89;-0.13;6.47
XX/09/21;12:46:09;FINAL APPROACH;AIR;AIR;AIR;6380;6380.00;1013.0;3228;2627;19.00;-15.877.740;-48.075.779;188;178;161;146.43;0.302;-1484;1.06;-0.01;-0.04;102;87.89;11;0.4;54032;15;1.41;2.3;0.1;6.51;0.00;31.9;30.9;73.1;73.9;521;564;0;0;7817.81;3884.23;3933.58;449.96;449.96;11080.;4;AP ENGAGED;AT ENGAGED;0;0;-;-4.41;-4.30;1.59;-1.02;-0.32;6.47
XX/09/21;12:46:10;FINAL APPROACH;AIR;AIR;AIR;6360;6360.00;1013.0;3208;2627;19.00;-15.877.540;-48.074.665;187;178;161;146.43;0.301;-1390;1.03;-0.01;-0.04;102;85.08;11;0.4;54032;15;1.05;2.3;0.0;5.98;0.00;31.9;30.9;73.1;73.9;522;564;0;0;7818.06;3884.36;3933.70;449.96;449.96;11080.;4;AP ENGAGED;AT ENGAGED;0;0;-;-5.24;-4.30;5.05;-1.02;-0.51;6.44
XX/09/21;12:46:11;FINAL APPROACH;AIR;AIR;AIR;6344;6344.00;1013.0;3192;2627;19.00;-15.876.573;-48.073.849;186;177;161;146.43;0.299;-1288;0.99;0.01;-0.05;103;85.08;11;0.0;54032;15;-0.35;1.9;-0.2;5.45;0.00;31.9;30.9;73.1;73.9;521;563;0;0;7818.31;3884.48;3933.83;449.96;449.96;11080.;4;AP ENGAGED;AT ENGAGED;0;0;-;-5.24;-4.66;5.05;-1.19;-0.13;6.47
XX/09/21;12:46:12;FINAL APPROACH;AIR;AIR;AIR;6324;6324.00;1013.0;3172;2627;19.00;-15.875.606;-48.073.032;185;176;161;146.43;0.298;-1219;0.95;0.01;-0.05;103;86.48;11;-0.3;54032;15;-1.76;1.8;-0.1;5.28;0.00;31.9;30.9;73.1;73.9;521;563;0;0;7818.56;3884.61;3933.95;449.96;449.96;11080.;4;AP ENGAGED;AT ENGAGED;0;0;-;-5.33;-4.66;1.87;-1.19;0.13;6.50
XX/09/21;12:46:13;FINAL APPROACH;AIR;AIR;AIR;6300;6300.00;1013.0;3148;2627;18.75;-15.874.639;-48.071.922;184;175;161;146.43;0.297;-1253;0.95;0.01;-0.05;103;86.84;11;0.0;54032;15;-1.05;1.4;-0.2;5.28;0.00;31.9;30.9;73.1;73.9;521;563;0;0;7818.81;3884.73;3934.08;449.96;446.34;11080.;4;AP ENGAGED;AT ENGAGED;0;0;-;-5.33;-4.39;1.87;-0.51;0.06;6.38
XX/09/21;12:46:14;FINAL APPROACH;AIR;AIR;AIR;6280;6280.00;1013.0;3128;2627;18.75;-15.873.672;-48.071.106;184;174;161;146.43;0.295;-1275;0.94;-0.00;-0.05;102;84.38;11;0.4;54032;15;0.70;1.2;-0.2;5.28;0.00;31.8;30.9;73.1;73.9;521;563;0;0;7819.06;3884.86;3934.20;449.96;446.34;11080.;4;AP ENGAGED;AT ENGAGED;0;0;-;-4.64;-4.39;1.76;-0.51;-0.06;6.18
XX/09/21;12:46:15;FINAL APPROACH;AIR;AIR;AIR;6256;6256.00;1013.0;3104;2627;18.75;-15.872.704;-48.070.293;183;173;161;146.43;0.293;-1290;0.94;-0.01;-0.05;102;80.51;11;0.9;54032;15;0.70;1.1;-0.1;5.45;0.00;31.8;30.9;73.1;73.9;521;564;0;0;7819.31;3884.98;3934.32;446.34;449.96;11080.;4;AP ENGAGED;AT ENGAGED;0;0;-;-4.64;-3.50;1.76;2.09;-0.19;6.03
XX/09/21;12:46:16;FINAL APPROACH;AIR;AIR;AIR;6228;6228.00;1013.0;3076;2627;18.75;-15.872.804;-48.069.183;182;173;161;146.43;0.293;-1379;0.93;-0.01;-0.05;102;76.29;11;1.1;54032;15;1.05;0.7;-0.2;5.45;0.00;31.8;30.9;73.1;73.9;521;564;0;0;7819.56;3885.11;3934.45;449.96;449.96;11080.;4;AP ENGAGED;AT ENGAGED;0;0;-;-3.75;-3.50;1.19;2.09;-0.38;5.82
XX/09/21;12:46:17;FINAL APPROACH;AIR;AIR;AIR;6204;6204.00;1013.0;3052;2627;18.75;-15.872.903;-48.068.367;182;173;161;146.43;0.293;-1439;0.94;-0.01;-0.05;102;72.42;11;1.2;54032;15;2.11;0.7;-0.0;5.63;0.00;31.8;30.9;73.1;73.9;522;564;0;0;7819.81;3885.23;3934.57;449.96;449.96;11080.;4;AP ENGAGED;AT ENGAGED;0;0;-;-3.75;-2.85;1.19;-1.02;-0.19;5.82
XX/09/21;12:46:18;FINAL APPROACH;AIR;AIR;AIR;6176;6176.00;1013.0;3024;2627;18.75;-15.873.001;-48.067.551;182;173;161;146.43;0.293;-1479;0.97;-0.00;-0.04;102;69.96;11;1.1;54032;15;2.11;0.5;-0.1;5.98;0.00;31.8;30.9;73.1;73.9;522;564;0;0;7820.06;3885.36;3934.70;449.96;449.96;11080.;4;AP ENGAGED;AT ENGAGED;0;0;-;-3.30;-2.85;4.03;-1.02;-0.19;5.79
XX/09/21;12:46:19;FINAL APPROACH;AIR;AIR;AIR;6148;6148.00;1013.0;2996;2627;18.75;-15.873.100;-48.066.750;182;173;161;146.43;0.292;-1545;0.97;0.00;-0.04;103;69.61;11;0.9;54032;15;1.05;0.7;0.1;5.98;0.00;31.8;30.9;73.1;73.9;522;564;0;0;7820.31;3885.48;3934.82;449.96;449.96;11080.;4;AP ENGAGED;AT ENGAGED;0;0;-;-3.30;-2.45;4.03;-0.96;-0.13;5.79
XX/09/21;12:46:20;FINAL APPROACH;AIR;AIR;AIR;6120;6120.00;1013.0;2968;2616;19.00;-15.873.199;-48.065.933;181;172;161;146.43;0.291;-1590;0.99;0.01;-0.04;103;70.31;11;0.7;54032;15;0.35;0.7;0.0;6.16;0.00;31.8;30.9;73.1;73.9;522;564;0;0;7820.56;3885.61;3934.95;453.59;449.96;11080.;4;AP ENGAGED;AT ENGAGED;0;0;-;-2.75;-2.45;4.25;-0.96;0.06;5.82
XX/09/21;12:46:21;FINAL APPROACH;AIR;AIR;AIR;6092;6092.00;1013.0;2940;2593;19.00;-15.873.300;-48.065.109;181;172;161;146.43;0.290;-1619;1.01;0.00;-0.04;103;71.02;10;0.7;54032;15;0.70;1.1;0.2;6.51;0.00;31.8;30.9;73.1;73.9;522;564;0;0;7820.81;3885.73;3935.07;449.96;449.96;11080.;4;AP ENGAGED;AT ENGAGED;0;0;-;-2.75;-1.80;4.25;-2.89;0.13;5.79
XX/09/21;12:46:22;FINAL APPROACH;AIR;AIR;AIR;6068;6068.00;1013.0;2916;2546;19.00;-15.873.401;-48.064.312;181;173;161;146.43;0.291;-1600;1.02;0.00;-0.03;103;71.02;11;0.9;54032;15;-0.35;1.4;0.3;7.03;0.00;31.8;30.9;73.1;73.9;522;564;0;0;7821.06;3885.86;3935.20;449.96;453.59;11080.;4;AP ENGAGED;AT ENGAGED;0;0;-;-2.55;-1.80;3.69;-2.89;0.06;5.76
XX/09/21;12:46:23;FINAL APPROACH;AIR;AIR;AIR;6044;6044.00;1013.0;2892;2532;19.00;-15.873.503;-48.063.210;180;173;161;146.43;0.291;-1547;1.05;0.01;-0.03;103;71.37;11;0.8;54032;15;-1.41;1.9;0.4;7.21;0.00;31.8;30.9;73.3;73.9;523;564;0;0;7821.31;3885.98;3935.33;457.22;453.59;11080.;4;AP ENGAGED;AT ENGAGED;0;0;-;-2.55;-1.85;3.69;-1.36;0.00;5.97
XX/09/21;12:46:24;FINAL APPROACH;AIR;AIR;AIR;6020;6020.00;1013.0;2868;2492;19.25;-15.873.605;-48.062.485;180;172;161;146.43;0.289;-1512;1.05;0.00;-0.02;102;71.72;11;0.8;54032;15;-1.76;2.5;0.4;7.56;0.00;31.8;30.9;73.1;73.9;522;564;0;0;7821.56;3886.11;3935.45;453.59;453.59;11080.;4;AP ENGAGED;AT ENGAGED;0;0;-;-3.00;-1.85;4.20;-1.36;-0.13;6.12
XX/09/21;12:46:25;FINAL APPROACH;AIR;AIR;AIR;6000;6000.00;1013.0;2848;2469;19.25;-15.873.705;-48.061.779;179;172;161;146.43;0.289;-1448;1.07;-0.00;-0.02;102;71.72;11;0.8;54032;15;-2.46;3.0;0.4;7.74;0.00;31.8;30.9;73.1;73.9;522;565;0;0;7821.82;3886.24;3935.58;453.59;453.59;11080.;4;AP ENGAGED;AT ENGAGED;0;0;-;-3.00;-2.65;4.20;1.18;-0.13;6.29
XX/09/21;12:46:26;FINAL APPROACH;AIR;AIR;AIR;5984;5984.00;1013.0;2832;2450;19.25;-15.873.804;-48.060.772;178;171;161;146.43;0.287;-1327;1.07;-0.00;-0.02;102;72.42;11;0.7;54032;15;-2.46;3.5;0.4;7.74;0.00;31.8;30.8;73.1;73.9;523;564;0;0;7822.07;3886.36;3935.70;453.59;453.59;11080.;4;AP ENGAGED;AT ENGAGED;0;0;-;-4.32;-2.65;1.19;1.18;-0.06;6.50
XX/09/21;12:46:27;FINAL APPROACH;AIR;AIR;AIR;5964;5964.00;1013.0;2812;2430;19.25;-15.873.900;-48.060.043;178;170;161;146.43;0.286;-1245;1.04;-0.00;-0.02;102;72.42;11;0.8;54032;15;-1.41;3.7;0.2;7.21;0.00;31.8;30.8;73.1;73.9;523;565;0;0;7822.32;3886.49;3935.83;453.59;453.59;11080.;4;AP ENGAGED;AT ENGAGED;0;0;-;-4.32;-3.85;1.19;2.26;-0.19;6.53
XX/09/21;12:46:28;FINAL APPROACH;AIR;AIR;AIR;5948;5948.00;1013.0;2796;2421;19.50;-15.873.995;-48.059.319;176;169;161;146.43;0.285;-1191;1.00;-0.01;-0.03;102;71.37;12;1.0;54032;15;0.00;3.3;-0.2;6.68;0.00;31.8;30.8;73.1;73.9;523;565;0;0;7822.57;3886.61;3935.96;453.59;453.59;11080.;4;AP ENGAGED;AT ENGAGED;0;0;-;-4.55;-3.85;-0.33;2.26;-0.25;6.50
XX/09/21;12:46:29;FINAL APPROACH;AIR;AIR;AIR;5932;5932.00;1013.0;2780;2413;19.50;-15.874.088;-48.058.212;176;169;161;146.43;0.284;-1115;0.97;-0.01;-0.03;102;70.31;12;1.1;54032;15;1.41;3.2;-0.1;6.68;0.00;31.8;30.8;73.1;73.9;523;565;0;0;7822.82;3886.74;3936.08;453.59;453.59;11080.;4;AP ENGAGED;AT ENGAGED;0;0;-;-4.55;-3.70;-0.33;-0.01;-0.32;6.50
XX/09/21;12:46:30;FINAL APPROACH;AIR;AIR;AIR;5916;5916.00;1013.0;2764;2405;19.25;-15.874.181;-48.057.392;175;168;161;146.43;0.283;-1064;0.98;-0.01;-0.03;102;69.26;12;1.2;54032;15;2.46;3.0;-0.1;6.86;0.00;31.8;30.8;73.1;73.9;523;566;0;0;7823.08;3886.87;3936.21;453.59;453.59;11080.;4;AP ENGAGED;AT ENGAGED;0;0;-;-4.23;-3.70;3.69;-0.01;-0.44;6.56
XX/09/21;12:46:31;FINAL APPROACH;AIR;AIR;AIR;5900;5900.00;1013.0;2748;2400;19.50;-15.874.274;-48.056.576;174;168;161;146.43;0.282;-1029;1.00;-0.00;-0.03;102;69.96;12;0.9;54032;15;1.76;3.2;0.1;7.21;0.00;31.8;30.8;73.1;73.9;523;566;0;0;7823.33;3886.99;3936.34;453.59;457.22;11080.;4;AP ENGAGED;AT ENGAGED;0;0;-;-4.23;-3.25;3.69;-0.40;-0.25;6.50
XX/09/21;12:46:32;FINAL APPROACH;AIR;AIR;AIR;5884;5884.00;1013.0;2732;2384;19.50;-15.874.369;-48.055.782;173;167;161;146.43;0.281;-1007;1.00;0.00;-0.02;103;72.07;12;0.4;54032;15;1.05;3.3;0.1;7.39;0.00;31.8;30.8;73.1;73.9;524;566;0;0;7823.58;3887.12;3936.46;457.22;453.59;11080.;4;AP ENGAGED;AT ENGAGED;0;0;-;-3.80;-3.25;3.91;-0.40;-0.13;6.26
XX/09/21;12:46:33;FINAL APPROACH;AIR;AIR;AIR;5868;5868.00;1013.0;2716;2365;19.50;-15.874.465;-48.054.958;172;166;161;146.43;0.278;-991;1.00;0.00;-0.02;103;74.88;12;0.4;54032;15;1.76;3.2;-0.1;7.21;0.00;31.8;30.8;73.1;73.9;524;566;0;0;7823.83;3887.25;3936.59;453.59;453.59;11080.;4;AP ENGAGED;AT ENGAGED;0;0;-;-3.80;-2.90;3.91;-2.10;0.06;6.26
XX/09/21;12:46:34;FINAL APPROACH;AIR;AIR;AIR;5848;5848.00;1013.0;2696;2352;19.50;-15.874.565;-48.054.142;171;165;161;146.43;0.277;-1020;0.96;-0.00;-0.03;103;76.29;12;0.4;54032;15;1.41;3.0;-0.1;7.21;0.00;31.8;30.8;73.1;73.9;523;566;0;0;7824.09;3887.37;3936.71;453.59;457.22;11080.;4;AP ENGAGED;AT ENGAGED;0;0;-;-3.40;-2.90;4.48;-2.10;0.00;6.29
XX/09/21;12:46:35;FINAL APPROACH;AIR;AIR;AIR;5832;5832.00;1013.0;2680;2342;19.50;-15.874.666;-48.053.352;171;165;161;146.43;0.276;-1040;0.97;0.00;-0.02;103;77.34;12;0.4;54032;15;0.35;3.2;0.1;7.56;0.00;31.8;30.8;73.1;73.9;524;566;0;0;7824.34;3887.50;3936.84;457.22;453.59;11080.;4;AP ENGAGED;AT ENGAGED;0;0;-;-3.40;-2.65;4.48;-0.79;-0.06;6.29
XX/09/21;12:46:36;FINAL APPROACH;AIR;AIR;AIR;5812;5812.00;1013.0;2660;2328;19.50;-15.874.767;-48.052.261;170;164;161;146.43;0.275;-1053;0.99;0.00;-0.02;103;78.75;12;0.3;54032;15;-0.35;3.2;0.0;7.91;0.00;31.8;30.8;73.1;73.9;524;567;0;0;7824.59;3887.63;3936.97;457.22;457.22;11080.;3;AP ENGAGED;AT ENGAGED;0;0;-;-3.40;-2.65;3.69;-0.79;0.13;6.29
XX/09/21;12:46:37;FINAL APPROACH;AIR;AIR;AIR;5796;5796.00;1013.0;2644;2291;19.50;-15.874.869;-48.051.529;169;163;161;146.43;0.274;-1062;1.00;0.00;-0.02;103;79.45;12;0.3;54032;15;-0.70;3.2;0.0;8.09;0.00;31.6;30.8;73.1;73.9;524;567;0;0;7824.85;3887.75;3937.09;457.22;453.59;11080.;3;AP ENGAGED;AT ENGAGED;0;0;-;-3.40;-2.60;3.69;-1.87;-0.06;6.26
XX/09/21;12:46:38;FINAL APPROACH;AIR;AIR;AIR;5776;5776.00;1013.0;2624;2275;19.50;-15.874.971;-48.050.827;169;163;161;146.43;0.274;-1068;0.99;0.00;-0.02;103;80.51;12;0.2;54032;15;-1.05;3.2;0.0;7.74;0.00;31.8;30.8;73.1;73.9;525;567;0;0;7825.10;3887.88;3937.22;457.22;457.22;11080.;4;AP ENGAGED;AT ENGAGED;0;0;-;-3.15;-2.60;3.40;-1.87;0.06;6.26
XX/09/21;12:46:39;FINAL APPROACH;AIR;AIR;AIR;5756;5756.00;1013.0;2604;2267;19.50;-15.875.072;-48.049.828;168;163;161;146.43;0.273;-1112;0.97;0.00;-0.02;103;81.91;12;0.1;54032;15;-2.11;3.2;0.0;7.91;0.00;31.6;30.8;73.1;73.9;524;567;0;0;7825.35;3888.01;3937.35;453.59;457.22;11080.;4;AP ENGAGED;AT ENGAGED;0;0;-;-3.15;-2.40;3.40;-1.02;0.00;6.29
XX/09/21;12:46:40;FINAL APPROACH;AIR;AIR;AIR;5736;5736.00;1013.0;2584;2251;19.50;-15.875.172;-48.049.091;167;164;161;146.43;0.274;-1141;0.99;-0.00;-0.02;103;82.97;12;0.0;54032;15;-2.46;3.3;0.1;7.91;0.00;31.6;30.8;73.1;73.9;525;567;0;0;7825.61;3888.13;3937.47;457.22;457.22;11080.;4;AP ENGAGED;AT ENGAGED;0;0;-;-3.15;-2.40;1.93;-1.02;0.06;6.24
XX/09/21;12:46:41;FINAL APPROACH;AIR;AIR;AIR;5716;5716.00;1013.0;2564;2237;19.50;-15.875.271;-48.048.355;167;164;161;146.43;0.275;-1160;0.99;-0.01;-0.02;103;84.02;13;-0.1;54032;15;-3.16;3.3;0.0;8.09;0.00;31.6;30.8;73.1;73.9;525;567;0;0;7825.86;3888.26;3937.60;457.22;457.22;11080.;3;AP ENGAGED;AT ENGAGED;0;0;-;-3.15;-2.80;1.93;4.53;-0.19;6.32
XX/09/21;12:46:42;FINAL APPROACH;AIR;AIR;AIR;5696;5696.00;1013.0;2544;2228;19.25;-15.875.370;-48.047.569;166;163;161;146.43;0.272;-1173;0.98;-0.00;-0.02;103;85.78;13;-0.4;54032;15;-3.16;3.3;0.0;7.91;0.00;31.8;30.8;73.1;73.9;525;566;0;0;7826.12;3888.39;3937.73;460.85;457.22;11080.;4;AP ENGAGED;AT ENGAGED;0;0;-;-3.55;-2.80;0.00;4.53;-0.44;6.47
XX/09/21;12:46:43;FINAL APPROACH;AIR;AIR;AIR;5676;5676.00;1013.0;2524;2220;19.25;-15.875.466;-48.046.741;165;163;161;146.43;0.272;-1182;0.99;-0.00;-0.02;103;87.54;13;-0.4;54032;15;0.35;3.3;0.0;8.09;0.00;31.6;30.8;73.1;73.9;524;566;0;0;7826.37;3888.51;3937.85;457.22;457.22;11080.;4;AP ENGAGED;AT ENGAGED;0;0;-;-3.55;-3.25;0.00;-0.17;-0.19;6.65
XX/09/21;12:46:44;FINAL APPROACH;AIR;AIR;AIR;5656;5656.00;1013.0;2504;2185;19.25;-15.875.562;-48.045.918;165;162;161;146.43;0.271;-1188;1.00;-0.01;-0.02;103;88.24;14;-0.4;54032;15;1.76;3.5;0.1;8.27;0.00;31.6;30.8;73.1;73.9;524;566;0;0;7826.62;3888.64;3937.98;457.22;457.22;11080.;4;AP ENGAGED;AT ENGAGED;0;0;-;-4.64;-3.25;1.53;-0.17;-0.13;6.74
XX/09/21;12:46:45;FINAL APPROACH;AIR;AIR;AIR;5636;5636.00;1013.0;2484;2160;19.25;-15.875.659;-48.045.135;164;162;161;146.43;0.270;-1192;0.97;-0.00;-0.02;104;89.30;14;-0.4;54032;15;1.41;3.2;-0.2;8.27;0.00;31.6;30.8;73.1;73.9;525;567;0;0;7826.88;3888.77;3938.11;457.22;460.85;11080.;4;AP ENGAGED;AT ENGAGED;0;0;-;-4.64;-3.85;1.53;-0.23;-0.25;6.71
XX/09/21;12:46:46;FINAL APPROACH;AIR;AIR;AIR;5612;5612.00;1013.0;2460;2138;19.00;-15.875.759;-48.044.052;163;163;161;146.43;0.272;-1234;0.95;0.00;-0.02;104;90.70;14;-0.7;54032;15;1.76;2.6;-0.4;7.21;0.00;31.6;30.8;73.1;73.8;525;567;0;0;7827.13;3888.90;3938.24;460.85;457.22;11080.;4;AP ENGAGED;AT ENGAGED;0;0;-;-4.14;-3.85;3.06;-0.23;-0.13;6.68
XX/09/21;12:46:47;FINAL APPROACH;AIR;AIR;AIR;5588;5588.00;1013.0;2436;2129;19.00;-15.875.858;-48.043.308;163;163;161;146.43;0.272;-1302;0.93;0.00;-0.02;104;92.46;15;-0.8;54032;15;2.11;2.3;-0.3;7.56;0.00;31.6;30.8;73.1;73.9;524;567;0;0;7827.39;3889.02;3938.36;457.22;460.85;11080.;3;AP ENGAGED;AT ENGAGED;0;0;-;-4.14;-3.35;3.06;-3.80;0.00;6.68
XX/09/21;12:46:48;FINAL APPROACH;AIR;AIR;AIR;5564;5564.00;1013.0;2412;2088;19.00;-15.875.961;-48.042.618;162;162;161;146.43;0.270;-1348;0.96;0.00;-0.02;105;93.52;15;-0.8;54032;15;1.76;2.5;0.0;7.91;0.00;31.6;30.8;73.1;73.9;525;567;0;0;7827.64;3889.15;3938.49;457.22;457.22;11080.;4;AP ENGAGED;AT ENGAGED;0;0;-;-4.09;-3.35;6.07;-3.80;0.06;6.68
XX/09/21;12:46:49;FINAL APPROACH;AIR;AIR;AIR;5544;5544.00;1013.0;2392;2036;19.00;-15.876.065;-48.041.920;162;162;161;146.43;0.271;-1339;0.96;0.01;-0.02;105;95.63;15;-1.3;54032;15;-1.41;2.5;0.0;8.62;0.00;31.6;30.8;73.1;73.9;525;567;0;0;7827.90;3889.28;3938.62;460.85;457.22;11080.;4;AP ENGAGED;AT ENGAGED;0;0;-;-4.09;-3.20;6.07;-1.08;0.13;6.71
XX/09/21;12:46:50;FINAL APPROACH;AIR;AIR;AIR;5516;5516.00;1013.0;2364;1994;19.25;-15.876.171;-48.041.180;162;164;161;146.43;0.273;-1372;1.00;0.01;-0.01;105;98.09;16;-1.7;54032;15;-3.16;2.5;0.0;8.44;0.00;31.6;30.8;73.1;73.9;525;567;0;0;7828.15;3889.41;3938.75;460.85;460.85;11080.;3;AP ENGAGED;AT ENGAGED;0;0;-;-4.00;-3.20;1.93;-1.08;0.19;6.71
XX/09/21;12:46:51;FINAL APPROACH;AIR;AIR;AIR;5492;5492.00;1013.0;2340;1956;19.25;-15.876.276;-48.040.436;161;163;161;146.43;0.272;-1434;1.06;0.01;-0.02;104;99.14;17;-1.5;54032;15;-2.11;2.3;-0.1;8.09;0.00;31.6;30.6;73.1;73.8;525;566;0;0;7828.41;3889.53;3938.87;460.85;457.22;11080.;4;AP ENGAGED;AT ENGAGED;0;0;-;-4.00;-3.20;1.93;1.64;0.13;6.68
XX/09/21;12:46:52;FINAL APPROACH;AIR;AIR;AIR;5468;5468.00;1013.0;2316;1943;19.00;-15.876.380;-48.039.658;161;163;161;146.43;0.271;-1436;1.06;-0.00;-0.04;104;98.44;17;-1.0;54032;15;-0.35;1.9;-0.2;6.86;0.00;31.6;30.8;73.0;73.8;524;567;0;0;7828.66;3889.66;3939.00;460.85;464.48;11080.;4;AP ENGAGED;AT ENGAGED;0;0;-;-4.55;-3.20;3.91;1.64;-0.13;6.65
XX/09/21;12:46:53;FINAL APPROACH;AIR;AIR;AIR;5452;5452.00;1013.0;2300;1932;19.25;-15.876.483;-48.038.879;160;162;161;136.58;0.270;-1358;1.01;-0.01;-0.04;104;96.33;17;-0.5;54032;25;0.70;1.8;-0.2;6.68;0.00;31.6;30.6;73.0;73.8;525;567;0;0;7828.92;3889.79;3939.13;460.85;460.85;11080.;4;AP ENGAGED;AT ENGAGED;0;0;-;-4.55;-4.25;3.91;-0.62;-0.32;6.65
XX/09/21;12:46:54;FINAL APPROACH;AIR;AIR;AIR;5428;5428.00;1013.0;2276;1912;19.00;-15.876.585;-48.038.132;160;161;161;136.58;0.268;-1306;0.98;-0.01;-0.05;104;95.27;17;-0.7;54032;25;-0.35;1.6;-0.1;5.98;0.00;31.6;30.6;73.1;73.8;525;567;0;0;7829.18;3889.92;3939.26;460.85;460.85;11080.;4;AP ENGAGED;AT ENGAGED;0;0;-;-4.96;-4.25;2.27;-0.62;-0.38;6.68
XX/09/21;12:46:55;FINAL APPROACH;AIR;AIR;AIR;5408;5408.00;1013.0;2256;1899;18.50;-15.876.685;-48.037.441;159;160;161;136.58;0.266;-1311;0.95;0.00;-0.05;104;95.63;17;-1.0;54032;25;-0.35;1.4;-0.1;5.98;0.00;31.6;30.6;73.0;73.8;524;566;0;0;7829.43;3890.05;3939.39;460.85;460.85;11080.;3;AP ENGAGED;AT ENGAGED;0;0;-;-4.96;-4.00;2.27;-0.51;-0.13;6.68
XX/09/21;12:46:56;FINAL APPROACH;AIR;AIR;AIR;5388;5388.00;1013.0;2236;1868;18.25;-15.876.784;-48.036.747;158;160;161;136.58;0.267;-1274;0.97;0.00;-0.04;104;95.98;17;-1.0;54032;25;0.00;1.2;-0.1;6.51;0.00;31.5;30.6;73.0;73.8;523;566;0;0;7829.69;3890.17;3939.51;460.85;460.85;11080.;4;AP ENGAGED;AT ENGAGED;0;0;-;-4.37;-4.00;4.31;-0.51;-0.06;6.71
XX/09/21;12:46:57;FINAL APPROACH;AIR;AIR;AIR;5368;5368.00;1013.0;2216;1845;18.00;-15.876.882;-48.035.751;158;161;161;136.58;0.267;-1250;1.00;-0.00;-0.04;104;96.33;17;-1.1;54032;25;0.00;1.2;-0.0;6.33;0.00;31.6;30.6;73.0;73.8;524;566;0;0;7829.94;3890.30;3939.64;460.85;460.85;11080.;4;AP ENGAGED;AT ENGAGED;0;0;-;-4.37;-3.65;4.31;-2.49;-0.06;6.56
XX/09/21;12:46:58;FINAL APPROACH;AIR;AIR;AIR;5344;5344.00;1013.0;2192;1821;18.25;-15.876.981;-48.035.088;157;159;161;136.58;0.264;-1273;0.97;0.00;-0.04;104;96.68;17;-1.3;54032;25;-1.05;1.4;0.1;5.98;0.00;31.5;30.6;73.0;73.6;524;565;0;0;7830.20;3890.43;3939.77;460.85;460.85;11080.;3;AP ENGAGED;AT ENGAGED;0;0;-;-4.14;-3.65;0.62;-2.49;-0.06;6.41
XX/09/21;12:46:59;FINAL APPROACH;AIR;AIR;AIR;5324;5324.00;1013.0;2172;1794;18.00;-15.877.081;-48.034.397;157;159;161;136.58;0.264;-1288;0.96;0.00;-0.04;104;98.09;17;-1.5;54032;25;-1.76;1.2;-0.1;6.86;0.00;31.5;30.6;73.0;73.6;524;565;0;0;7830.46;3890.56;3939.90;464.48;460.85;11080.;4;AP ENGAGED;AT ENGAGED;0;0;-;-4.14;-2.95;0.62;0.79;0.06;6.24
XX/09/21;12:47:00;FINAL APPROACH;AIR;AIR;AIR;5300;5300.00;1013.0;2148;1763;17.75;-15.877.182;-48.033.707;156;158;161;136.58;0.262;-1299;0.98;-0.00;-0.04;104;98.44;17;-1.3;54032;25;0.00;1.2;-0.0;6.68;0.00;31.5;30.6;73.0;73.6;524;565;0;0;7830.71;3890.69;3940.03;464.48;460.85;11080.;3;AP ENGAGED;AT ENGAGED;0;0;-;-3.35;-2.95;2.66;0.79;-0.06;6.24
XX/09/21;12:47:01;FINAL APPROACH;AIR;AIR;AIR;5276;5276.00;1013.0;2124;1719;17.75;-15.877.281;-48.032.955;156;158;161;136.58;0.262;-1345;0.98;-0.00;-0.04;104;98.09;17;-1.0;54032;25;1.05;1.1;-0.1;6.68;0.00;31.5;30.6;73.0;73.6;523;565;0;0;7830.97;3890.81;3940.15;460.85;460.85;11080.;4;AP ENGAGED;AT ENGAGED;0;0;-;-3.35;-2.60;2.66;-3.29;-0.13;6.21
XX/09/21;12:47:02;FINAL APPROACH;AIR;AIR;AIR;5256;5256.00;1013.0;2104;1704;17.75;-15.877.380;-48.032.207;156;157;161;136.58;0.261;-1337;0.99;0.00;-0.03;104;97.73;16;-0.9;54032;25;0.35;1.2;0.1;7.03;0.00;31.5;30.6;73.0;73.6;523;565;0;0;7831.23;3890.94;3940.28;464.48;460.85;11080.;4;AP ENGAGED;AT ENGAGED;0;0;-;-3.35;-2.60;3.01;-3.29;-0.13;6.21
XX/09/21;12:47:03;FINAL APPROACH;AIR;AIR;AIR;5232;5232.00;1013.0;2080;1674;17.75;-15.877.478;-48.031.433;156;156;161;136.58;0.258;-1331;1.00;-0.00;-0.03;104;97.38;16;-1.1;54032;25;-1.41;1.2;0.0;7.39;0.00;31.5;30.5;72.9;73.6;523;565;0;0;7831.48;3891.07;3940.41;460.85;460.85;11080.;4;AP ENGAGED;AT ENGAGED;0;0;-;-3.35;-2.40;3.01;0.39;-0.19;6.21
XX/09/21;12:47:04;FINAL APPROACH;AIR;AIR;AIR;5204;5204.00;1013.0;2052;1652;17.75;-15.877.574;-48.030.663;155;155;161;136.58;0.258;-1407;0.97;-0.00;-0.03;104;97.38;16;-0.9;54032;25;-0.35;1.1;-0.1;6.68;0.00;31.5;30.5;72.9;73.6;522;565;0;0;7831.74;3891.20;3940.54;460.85;464.48;11080.;4;AP ENGAGED;AT ENGAGED;0;0;-;-3.05;-2.40;3.46;0.39;-0.06;6.21
XX/09/21;12:47:05;FINAL APPROACH;AIR;AIR;AIR;5180;5180.00;1013.0;2028;1617;17.75;-15.877.672;-48.029.911;155;153;161;136.58;0.254;-1457;0.94;0.00;-0.04;104;96.33;15;-0.5;54032;25;1.41;0.9;-0.1;7.03;0.00;31.5;30.5;72.9;73.6;522;566;0;0;7831.99;3891.33;3940.67;460.85;460.85;11080.;4;AP ENGAGED;AT ENGAGED;0;0;-;-3.05;-2.40;3.46;-0.74;-0.13;6.29
XX/09/21;12:47:06;FINAL APPROACH;AIR;AIR;AIR;5156;5156.00;1013.0;2004;1587;17.50;-15.877.461;-48.029.221;155;155;161;136.58;0.256;-1452;1.01;0.01;-0.02;104;94.92;14;-0.2;54032;25;1.05;1.1;0.1;8.09;0.00;32.3;32.8;73.6;75.5;540;598;0;0;7832.29;3891.46;3940.83;489.88;584.23;11080.;4;AP ENGAGED;AT ENGAGED;0;0;-;-3.35;-2.40;6.35;-0.74;-0.13;6.47
XX/09/21;12:47:07;FINAL APPROACH;AIR;AIR;AIR;5136;5136.00;1013.0;1984;1550;17.50;-15.877.251;-48.028.530;155;153;161;136.55;0.254;-1408;1.00;-0.00;-0.01;103;92.81;13;0.0;54014;25;0.35;1.2;0.1;9.50;-0.03;35.6;36.6;76.5;78.8;589;629;0;0;7832.68;3891.65;3941.03;671.32;725.75;11080.;4;AP ENGAGED;AT ENGAGED;0;0;-;-3.35;-3.10;6.35;-0.06;0.00;6.65
XX/09/21;12:47:08;FINAL APPROACH;AIR;AIR;AIR;5108;5108.00;1013.0;1956;1529;17.75;-15.877.039;-48.027.534;156;154;161;136.55;0.255;-1419;1.08;0.02;0.01;103;91.41;13;0.0;54014;25;-2.81;1.2;0.0;6.51;-0.03;40.1;45.0;80.1;81.4;612;618;0;0;7833.13;3891.87;3941.26;791.07;812.84;11080.;4;AP ENGAGED;AT ENGAGED;0;0;-;-3.90;-3.10;0.62;-0.06;0.13;6.68
XX/09/21;12:47:09;FINAL APPROACH;AIR;AIR;AIR;5084;5084.00;1013.0;1932;1496;17.75;-15.876.826;-48.026.863;156;154;161;136.55;0.255;-1465;0.92;-0.02;-0.02;103;90.00;13;0.0;54014;25;-2.81;0.9;-0.2;7.74;-0.01;45.1;43.3;81.6;79.8;576;568;0;0;7833.54;3892.09;3941.44;801.95;678.58;11080.;4;AP ENGAGED;AT ENGAGED;0;0;-;-3.90;-3.60;0.62;3.79;-0.57;6.68
XX/09/21;12:47:10;FINAL APPROACH;AIR;AIR;AIR;5060;5060.00;1013.0;1908;1479;18.00;-15.875.447;-48.026.169;156;156;161;136.55;0.258;-1457;1.01;-0.01;-0.03;103;90.00;13;-0.4;54014;25;-1.76;1.2;0.2;7.56;-0.02;45.1;39.8;81.3;78.9;545;556;0;0;7833.92;3892.30;3941.62;762.04;631.40;11080.;4;AP ENGAGED;AT ENGAGED;0;0;-;-4.23;-3.60;-0.73;3.79;-0.70;6.65
XX/09/21;12:47:11;FINAL APPROACH;AIR;AIR;AIR;5036;5036.00;1013.0;1884;1456;18.00;-15.874.070;-48.025.475;155;156;161;136.55;0.258;-1451;1.06;-0.00;-0.04;104;92.11;13;-1.1;54014;25;-0.70;1.1;-0.1;6.33;-0.02;41.8;38.9;79.6;79.0;517;560;0;0;7834.28;3892.48;3941.79;635.03;627.77;11000.;4;AP ENGAGED;AT ENGAGED;0;0;-;-4.23;-3.50;-0.73;0.28;-0.51;6.65
XX/09/21;12:47:12;FINAL APPROACH;AIR;AIR;AIR;5012;5012.00;1013.0;1860;1436;18.00;-15.872.693;-48.024.723;155;156;161;136.55;0.257;-1448;1.05;-0.00;-0.06;104;95.98;14;-1.8;54014;25;1.05;0.9;-0.1;5.45;-0.02;38.3;38.3;78.1;78.9;510;557;0;0;7834.61;3892.64;3941.96;580.60;609.63;11000.;4;AP ENGAGED;AT ENGAGED;0;0;-;-4.78;-3.50;4.42;0.28;-0.25;6.62
XX/09/21;12:47:13;FINAL APPROACH;AIR;AIR;AIR;4996;4996.00;1013.0;1844;1422;17.75;-15.871.318;-48.023.968;154;154;146;131.63;0.254;-1366;1.04;0.00;-0.08;105;100.20;14;-2.2;54014;30;1.41;0.5;-0.2;4.75;-0.02;37.1;38.1;77.8;78.9;514;556;0;0;7834.93;3892.80;3942.13;566.08;609.63;11000.;4;AP ENGAGED;AT ENGAGED;0;0;-;-4.78;-4.39;4.42;-1.87;0.25;6.62
XX/09/21;12:47:14;FINAL APPROACH;AIR;AIR;AIR;4976;4976.00;1013.0;1824;1407;17.50;-15.869.948;-48.023.201;153;153;146;131.63;0.252;-1272;1.07;0.01;-0.10;105;103.71;14;-2.3;54014;30;1.05;0.2;-0.3;3.87;-0.02;36.6;38.1;77.5;78.9;519;555;0;0;7835.25;3892.95;3942.30;558.83;602.37;11000.;4;AP ENGAGED;AT ENGAGED;0;0;-;-5.06;-4.39;3.18;-1.87;0.32;6.59
XX/09/21;12:47:15;FINAL APPROACH;AIR;AIR;AIR;4960;4960.00;1013.0;1808;1383;17.50;-15.870.049;-48.022.430;152;151;142;129.17;0.249;-1208;1.04;-0.01;-0.11;105;106.17;14;-2.2;54014;40;-0.35;-0.7;-0.6;1.76;-0.02;36.5;38.1;77.5;78.9;524;554;0;0;7835.58;3893.11;3942.47;562.46;602.37;11000.;3;AP ENGAGED;AT ENGAGED;0;0;-;-5.06;-4.02;3.18;0.11;0.00;6.62
XX/09/21;12:47:16;FINAL APPROACH;AIR;AIR;AIR;4944;4944.00;1013.0;1792;1369;17.25;-15.870.151;-48.021.679;150;149;142;129.17;0.246;-1126;0.92;-0.00;-0.13;105;108.63;14;-2.6;54014;40;-1.05;-1.1;-0.3;1.41;-0.02;37.6;38.0;78.5;78.9;541;553;0;0;7835.92;3893.28;3942.63;616.89;598.74;11000.;4;AP ENGAGED;AT ENGAGED;0;0;-;-4.87;-4.02;3.18;0.11;-0.13;6.53
XX/09/21;12:47:17;FINAL APPROACH;AIR;AIR;AIR;4928;4928.00;1013.0;1776;1351;17.50;-15.870.256;-48.020.988;149;148;142;129.17;0.245;-1071;0.98;0.03;-0.11;106;111.45;14;-2.8;54014;40;-0.35;-0.7;0.1;2.99;-0.01;39.6;38.3;80.1;79.1;554;555;0;0;7836.28;3893.47;3942.80;678.58;613.26;11000.;4;AP ENGAGED;AT ENGAGED;0;0;-;-4.87;-3.40;3.18;-4.37;0.25;6.35
XX/09/21;12:47:18;FINAL APPROACH;AIR;AIR;AIR;4912;4912.00;1013.0;1760;1336;17.25;-15.870.359;-48.020.306;148;147;142;129.17;0.242;-1035;1.01;-0.00;-0.09;105;112.85;14;-2.3;54014;40;2.11;-0.5;0.1;3.69;-0.02;43.1;43.5;81.6;81.5;559;588;0;0;7836.71;3893.68;3943.03;754.78;801.95;11000.;4;AP ENGAGED;AT ENGAGED;0;0;-;-4.05;-3.40;4.82;-4.37;0.57;6.21
XX/09/21;12:47:19;FINAL APPROACH;AIR;AIR;AIR;4892;4892.00;1013.0;1740;1310;17.25;-15.870.462;-48.019.627;147;145;142;129.17;0.239;-1050;0.98;-0.00;-0.08;105;111.09;13;-1.4;54014;40;1.05;-0.5;0.0;1.93;-0.02;50.6;53.1;83.5;83.5;565;588;0;0;7837.22;3893.93;3943.29;885.41;943.47;11000.;4;AP ENGAGED;AT ENGAGED;0;0;-;-4.05;-1.95;4.82;-0.17;-0.19;6.00
XX/09/21;12:47:20;FINAL APPROACH;AIR;AIR;AIR;4876;4876.00;1013.0;1724;1294;17.25;-15.870.563;-48.018.948;147;144;142;129.17;0.238;-1060;0.95;-0.00;-0.07;105;110.04;13;-1.4;54014;40;-1.05;-0.2;0.2;3.34;-0.01;55.6;58.0;84.6;84.8;564;583;0;0;7837.79;3894.20;3943.59;997.90;1066.8;11000.;4;AP ENGAGED;AT ENGAGED;0;0;-;-3.95;-1.95;2.72;-0.17;-0.19;6.03
XX/09/21;12:47:21;FINAL APPROACH;AIR;AIR;AIR;4860;4860.00;1013.0;1708;1282;17.00;-15.870.662;-48.018.265;146;145;142;129.17;0.239;-1027;1.01;-0.01;-0.05;104;109.69;12;-1.5;54014;40;-1.41;0.9;0.7;4.75;-0.01;59.3;60.8;85.6;85.5;566;580;0;0;7838.43;3894.52;3943.91;1124.9;1179.3;11000.;3;AP ENGAGED;AT ENGAGED;0;0;-;-3.95;-3.70;2.72;0.39;-0.25;6.03
XX/09/21;12:47:22;FINAL APPROACH;AIR;AIR;AIR;4844;4844.00;1013.0;1692;1274;17.25;-15.870.759;-48.017.578;146;144;142;129.17;0.238;-1005;1.06;0.01;-0.02;105;110.04;12;-1.8;54014;40;-2.11;1.6;0.6;5.63;-0.02;62.5;64.9;86.5;86.6;571;589;0;0;7839.13;3894.86;3944.28;1230.1;1309.9;11000.;4;AP ENGAGED;AT ENGAGED;0;0;-;-5.38;-3.70;3.23;0.39;-0.06;6.03
XX/09/21;12:47:23;FINAL APPROACH;AIR;AIR;AIR;4828;4828.00;1013.0;1676;1260;17.25;-15.870.854;-48.016.891;146;145;142;129.17;0.238;-990;1.06;0.01;-0.03;104;110.74;12;-1.9;54014;40;-1.41;1.4;0.0;4.75;-0.03;65.1;66.4;87.4;87.0;576;592;0;0;7839.89;3895.23;3944.66;1331.7;1393.4;11000.;4;AP ENGAGED;AT ENGAGED;0;0;-;-5.38;-4.43;3.23;-1.42;0.13;6.03
XX/09/21;12:47:24;FINAL APPROACH;AIR;AIR;AIR;4816;4816.00;1013.0;1664;1250;17.50;-15.870.948;-48.016.209;145;144;142;129.17;0.237;-940;1.01;0.01;-0.03;104;110.74;12;-1.8;54014;40;-1.76;0.7;-0.4;2.99;-0.02;66.1;66.5;87.9;87.3;578;591;0;0;7840.68;3895.62;3945.06;1400.6;1426.1;11000.;4;AP ENGAGED;AT ENGAGED;0;0;-;-4.41;-4.43;3.18;-1.42;0.25;6.03
XX/09/21;12:47:25;FINAL APPROACH;AIR;AIR;AIR;4800;4800.00;1013.0;1648;1241;17.25;-15.871.041;-48.015.522;145;142;142;129.17;0.233;-907;0.96;0.00;-0.04;104;110.04;11;-1.3;54014;40;-1.76;0.2;-0.4;3.34;-0.02;66.5;66.4;87.9;87.3;579;592;0;0;7841.47;3896.01;3945.46;1429.7;1433.3;11000.;4;AP ENGAGED;AT ENGAGED;0;0;-;-4.41;-3.40;3.18;0.84;0.06;5.94
XX/09/21;12:47:26;FINAL APPROACH;AIR;AIR;AIR;4784;4784.00;1013.0;1632;1230;17.25;-15.871.131;-48.014.839;145;143;142;129.17;0.235;-925;0.98;-0.01;-0.04;103;108.63;11;-0.9;54014;40;-2.11;0.2;-0.1;2.99;-0.01;66.5;66.1;87.9;87.3;579;591;0;0;7842.27;3896.41;3945.85;1436.9;1426.1;11000.;4;AP ENGAGED;AT ENGAGED;0;0;-;-3.65;-3.40;-0.33;0.84;-0.25;5.82
XX/09/21;12:47:27;FINAL APPROACH;AIR;AIR;AIR;4772;4772.00;1013.0;1620;1223;17.25;-15.871.219;-48.014.153;145;143;142;129.17;0.235;-897;0.97;-0.02;-0.03;103;106.17;10;-0.9;54014;40;-2.46;0.5;0.2;4.04;-0.01;66.4;66.0;87.9;87.3;578;592;0;0;7843.06;3896.81;3946.25;1436.9;1418.8;11000.;4;AP ENGAGED;AT ENGAGED;0;0;-;-3.65;-2.75;-0.33;2.89;-0.89;5.82
XX/09/21;12:47:28;FINAL APPROACH;AIR;AIR;AIR;4756;4756.00;1013.0;1604;1213;17.25;-15.871.305;-48.013.462;145;143;142;129.17;0.235;-878;1.01;0.01;-0.02;103;106.52;10;-1.6;54014;40;-2.11;0.9;0.2;4.04;-0.01;66.0;66.6;87.9;87.6;578;597;0;0;7843.86;3897.21;3946.65;1422.4;1451.5;11000.;4;AP ENGAGED;AT ENGAGED;0;0;-;-3.65;-2.75;1.19;2.89;-0.44;5.82
XX/09/21;12:47:29;FINAL APPROACH;AIR;AIR;AIR;4740;4740.00;1013.0;1588;1201;17.50;-15.871.390;-48.012.775;145;141;142;129.17;0.232;-905;1.02;0.01;-0.02;103;108.98;10;-1.9;54014;40;-0.35;1.4;0.4;5.45;0.01;67.3;68.0;88.4;88.1;589;605;0;0;7844.68;3897.62;3947.06;1473.2;1484.1;11000.;4;AP ENGAGED;AT ENGAGED;0;0;-;-3.65;-4.11;1.19;-0.57;0.06;5.79
XX/09/21;12:47:30;FINAL APPROACH;AIR;AIR;AIR;4728;4728.00;1013.0;1576;1199;17.50;-15.871.474;-48.012.093;145;142;142;129.17;0.233;-884;1.05;0.01;-0.01;103;111.09;10;-1.8;54014;40;0.70;1.6;0.2;4.92;0.03;68.9;69.1;88.9;88.4;595;609;0;0;7845.53;3898.04;3947.49;1527.7;1538.5;11000.;4;AP ENGAGED;AT ENGAGED;0;0;-;-4.28;-4.11;1.30;-0.57;0.25;5.85
XX/09/21;12:47:31;FINAL APPROACH;AIR;AIR;AIR;4712;4712.00;1013.0;1560;1198;17.75;-15.871.558;-48.011.406;145;144;142;129.17;0.236;-869;1.01;-0.00;-0.02;103;110.39;10;-1.3;54014;40;0.35;1.1;-0.3;4.04;0.04;69.4;69.0;89.0;88.3;598;610;0;0;7846.40;3898.47;3947.92;1560.3;1549.4;11000.;4;AP ENGAGED;AT ENGAGED;0;0;-;-4.28;-3.95;1.30;0.28;0.00;5.82
XX/09/21;12:47:32;FINAL APPROACH;AIR;AIR;AIR;4700;4700.00;1013.0;1548;1189;17.75;-15.871.643;-48.010.715;145;143;142;129.17;0.235;-860;0.99;0.00;-0.02;103;106.88;10;-0.9;54014;40;0.70;0.9;-0.2;3.17;0.04;69.5;69.3;89.0;88.4;600;614;0;0;7847.27;3898.91;3948.36;1571.2;1563.9;11000.;4;AP ENGAGED;AT ENGAGED;0;0;-;-4.37;-3.95;1.47;0.28;0.06;5.82
XX/09/21;12:47:33;FINAL APPROACH;AIR;AIR;AIR;4684;4684.00;1013.0;1532;1186;17.75;-15.871.726;-48.010.029;145;144;142;129.17;0.236;-853;0.91;-0.02;-0.03;102;103.36;10;-0.6;54014;40;0.35;0.7;-0.1;2.99;0.05;69.8;69.4;89.1;88.5;604;616;0;0;7848.15;3899.35;3948.79;1593.0;1571.2;11000.;4;AP ENGAGED;AT ENGAGED;0;0;-;-4.37;-3.00;1.47;0.50;-0.44;5.79
XX/09/21;12:47:34;FINAL APPROACH;AIR;AIR;AIR;4672;4672.00;1013.0;1520;1182;17.75;-15.871.809;-48.009.346;145;143;142;129.17;0.234;-849;1.01;-0.01;-0.02;103;101.25;10;-0.9;54014;40;-0.35;1.2;0.3;4.75;0.06;69.9;69.5;89.3;88.6;605;617;0;0;7849.03;3899.80;3949.23;1596.6;1574.8;11000.;4;AP ENGAGED;AT ENGAGED;0;0;-;-5.01;-3.00;2.27;0.50;-0.76;5.82
XX/09/21;12:47:35;FINAL APPROACH;AIR;AIR;AIR;4660;4660.00;1013.0;1508;1190;17.75;-15.871.891;-48.008.656;145;142;142;129.17;0.234;-806;1.04;-0.00;-0.02;103;102.30;10;-1.4;54014;40;0.70;1.8;0.4;5.10;0.06;69.9;69.5;89.3;88.6;606;618;0;0;7849.91;3900.24;3949.67;1600.2;1578.5;11000.;4;AP ENGAGED;AT ENGAGED;0;0;-;-5.01;-3.85;2.27;0.16;-0.13;5.82
XX/09/21;12:47:36;FINAL APPROACH;AIR;AIR;AIR;4644;4644.00;1013.0;1492;1195;17.75;-15.871.974;-48.007.969;144;143;142;129.17;0.234;-817;1.02;0.01;-0.02;104;104.06;10;-1.5;54014;40;1.41;1.6;-0.0;4.40;0.05;68.5;68.5;88.9;88.3;600;613;0;0;7850.77;3900.67;3950.09;1553.1;1534.9;11000.;4;AP ENGAGED;AT ENGAGED;0;0;-;-4.60;-3.85;4.48;0.16;0.19;5.82
XX/09/21;12:47:37;FINAL APPROACH;AIR;AIR;AIR;4632;4632.00;1013.0;1480;1193;18.00;-15.872.058;-48.007.282;144;144;142;129.17;0.236;-825;0.99;0.00;-0.03;103;103.71;10;-1.1;54014;40;1.05;1.2;-0.2;3.69;0.06;67.6;67.6;88.4;88.0;597;611;0;0;7851.60;3901.09;3950.51;1509.5;1498.6;11000.;4;AP ENGAGED;AT ENGAGED;0;0;-;-4.60;-3.55;4.48;-0.51;0.38;5.79
XX/09/21;12:47:38;FINAL APPROACH;AIR;AIR;AIR;4620;4620.00;1013.0;1468;1239;18.00;-15.872.144;-48.006.599;144;144;142;129.17;0.237;-790;0.95;-0.01;-0.04;103;101.95;11;-0.8;54014;40;-0.35;1.1;-0.1;4.04;0.06;67.1;67.4;88.3;87.9;596;611;0;0;7852.42;3901.50;3950.92;1473.2;1480.5;11000.;3;AP ENGAGED;AT ENGAGED;0;0;-;-4.14;-3.55;1.47;-0.51;-0.19;5.82
XX/09/21;12:47:39;FINAL APPROACH;AIR;AIR;AIR;4608;4608.00;1013.0;1456;1268;18.00;-15.872.230;-48.005.913;144;144;142;129.17;0.236;-767;1.06;0.02;-0.02;103;101.60;11;-1.2;54014;40;-2.11;1.2;0.1;4.75;0.07;67.4;67.4;88.4;87.9;600;612;0;0;7853.24;3901.91;3951.33;1473.2;1476.9;11000.;4;AP ENGAGED;AT ENGAGED;0;0;-;-4.14;-3.80;1.47;2.54;-0.13;5.82
XX/09/21;12:47:40;FINAL APPROACH;AIR;AIR;AIR;4596;4596.00;1013.0;1444;1314;18.00;-15.872.316;-48.005.226;143;141;142;129.17;0.231;-752;0.91;-0.01;-0.04;103;102.66;11;-1.5;54014;40;-2.11;0.7;-0.3;2.99;0.08;68.0;67.4;88.6;88.0;604;612;0;0;7854.07;3902.33;3951.74;1495.0;1469.6;11000.;4;AP ENGAGED;AT ENGAGED;0;0;-;-3.15;-3.80;3.06;2.54;-0.19;5.82
XX/09/21;12:47:41;FINAL APPROACH;AIR;AIR;AIR;4584;4584.00;1013.0;1432;1331;18.00;-15.872.402;-48.004.539;143;141;142;129.17;0.231;-741;0.95;0.01;-0.03;103;104.41;10;-1.5;54014;40;1.05;1.1;0.1;4.40;0.09;67.5;67.4;88.5;87.9;600;612;0;0;7854.88;3902.73;3952.15;1469.6;1469.6;11000.;4;AP ENGAGED;AT ENGAGED;0;0;-;-3.15;-3.15;3.06;0.39;0.06;5.82
XX/09/21;12:47:42;FINAL APPROACH;AIR;AIR;AIR;4568;4568.00;1013.0;1416;1341;18.00;-15.872.486;-48.003.860;143;141;142;129.17;0.232;-774;0.95;-0.02;-0.03;103;104.41;10;-1.1;54014;40;1.41;1.9;0.6;4.75;0.09;66.9;67.0;88.1;87.9;597;610;0;0;7855.69;3903.14;3952.55;1451.5;1455.1;11000.;4;AP ENGAGED;AT ENGAGED;0;0;-;-3.90;-3.15;1.59;0.39;-0.19;5.79
XX/09/21;12:47:43;FINAL APPROACH;AIR;AIR;AIR;4556;4556.00;1013.0;1404;1311;18.25;-15.872.571;-48.003.174;143;142;142;129.17;0.232;-796;1.07;-0.01;-0.01;103;103.36;11;-1.1;54014;40;0.70;2.6;0.5;5.80;0.10;66.6;67.3;88.1;88.0;598;614;0;0;7856.50;3903.54;3952.96;1436.9;1458.7;11000.;4;AP ENGAGED;AT ENGAGED;0;0;-;-3.90;-3.90;1.59;1.18;-0.51;5.82
XX/09/21;12:47:44;FINAL APPROACH;AIR;AIR;AIR;4544;4544.00;1013.0;1392;1269;18.50;-15.872.657;-48.002.483;142;142;142;129.17;0.232;-771;1.02;-0.00;-0.01;104;104.41;11;-1.6;54014;40;0.70;2.6;0.1;4.75;0.11;68.6;69.9;89.0;88.9;612;627;0;0;7857.35;3903.96;3953.39;1509.5;1567.6;11000.;4;AP ENGAGED;AT ENGAGED;0;0;-;-4.51;-3.90;2.61;1.18;-0.38;5.82
XX/09/21;12:47:45;FINAL APPROACH;AIR;AIR;AIR;4532;4532.00;1013.0;1380;1235;18.50;-15.872.745;-48.001.797;142;143;142;129.17;0.235;-754;1.01;0.01;-0.01;105;106.52;11;-2.0;54014;40;1.05;2.3;-0.2;4.92;0.11;70.9;70.8;89.5;89.1;620;630;0;0;7858.24;3904.40;3953.84;1600.2;1607.5;11000.;4;AP ENGAGED;AT ENGAGED;0;0;-;-4.51;-4.53;2.61;-2.44;-0.13;5.82
XX/09/21;12:47:46;FINAL APPROACH;AIR;AIR;AIR;4520;4520.00;1013.0;1368;1204;18.50;-15.872.834;-48.001.114;142;143;142;129.17;0.234;-743;1.01;-0.00;-0.01;105;107.93;12;-2.1;54014;40;1.76;1.8;-0.4;4.40;0.10;70.9;70.6;89.5;89.1;620;630;0;0;7859.14;3904.85;3954.29;1622.0;1622.0;11000.;4;AP ENGAGED;AT ENGAGED;0;0;-;-5.01;-4.53;4.88;-2.44;0.06;5.82
XX/09/21;12:47:47;FINAL APPROACH;AIR;AIR;AIR;4508;4508.00;1013.0;1356;1211;18.50;-15.872.924;-48.000.435;142;142;142;129.17;0.233;-735;0.96;0.02;-0.02;105;108.98;12;-2.1;54014;40;0.70;1.1;-0.5;2.29;0.12;70.5;70.0;89.4;88.9;620;627;0;0;7860.04;3905.30;3954.74;1629.3;1614.7;11000.;4;AP ENGAGED;AT ENGAGED;0;0;-;-5.01;-3.00;4.88;0.56;0.32;5.74
XX/09/21;12:47:48;FINAL APPROACH;AIR;AIR;AIR;4496;4496.00;1013.0;1344;1223;18.50;-15.873.018;-47.999.741;142;142;142;129.17;0.232;-730;0.91;0.00;-0.04;105;109.69;12;-1.9;54014;40;0.00;0.7;-0.3;2.29;0.13;68.9;67.9;88.9;88.1;610;618;0;0;7860.90;3905.74;3955.16;1560.3;1520.4;11000.;4;AP ENGAGED;AT ENGAGED;0;0;-;-3.25;-3.00;2.89;0.56;-0.06;5.62
XX/09/21;12:47:49;FINAL APPROACH;AIR;AIR;AIR;4484;4484.00;1013.0;1332;1223;18.25;-15.873.111;-47.999.058;142;143;142;129.17;0.234;-727;0.96;0.01;-0.04;105;109.69;12;-1.8;54014;40;0.00;1.2;0.3;2.11;0.13;67.3;66.6;88.4;87.9;604;614;0;0;7861.72;3906.15;3955.57;1498.6;1466.0;11000.;4;AP ENGAGED;AT ENGAGED;0;0;-;-3.25;-1.75;2.89;1.52;0.38;5.65
XX/09/21;12:47:50;FINAL APPROACH;AIR;AIR;AIR;4472;4472.00;1013.0;1320;1224;18.25;-15.873.205;-47.998.375;141;141;142;129.17;0.230;-725;0.98;0.00;-0.02;104;108.63;12;-1.4;54014;40;0.00;2.3;0.7;4.92;0.12;66.4;66.4;88.1;87.8;601;613;0;0;7862.53;3906.56;3955.97;1455.1;1440.6;11000.;4;AP ENGAGED;AT ENGAGED;0;0;-;-3.35;-1.75;2.66;1.52;0.32;5.68
XX/09/21;12:47:51;FINAL APPROACH;AIR;AIR;AIR;4460;4460.00;1013.0;1308;1220;18.25;-15.873.296;-47.997.692;141;141;142;129.17;0.230;-723;1.05;-0.01;-0.01;104;106.17;12;-0.8;54014;40;0.70;3.2;0.7;5.98;0.13;66.6;68.3;88.3;88.5;605;625;0;0;7863.35;3906.96;3956.39;1440.6;1516.8;11000.;4;AP ENGAGED;AT ENGAGED;0;0;-;-3.35;-3.45;2.66;-2.66;-0.25;5.65
XX/09/21;12:47:52;FINAL APPROACH;AIR;AIR;AIR;4444;4444.00;1013.0;1292;1222;18.75;-15.873.387;-47.996.994;140;142;142;129.17;0.233;-762;1.01;-0.00;0.00;104;102.66;12;-0.5;54014;40;1.05;3.5;0.3;5.80;0.12;70.0;71.3;89.4;89.4;625;636;0;0;7864.24;3907.40;3956.84;1578.5;1618.4;11000.;4;AP ENGAGED;AT ENGAGED;0;0;-;-4.78;-3.45;4.59;-2.66;-0.57;5.65
XX/09/21;12:47:53;FINAL APPROACH;AIR;AIR;AIR;4432;4432.00;1013.0;1280;1232;18.75;-15.873.477;-47.996.311;140;141;142;129.17;0.230;-788;1.01;0.01;-0.00;104;99.49;12;-0.6;54014;40;0.70;3.2;-0.1;4.92;0.13;72.1;72.3;89.8;89.6;631;641;0;0;7865.17;3907.86;3957.31;1654.7;1687.3;11000.;4;AP ENGAGED;AT ENGAGED;0;0;-;-4.78;-3.65;4.59;-1.81;-0.19;5.62
XX/09/21;12:47:54;FINAL APPROACH;AIR;AIR;AIR;4420;4420.00;1013.0;1268;1244;18.75;-15.873.567;-47.995.632;140;141;142;129.17;0.231;-765;1.00;-0.01;0.01;104;98.09;12;-0.6;54014;40;0.35;2.5;-0.4;5.28;0.13;72.1;72.3;89.9;89.6;632;642;0;0;7866.11;3908.33;3957.78;1690.9;1709.1;11000.;4;AP ENGAGED;AT ENGAGED;0;0;-;-5.15;-3.65;4.99;-1.81;-0.13;5.65
XX/09/21;12:47:55;FINAL APPROACH;AIR;AIR;AIR;4412;4412.00;1013.0;1260;1252;18.75;-15.873.655;-47.994.949;140;142;142;129.17;0.232;-711;1.00;0.00;-0.01;104;95.98;13;-0.4;54014;40;1.41;1.9;-0.4;3.52;0.13;72.0;72.0;89.9;89.6;633;643;0;0;7867.06;3908.80;3958.26;1709.1;1712.7;11000.;4;AP ENGAGED;AT ENGAGED;0;0;-;-5.15;-3.65;4.99;-1.70;0.06;5.65
XX/09/21;12:47:56;FINAL APPROACH;AIR;AIR;AIR;4400;4400.00;1013.0;1248;1255;18.75;-15.873.744;-47.994.255;140;142;142;129.17;0.232;-674;0.95;-0.00;-0.02;104;93.87;13;-0.1;54014;40;1.05;1.1;-0.6;3.34;0.13;71.9;71.1;89.9;89.3;633;639;0;0;7868.00;3909.28;3958.73;1712.7;1680.1;11000.;4;AP ENGAGED;AT ENGAGED;0;0;-;-4.46;-3.65;2.72;-1.70;-0.06;5.62
XX/09/21;12:47:57;FINAL APPROACH;AIR;AIR;AIR;4388;4388.00;1013.0;1236;1233;18.75;-15.873.831;-47.993.572;140;143;142;129.17;0.233;-689;0.92;-0.01;-0.04;104;91.76;13;0.0;54014;40;-0.35;0.9;-0.2;2.64;0.11;70.5;69.6;89.4;88.8;625;632;0;0;7868.92;3909.74;3959.18;1665.5;1618.4;11000.;4;AP ENGAGED;AT ENGAGED;0;0;-;-4.46;-2.65;2.72;0.11;-0.19;5.59
XX/09/21;12:47:58;FINAL APPROACH;AIR;AIR;AIR;4376;4376.00;1013.0;1224;1190;18.50;-15.873.920;-47.992.889;139;142;142;129.17;0.232;-699;0.98;0.00;-0.03;104;90.70;13;-0.2;54014;40;-0.70;1.2;0.2;3.52;0.10;68.5;67.9;88.9;88.3;618;626;0;0;7869.78;3910.18;3959.60;1574.8;1534.9;11000.;4;AP ENGAGED;AT ENGAGED;0;0;-;-3.65;-2.65;3.23;0.11;-0.19;5.62
XX/09/21;12:47:59;FINAL APPROACH;AIR;AIR;AIR;4364;4364.00;1013.0;1212;1156;18.50;-15.874.007;-47.992.207;139;142;142;129.17;0.232;-706;1.01;-0.01;-0.03;104;90.35;14;-0.4;54014;40;-0.70;1.8;0.3;4.57;0.09;67.5;67.1;88.6;88.1;613;622;0;0;7870.61;3910.60;3960.02;1516.8;1487.7;11000.;4;AP ENGAGED;AT ENGAGED;0;0;-;-3.65;-3.05;3.23;-1.42;-0.19;5.62
XX/09/21;12:48:00;FINAL APPROACH;AIR;AIR;AIR;4348;4348.00;1013.0;1196;1123;18.75;-15.874.095;-47.991.508;139;141;142;129.17;0.230;-750;1.01;0.00;-0.02;104;91.05;13;-0.4;54014;40;-0.70;1.9;0.2;4.75;0.09;66.8;66.8;88.3;87.9;609;620;0;0;7871.43;3911.01;3960.42;1469.6;1458.7;11000.;4;AP ENGAGED;AT ENGAGED;0;0;-;-3.75;-3.05;2.55;-1.42;-0.13;5.65
XX/09/21;12:48:01;FINAL APPROACH;AIR;AIR;AIR;4336;4336.00;1013.0;1184;1117;18.75;-15.874.181;-47.990.826;138;141;142;129.17;0.230;-780;0.99;0.01;-0.02;104;91.76;13;-0.6;54014;40;-1.41;1.9;0.0;4.92;0.09;66.4;66.4;88.1;87.9;608;619;0;0;7872.23;3911.41;3960.82;1440.6;1436.9;11000.;3;AP ENGAGED;AT ENGAGED;0;0;-;-3.75;-2.80;2.55;0.39;0.00;5.59
XX/09/21;12:48:02;FINAL APPROACH;AIR;AIR;AIR;4324;4324.00;1013.0;1172;1108;18.75;-15.874.268;-47.990.147;138;141;142;129.17;0.231;-760;1.01;-0.01;-0.02;104;92.11;13;-0.5;54014;40;-1.05;2.1;0.1;5.10;0.09;66.3;66.4;88.1;87.9;608;619;0;0;7873.02;3911.80;3961.22;1429.7;1429.7;11000.;4;AP ENGAGED;AT ENGAGED;0;0;-;-3.75;-2.80;0.62;0.39;-0.13;5.62
XX/09/21;12:48:03;FINAL APPROACH;AIR;AIR;AIR;4316;4316.00;1013.0;1164;1101;19.00;-15.874.049;-47.989.464;138;141;142;129.17;0.230;-707;1.00;-0.01;-0.01;104;91.76;14;-0.4;54014;40;-1.05;1.9;-0.1;4.57;0.09;66.9;68.4;88.4;88.6;615;630;0;0;7873.84;3912.21;3961.63;1451.5;1502.3;11000.;4;AP ENGAGED;AT ENGAGED;0;0;-;-3.75;-3.15;0.62;2.49;-0.25;5.65
XX/09/21;12:48:04;FINAL APPROACH;AIR;AIR;AIR;4304;4304.00;1013.0;1152;1091;19.00;-15.873.828;-47.988.766;138;141;142;129.17;0.230;-672;0.99;-0.01;-0.01;104;92.11;14;-0.6;54014;40;-1.05;1.8;-0.1;4.92;0.08;69.1;69.5;89.1;88.9;622;632;0;0;7874.69;3912.63;3962.06;1524.0;1545.8;11000.;4;AP ENGAGED;AT ENGAGED;0;0;-;-4.00;-3.15;-0.16;2.49;-0.44;5.62
XX/09/21;12:48:05;FINAL APPROACH;AIR;AIR;AIR;4292;4292.00;1013.0;1140;1070;19.00;-15.873.608;-47.988.083;138;139;142;129.17;0.227;-688;0.98;-0.00;-0.01;104;93.52;14;-1.1;54014;40;-0.70;1.8;-0.0;4.40;0.08;69.9;69.5;89.3;88.9;624;631;0;0;7875.56;3913.07;3962.50;1574.8;1560.3;11000.;4;AP ENGAGED;AT ENGAGED;0;0;-;-4.00;-2.80;-0.16;0.33;-0.32;5.62
XX/09/21;12:48:06;FINAL APPROACH;AIR;AIR;AIR;4280;4280.00;1013.0;1128;1065;19.00;-15.873.389;-47.987.404;138;138;142;129.17;0.225;-698;0.95;-0.00;-0.01;104;95.63;13;-1.3;54014;40;0.35;1.8;-0.0;4.22;0.08;69.8;69.4;89.4;88.8;623;632;0;0;7876.44;3913.51;3962.93;1585.7;1567.6;11000.;4;AP ENGAGED;AT ENGAGED;0;0;-;-2.85;-2.80;2.10;0.33;-0.06;5.65
XX/09/21;12:48:07;FINAL APPROACH;AIR;AIR;AIR;4264;4264.00;1013.0;1112;1058;19.00;-15.872.146;-47.986.721;138;139;142;129.17;0.227;-745;1.01;-0.01;-0.01;105;97.38;13;-1.2;54014;40;1.76;2.1;0.2;5.28;0.08;69.8;70.4;89.3;89.3;624;639;0;0;7877.33;3913.95;3963.38;1593.0;1607.5;11000.;4;AP ENGAGED;AT ENGAGED;0;0;-;-2.85;-3.20;2.10;-1.19;-0.44;5.62
XX/09/21;12:48:08;FINAL APPROACH;AIR;AIR;AIR;4252;4252.00;1013.0;1100;1060;19.25;-15.870.905;-47.986.328;138;138;142;129.17;0.225;-776;1.01;0.00;0.01;105;99.49;13;-1.7;54014;40;1.76;2.5;0.3;5.63;0.07;70.5;71.5;89.8;89.6;630;644;0;0;7878.24;3914.40;3963.84;1622.0;1658.3;11000.;3;AP ENGAGED;AT ENGAGED;0;0;-;-3.95;-3.20;5.67;-1.19;-0.32;5.62
XX/09/21;12:48:09;FINAL APPROACH;AIR;AIR;AIR;4240;4240.00;1013.0;1088;1057;19.25;-15.869.667;-47.985.641;138;137;142;129.17;0.224;-758;0.97;0.00;0.02;106;103.36;12;-2.2;54014;40;1.41;2.6;0.2;5.80;0.06;72.3;73.1;90.1;90.3;638;652;0;0;7879.20;3914.87;3964.33;1701.8;1749.0;11000.;4;AP ENGAGED;AT ENGAGED;0;0;-;-3.95;-3.05;5.67;-3.06;0.00;5.62
XX/09/21;12:48:10;FINAL APPROACH;AIR;AIR;AIR;4228;4228.00;1013.0;1076;1054;19.50;-15.868.432;-47.984.966;138;138;142;129.17;0.224;-745;1.01;0.01;0.03;107;107.93;12;-2.6;54014;40;0.00;2.8;0.1;5.98;0.06;73.8;74.9;90.8;90.8;650;661;0;0;7880.21;3915.37;3964.84;1781.7;1843.4;11000.;4;AP ENGAGED;AT ENGAGED;0;0;-;-4.55;-3.05;5.61;-3.06;0.32;5.65
XX/09/21;12:48:11;FINAL APPROACH;AIR;AIR;AIR;4216;4216.00;1013.0;1064;1048;19.50;-15.867.198;-47.984.287;138;139;142;129.12;0.227;-737;1.01;0.01;0.04;106;111.45;12;-2.6;53978;40;-0.70;2.8;0.0;5.63;0.04;75.5;76.6;91.1;91.4;657;673;0;0;7881.25;3915.89;3965.37;1861.5;1912.3;11000.;4;AP ENGAGED;AT ENGAGED;0;0;-;-4.55;-4.11;5.61;-3.35;0.38;5.68
XX/09/21;12:48:12;FINAL APPROACH;AIR;AIR;AIR;4208;4208.00;1013.0;1056;1034;19.50;-15.867.297;-47.983.604;140;140;142;129.12;0.228;-692;1.02;0.01;0.07;106;113.20;12;-2.4;53978;40;-1.76;2.6;-0.1;5.28;0.04;80.3;84.9;92.9;93.6;690;718;0;0;7882.51;3916.48;3966.04;2122.8;2398.6;11000.;3;AP ENGAGED;AT ENGAGED;0;0;-;-6.11;-4.11;3.18;-3.35;0.51;5.65
XX/09/21;12:48:13;FINAL APPROACH;AIR;AIR;AIR;4196;4196.00;1013.0;1044;1032;19.25;-15.867.395;-47.982.994;140;142;142;129.12;0.232;-661;0.99;-0.00;0.05;105;113.20;12;-1.9;53978;40;-2.81;2.1;-0.3;3.69;0.03;84.1;83.9;93.6;93.0;709;714;0;0;7883.86;3917.14;3966.72;2380.4;2460.2;11000.;4;AP ENGAGED;AT ENGAGED;0;0;-;-6.11;-4.89;3.18;-0.06;0.00;5.65
XX/09/21;12:48:14;FINAL APPROACH;AIR;AIR;AIR;4184;4184.00;1013.0;1032;1028;19.25;-15.867.491;-47.982.384;141;144;142;129.12;0.234;-681;0.97;-0.01;0.02;105;112.15;12;-1.8;53978;40;-2.81;1.6;-0.4;4.04;0.02;82.0;81.0;93.0;92.3;703;709;0;0;7885.19;3917.80;3967.38;2402.2;2384.0;11000.;4;AP ENGAGED;AT ENGAGED;0;0;-;-6.16;-4.89;0.74;-0.06;-0.19;5.62
XX/09/21;12:48:15;FINAL APPROACH;AIR;AIR;AIR;4172;4172.00;1013.0;1020;1031;19.25;-15.867.587;-47.981.770;142;143;142;129.12;0.233;-694;1.00;0.00;0.02;104;110.39;12;-1.7;53978;40;-2.81;1.2;-0.3;3.17;0.02;80.6;80.1;92.6;92.0;699;707;0;0;7886.48;3918.46;3968.02;2358.6;2307.8;10840.;4;AP ENGAGED;AT ENGAGED;0;0;-;-6.16;-4.66;0.74;1.35;-0.06;5.59
XX/09/21;12:48:16;FINAL APPROACH;AIR;AIR;AIR;4164;4164.00;1013.0;1012;1020;19.25;-15.867.679;-47.980.850;143;145;142;129.12;0.236;-663;0.93;0.01;-0.00;104;108.63;12;-1.4;53978;40;-1.41;0.5;-0.5;2.64;0.01;79.0;77.6;92.0;91.3;693;698;0;0;7887.71;3919.09;3968.62;2260.7;2166.3;10840.;3;AP ENGAGED;AT ENGAGED;0;0;-;-4.92;-4.66;3.06;1.35;-0.06;5.38
XX/09/21;12:48:17;FINAL APPROACH;AIR;AIR;AIR;4152;4152.00;1013.0;1000;1012;19.00;-15.867.769;-47.980.213;143;145;142;129.12;0.236;-642;0.97;-0.01;-0.01;103;105.82;12;-0.9;53978;40;0.00;0.5;-0.1;2.64;0.01;77.0;76.0;91.5;90.9;685;691;0;0;7888.88;3919.68;3969.20;2140.9;2068.3;10840.;4;AP ENGAGED;AT ENGAGED;0;0;-;-4.92;-3.50;3.06;2.09;-0.13;5.21
XX/09/21;12:48:18;FINAL APPROACH;AIR;AIR;AIR;4136;4136.00;1013.0;984;1007;19.25;-15.867.856;-47.979.530;143;146;142;129.12;0.237;-707;0.98;-0.01;-0.01;103;101.25;12;-0.3;53978;40;-0.35;0.4;-0.1;2.81;0.01;75.4;74.4;91.0;90.4;676;683;0;0;7889.99;3920.25;3969.74;2028.4;1955.8;10840.;4;AP ENGAGED;AT ENGAGED;0;0;-;-4.00;-3.50;1.64;2.09;-0.63;5.09
XX/09/21;12:48:19;FINAL APPROACH;AIR;AIR;AIR;4124;4124.00;1013.0;972;983;19.25;-15.867.941;-47.978.840;144;146;142;129.12;0.237;-751;0.97;0.01;-0.02;103;98.09;12;-0.4;53978;40;-0.35;0.4;-0.0;2.29;0.02;73.6;72.6;90.5;89.9;668;674;0;0;7891.02;3920.77;3970.25;1894.2;1825.2;10840.;4;AP ENGAGED;AT ENGAGED;0;0;-;-4.00;-2.40;1.64;0.28;-0.38;5.09
XX/09/21;12:48:20;FINAL APPROACH;AIR;AIR;AIR;4112;4112.00;1013.0;960;992;19.25;-15.868.026;-47.978.073;144;146;142;129.12;0.238;-741;0.97;-0.01;-0.03;103;95.98;12;-0.4;53978;40;0.35;0.4;-0.0;2.29;0.03;72.3;71.3;90.0;89.6;658;667;0;0;7892.00;3921.27;3970.73;1796.2;1749.0;10840.;4;AP ENGAGED;AT ENGAGED;0;0;-;-3.60;-2.40;1.64;0.28;-0.13;5.09
XX/09/21;12:48:21;FINAL APPROACH;AIR;AIR;AIR;4096;4096.00;1013.0;944;989;19.25;-15.868.109;-47.977.303;144;145;142;129.12;0.236;-774;0.97;-0.00;-0.03;103;93.87;12;-0.3;53978;40;0.70;0.7;0.2;2.64;0.03;70.5;70.0;89.6;89.1;650;659;0;0;7892.94;3921.75;3971.20;1712.7;1665.5;10840.;4;AP ENGAGED;-;0;0;-;-3.60;-2.45;1.64;0.56;-0.25;5.09
XX/09/21;12:48:22;FINAL APPROACH;AIR;AIR;AIR;4084;4084.00;1013.0;932;965;19.50;-15.868.192;-47.976.543;143;147;142;129.12;0.239;-796;0.99;-0.01;-0.03;103;92.81;13;-0.4;53978;40;0.35;1.2;0.4;4.22;0.04;69.8;69.5;89.4;88.9;646;655;0;0;7893.85;3922.20;3971.65;1636.5;1611.1;10840.;4;-;-;0;0;-;-3.20;-2.45;2.04;0.56;-0.19;5.09
XX/09/21;12:48:23;FINAL APPROACH;AIR;AIR;AIR;4072;4072.00;1013.0;920;956;19.50;-15.868.275;-47.975.784;143;145;142;129.12;0.236;-771;1.07;-0.00;-0.03;103;92.11;13;-0.4;53978;40;1.05;1.6;0.3;4.22;0.04;69.6;69.3;89.4;88.9;644;652;0;0;7894.73;3922.65;3972.09;1611.1;1585.7;10840.;3;-;-;0;0;-;-3.20;-2.60;2.04;-0.57;-0.13;5.12
XX/09/21;12:48:24;FINAL APPROACH;AIR;AIR;AIR;4060;4060.00;1013.0;908;952;19.50;-15.868.360;-47.975.018;143;145;142;129.12;0.235;-754;1.00;-0.01;-0.03;104;92.11;13;-0.6;53978;40;1.05;1.2;-0.2;2.64;0.05;69.6;69.1;89.4;88.9;643;650;0;0;7895.62;3923.09;3972.52;1603.9;1574.8;10840.;3;-;-;0;0;-;-3.55;-2.60;1.30;-0.57;-0.19;5.09
XX/09/21;12:48:25;FINAL APPROACH;AIR;AIR;AIR;4048;4048.00;1013.0;896;944;19.50;-15.868.446;-47.974.331;143;143;142;129.12;0.232;-743;0.93;-0.01;-0.04;104;93.52;13;-0.9;53978;40;1.05;0.9;-0.2;2.29;0.04;69.6;69.0;89.3;88.8;641;649;0;0;7896.50;3923.54;3972.96;1596.6;1567.6;10840.;4;-;-;0;0;-;-3.55;-2.05;1.30;-3.46;-0.38;5.09
XX/09/21;12:48:26;FINAL APPROACH;AIR;AIR;AIR;4032;4032.00;1013.0;880;929;19.50;-15.868.534;-47.973.648;143;143;142;129.12;0.232;-775;0.96;-0.00;-0.03;105;96.33;12;-1.4;53978;40;1.41;0.9;-0.0;2.99;0.04;69.5;69.0;89.3;88.8;640;648;0;0;7897.37;3923.98;3973.39;1589.3;1563.9;10840.;4;-;-;0;0;-;-3.15;-2.05;3.29;-3.46;-0.19;5.09
XX/09/21;12:48:27;FINAL APPROACH;AIR;AIR;AIR;4020;4020.00;1013.0;868;928;19.50;-15.868.624;-47.972.965;142;145;142;129.12;0.235;-796;0.96;0.01;-0.01;105;101.25;12;-2.2;53978;40;-0.70;1.4;0.3;4.57;0.03;70.5;72.4;89.5;89.9;648;663;0;0;7898.30;3924.43;3973.87;1614.7;1712.7;10840.;4;-;-;0;0;-;-3.15;-4.11;3.29;-2.84;0.00;5.09
XX/09/21;12:48:28;FINAL APPROACH;AIR;AIR;AIR;4004;4004.00;1013.0;852;926;19.75;-15.868.718;-47.972.275;143;143;142;129.12;0.232;-811;1.06;0.01;0.01;106;106.17;12;-2.5;53978;40;1.41;1.4;0.1;5.80;0.02;72.5;72.5;90.1;89.9;654;661;0;0;7899.25;3924.90;3974.35;1701.8;1723.6;10840.;4;-;-;0;0;-;-3.80;-4.11;7.14;-2.84;0.19;5.09
XX/09/21;12:48:29;FINAL APPROACH;AIR;AIR;AIR;3992;3992.00;1013.0;840;900;20.00;-15.868.816;-47.971.592;143;142;142;129.12;0.231;-820;0.99;0.02;0.00;106;110.04;12;-2.4;53978;40;1.76;0.7;-0.4;6.51;0.02;72.4;72.5;90.1;89.9;652;662;0;0;7900.21;3925.38;3974.83;1730.9;1741.8;10840.;4;-;-;0;0;-;-3.80;-2.80;7.14;0.16;0.82;5.12
XX/09/21;12:48:30;FINAL APPROACH;AIR;AIR;AIR;3976;3976.00;1013.0;824;890;20.00;-15.868.914;-47.970.905;144;142;142;129.12;0.230;-827;1.07;0.02;0.01;105;112.15;11;-1.8;53978;40;-0.35;0.2;-0.4;4.57;0.02;72.3;72.3;90.1;89.9;652;661;0;0;7901.18;3925.86;3975.32;1738.1;1745.4;10840.;4;-;-;0;0;-;-3.10;-2.80;6.46;0.16;1.21;5.12
XX/09/21;12:48:31;FINAL APPROACH;AIR;AIR;AIR;3968;3968.00;1013.0;816;887;20.00;-15.869.013;-47.970.222;145;141;142;129.12;0.229;-792;0.92;0.02;-0.01;105;110.74;10;-0.8;53978;40;-0.70;-0.4;-0.4;3.34;-0.01;72.1;72.4;90.1;89.9;652;662;0;0;7902.15;3926.35;3975.80;1741.8;1749.0;10840.;4;-;-;0;0;-;-3.10;-2.20;6.46;-2.04;0.82;5.12
XX/09/21;12:48:32;FINAL APPROACH;AIR;AIR;AIR;3956;3956.00;1013.0;804;883;20.00;-15.869.110;-47.969.528;145;145;142;129.12;0.235;-728;0.93;-0.00;-0.02;104;106.88;9;-0.2;53978;40;-3.87;-0.4;-0.1;0.70;-0.03;72.1;72.3;90.1;89.9;652;662;0;0;7903.12;3926.83;3976.29;1741.8;1749.0;10840.;4;-;-;0;0;-;-3.35;-2.20;0.91;-2.04;-0.13;5.09
XX/09/21;12:48:33;FINAL APPROACH;AIR;AIR;AIR;3940;3940.00;1013.0;788;847;19.75;-15.869.204;-47.968.845;145;148;142;129.12;0.239;-765;0.90;0.00;-0.04;103;101.25;10;-0.1;53978;40;-3.87;-0.2;0.1;3.34;-0.04;72.3;72.3;90.1;89.9;652;662;0;0;7904.09;3927.32;3976.77;1745.4;1749.0;10840.;4;-;-;0;0;-;-3.35;-2.85;0.91;2.54;0.13;5.06
XX/09/21;12:48:34;FINAL APPROACH;AIR;AIR;AIR;3928;3928.00;1013.0;776;846;19.75;-15.869.294;-47.968.155;146;148;142;129.12;0.239;-790;1.06;-0.01;-0.01;103;95.63;11;0.1;53978;40;-3.16;0.5;0.4;3.87;-0.04;72.1;72.3;90.1;89.9;652;662;0;0;7905.06;3927.80;3977.26;1741.8;1752.6;10840.;4;-;-;0;0;-;-3.60;-2.85;-1.24;2.54;-0.82;5.09
XX/09/21;12:48:35;FINAL APPROACH;AIR;AIR;AIR;3916;3916.00;1013.0;764;852;20.00;-15.869.381;-47.967.461;146;146;142;129.12;0.237;-767;1.03;-0.01;-0.02;102;92.46;11;0.0;53978;40;-2.46;0.7;0.2;3.69;-0.04;72.0;71.8;90.0;89.6;651;659;0;0;7906.03;3928.28;3977.74;1741.8;1730.9;10840.;4;-;-;0;0;-;-3.60;-3.00;-1.24;2.03;-0.76;5.09
XX/09/21;12:48:36;FINAL APPROACH;AIR;AIR;AIR;3904;3904.00;1013.0;752;855;20.00;-15.869.463;-47.966.770;146;145;142;129.12;0.235;-751;1.00;-0.02;-0.03;102;90.35;11;0.0;53978;40;0.00;0.7;0.0;1.76;-0.03;71.4;70.8;89.9;89.3;648;654;0;0;7906.97;3928.76;3978.21;1712.7;1680.1;10840.;4;-;-;0;0;-;-3.15;-3.00;0.34;2.03;-0.51;5.12
XX/09/21;12:48:37;FINAL APPROACH;AIR;AIR;AIR;3888;3888.00;1013.0;736;853;20.00;-15.869.545;-47.966.084;146;145;142;129.12;0.235;-781;0.92;-0.01;-0.04;102;88.24;10;0.1;53978;40;-0.35;0.5;-0.1;2.81;-0.01;70.8;70.1;89.6;89.1;645;652;0;0;7907.89;3929.23;3978.67;1683.7;1651.0;10840.;4;-;-;0;0;-;-3.15;-3.15;0.34;2.89;-0.76;5.09
XX/09/21;12:48:38;FINAL APPROACH;AIR;AIR;AIR;3876;3876.00;1013.0;724;845;20.00;-15.869.625;-47.965.397;146;145;142;129.12;0.234;-800;1.00;-0.01;-0.02;102;87.54;10;-0.1;53978;40;0.35;0.7;0.1;4.75;-0.01;70.4;70.0;89.6;89.1;644;651;0;0;7908.81;3929.69;3979.12;1658.3;1632.9;10840.;4;-;-;0;0;-;-2.50;-3.15;1.53;2.89;-0.82;5.12
XX/09/21;12:48:39;FINAL APPROACH;AIR;AIR;AIR;3864;3864.00;1013.0;712;837;20.00;-15.869.706;-47.964.706;146;146;142;129.12;0.236;-774;1.01;0.01;-0.02;103;87.89;10;-0.2;53978;40;0.70;0.7;0.0;4.40;0.01;70.4;69.9;89.6;89.0;644;650;0;0;7909.72;3930.15;3979.57;1651.0;1625.6;10840.;4;-;-;0;0;-;-2.50;-2.10;1.53;1.24;-0.13;5.09
XX/09/21;12:48:40;FINAL APPROACH;AIR;AIR;AIR;3856;3856.00;1013.0;704;827;20.25;-15.869.786;-47.964.020;146;143;142;129.12;0.231;-716;1.05;-0.00;-0.01;103;87.54;9;0.0;53978;40;2.11;0.9;0.1;4.22;0.01;70.4;69.8;89.6;89.0;643;650;0;0;7910.63;3930.60;3980.02;1647.4;1618.4;10840.;4;-;-;0;0;-;-3.30;-2.10;4.65;1.24;0.06;5.12
XX/09/21;12:48:41;FINAL APPROACH;AIR;AIR;AIR;3844;3844.00;1013.0;692;825;20.25;-15.869.868;-47.963.333;146;145;142;129.12;0.234;-678;0.98;-0.01;-0.02;103;85.08;9;0.4;53978;40;2.46;0.9;0.0;4.75;0.01;70.4;69.9;89.5;89.0;643;650;0;0;7911.53;3931.06;3980.47;1643.8;1618.4;10840.;4;-;-;0;0;-;-3.30;-3.30;4.65;1.24;-0.13;5.12
XX/09/21;12:48:42;FINAL APPROACH;AIR;AIR;AIR;3832;3832.00;1013.0;680;803;20.50;-15.869.949;-47.962.646;146;144;142;129.12;0.233;-692;1.01;-0.02;-0.02;103;82.97;8;0.4;53978;40;0.00;0.5;-0.2;1.41;0.01;70.4;69.8;89.6;89.0;643;649;0;0;7912.44;3931.52;3980.92;1647.4;1614.7;10840.;4;-;-;0;0;-;-2.65;-3.30;3.06;1.24;-0.82;5.12
XX/09/21;12:48:43;FINAL APPROACH;AIR;AIR;AIR;3824;3824.00;1013.0;672;801;20.50;-15.870.032;-47.961.960;146;146;142;129.12;0.237;-662;0.94;0.02;-0.04;103;84.73;9;-0.3;53978;40;1.05;-0.2;-0.5;2.29;-0.01;70.4;69.8;89.6;89.0;643;649;0;0;7913.34;3931.98;3981.37;1647.4;1618.4;10840.;4;-;-;0;0;-;-2.65;-1.20;3.06;-3.40;-0.06;5.09
XX/09/21;12:48:44;FINAL APPROACH;AIR;AIR;AIR;3812;3812.00;1013.0;660;795;20.50;-15.870.117;-47.961.273;147;147;142;129.12;0.237;-641;1.04;-0.01;-0.01;104;87.54;9;-0.5;53978;40;1.05;0.5;0.3;3.87;-0.02;71.0;72.4;89.9;89.9;650;661;0;0;7914.29;3932.44;3981.85;1672.8;1727.2;10840.;4;-;-;0;0;-;-4.41;-1.20;2.55;-3.40;0.13;5.12
XX/09/21;12:48:45;FINAL APPROACH;AIR;AIR;AIR;3800;3800.00;1013.0;648;787;20.50;-15.870.204;-47.960.587;147;145;142;129.12;0.235;-667;1.00;-0.01;-0.02;104;90.70;9;-0.9;53978;40;-2.11;1.2;0.5;3.69;-0.02;72.5;72.3;90.4;89.9;653;659;0;0;7915.25;3932.92;3982.33;1738.1;1734.5;10840.;4;-;-;0;0;-;-4.41;-3.35;2.55;-1.98;-0.13;5.09
XX/09/21;12:48:46;FINAL APPROACH;AIR;AIR;AIR;3792;3792.00;1013.0;640;781;20.50;-15.870.292;-47.959.900;147;146;142;129.12;0.236;-645;1.00;0.03;-0.01;104;95.27;9;-1.2;53978;40;0.35;0.7;-0.2;3.34;-0.02;72.5;71.9;90.3;89.8;652;658;0;0;7916.22;3933.41;3982.81;1756.3;1734.5;10840.;4;-;-;0;0;-;-3.70;-3.35;7.82;-1.98;0.57;5.12
XX/09/21;12:48:47;FINAL APPROACH;AIR;AIR;AIR;3780;3780.00;1013.0;628;774;20.50;-15.870.383;-47.959.213;147;147;142;129.12;0.237;-630;0.91;0.00;-0.04;104;97.38;9;-0.8;53978;40;1.41;0.4;-0.3;1.41;-0.02;72.3;71.5;90.3;89.6;651;656;0;0;7917.19;3933.90;3983.29;1752.6;1716.4;10840.;4;-;-;0;0;-;-3.70;-2.50;7.82;1.47;0.89;5.12
XX/09/21;12:48:48;FINAL APPROACH;AIR;AIR;AIR;3768;3768.00;1013.0;616;775;20.50;-15.870.475;-47.958.527;147;147;142;129.12;0.238;-660;0.94;0.01;-0.04;104;97.38;10;-0.7;53978;40;-2.46;0.4;-0.1;1.93;-0.01;72.1;71.1;90.3;89.5;650;655;0;0;7918.15;3934.38;3983.76;1749.0;1701.8;10840.;4;-;-;0;0;-;-3.20;-2.50;-0.79;1.47;0.32;5.09
XX/09/21;12:48:49;FINAL APPROACH;AIR;AIR;AIR;3752;3752.00;1013.0;600;766;20.50;-15.870.568;-47.957.840;147;147;142;129.12;0.237;-719;0.93;-0.00;-0.03;104;98.09;10;-1.1;53978;40;-4.22;0.9;0.3;3.17;-0.02;71.9;71.0;90.1;89.5;650;655;0;0;7919.10;3934.87;3984.23;1741.8;1690.9;10840.;4;-;-;0;0;-;-3.20;-1.95;-0.79;2.60;0.25;5.12
XX/09/21;12:48:50;FINAL APPROACH;AIR;AIR;AIR;3740;3740.00;1013.0;588;744;20.50;-15.870.660;-47.957.153;146;147;142;129.12;0.237;-759;1.06;-0.00;-0.01;104;100.55;10;-1.4;53978;40;-1.41;1.9;0.7;4.75;-0.02;71.9;71.0;90.1;89.5;650;655;0;0;7920.05;3935.35;3984.70;1738.1;1690.9;10840.;4;-;-;0;0;-;-4.00;-1.95;5.73;2.60;0.32;5.09
XX/09/21;12:48:51;FINAL APPROACH;AIR;AIR;AIR;3732;3732.00;1013.0;580;741;20.50;-15.870.752;-47.956.467;146;147;142;129.12;0.237;-707;1.10;-0.01;-0.01;104;101.25;10;-1.1;53978;40;2.81;2.5;0.5;3.69;-0.02;71.8;71.0;90.1;89.5;650;655;0;0;7921.00;3935.83;3985.17;1738.1;1690.9;10840.;4;-;-;0;0;-;-4.00;-4.30;5.73;-0.51;0.70;5.12
XX/09/21;12:48:52;FINAL APPROACH;AIR;AIR;AIR;3724;3724.00;1013.0;572;727;20.50;-15.870.843;-47.955.780;146;146;141;129.12;0.236;-632;0.99;-0.00;-0.02;104;100.55;11;-0.9;53978;40;1.41;1.8;-0.3;1.76;-0.03;71.9;70.9;90.1;89.5;650;654;0;0;7921.95;3936.32;3985.64;1738.1;1680.1;10840.;4;-;-;0;0;-;-4.28;-4.30;0.57;-0.51;-0.13;5.09
XX/09/21;12:48:53;FINAL APPROACH;AIR;AIR;AIR;3712;3712.00;1013.0;560;722;20.50;-15.870.936;-47.955.093;145;144;141;129.12;0.233;-621;0.91;-0.00;-0.03;104;101.25;10;-1.2;53978;40;0.35;0.9;-0.6;1.06;-0.04;71.9;70.9;90.1;89.5;650;654;0;0;7922.90;3936.80;3986.11;1734.5;1683.7;10840.;4;-;-;0;0;-;-4.28;-2.00;0.57;-3.06;-0.44;5.12
XX/09/21;12:48:54;FINAL APPROACH;AIR;AIR;AIR;3700;3700.00;1013.0;548;709;20.50;-15.871.028;-47.954.411;145;146;141;129.12;0.235;-654;0.92;-0.01;-0.03;105;104.06;10;-1.7;53978;40;0.35;0.7;-0.2;1.93;-0.03;71.9;71.0;90.1;89.5;650;654;0;0;7923.85;3937.28;3986.57;1734.5;1687.3;10840.;4;-;-;0;0;-;-3.20;-2.00;5.05;-3.06;0.06;5.12
XX/09/21;12:48:55;FINAL APPROACH;AIR;AIR;AIR;3688;3688.00;1013.0;536;699;20.50;-15.871.124;-47.953.728;145;148;141;129.12;0.238;-676;0.99;0.01;-0.02;105;108.28;11;-2.3;53978;40;-1.05;1.6;0.5;4.22;-0.02;71.9;70.9;90.1;89.5;650;654;0;0;7924.80;3937.76;3987.04;1730.9;1680.1;10840.;3;-;-;0;0;-;-3.20;-3.65;5.05;-3.35;-0.06;5.09
XX/09/21;12:48:56;FINAL APPROACH;AIR;AIR;AIR;3676;3676.00;1013.0;524;683;20.75;-15.871.220;-47.953.041;145;145;141;129.12;0.233;-690;1.11;0.01;-0.01;106;111.45;11;-2.6;53978;40;0.00;1.9;0.3;3.69;-0.03;71.8;70.9;90.1;89.5;650;654;0;0;7925.75;3938.24;3987.51;1734.5;1687.3;10840.;4;-;-;0;0;-;-4.18;-3.65;4.59;-3.35;1.08;5.12
XX/09/21;12:48:57;FINAL APPROACH;AIR;AIR;AIR;3664;3664.00;1013.0;512;674;20.75;-15.871.318;-47.952.354;145;150;141;129.12;0.241;-700;1.01;0.02;-0.03;105;113.20;12;-2.3;53978;40;-1.41;1.2;-0.4;2.11;-0.04;71.9;70.9;90.1;89.5;651;654;0;0;7926.70;3938.73;3987.98;1734.5;1683.7;10840.;4;-;-;0;0;-;-4.18;-4.07;4.59;1.47;0.76;5.09
XX/09/21;12:48:58;FINAL APPROACH;AIR;AIR;AIR;3652;3652.00;1013.0;500;667;21.00;-15.871.418;-47.951.672;145;147;141;129.12;0.237;-707;0.96;-0.01;-0.04;105;111.45;13;-2.0;53978;40;-1.76;0.2;-0.7;1.23;-0.05;71.8;70.8;90.1;89.4;651;652;0;0;7927.65;3939.21;3988.45;1738.1;1683.7;10840.;4;-;-;0;0;-;-4.05;-4.07;4.03;1.47;0.57;5.09
XX/09/21;12:48:59;FINAL APPROACH;AIR;AIR;AIR;3636;3636.00;1013.0;484;648;21.00;-15.871.517;-47.950.985;145;144;141;129.12;0.232;-751;0.90;-0.01;-0.05;105;110.04;12;-1.5;53978;40;1.05;-0.4;-0.5;1.41;-0.06;70.8;68.3;89.8;88.6;644;641;0;0;7928.57;3939.68;3988.89;1701.8;1585.7;10840.;4;-;-;0;0;-;-4.05;-2.30;4.03;-5.44;-0.06;5.09
XX/09/21;12:49:00;FINAL APPROACH;AIR;AIR;AIR;3620;3620.00;1013.0;468;642;21.00;-15.871.614;-47.950.298;145;147;141;129.12;0.237;-820;0.96;0.01;-0.03;104;108.28;12;-1.1;53978;40;0.35;0.0;0.1;4.22;-0.06;69.5;67.0;89.5;88.5;640;637;0;0;7929.44;3940.14;3989.31;1636.5;1520.4;10840.;4;-;-;0;0;-;-2.40;-2.30;0.91;-5.44;-0.13;5.09
XX/09/21;12:49:01;FINAL APPROACH;AIR;AIR;AIR;3608;3608.00;1013.0;456;628;21.00;-15.871.708;-47.949.612;145;149;141;129.12;0.240;-826;1.12;0.04;-0.03;104;106.52;13;-1.4;53978;40;-3.87;0.5;0.3;4.92;-0.06;69.1;66.6;89.5;88.5;639;636;0;0;7930.31;3940.58;3989.72;1614.7;1491.4;10840.;4;-;-;0;0;-;-2.40;-3.75;0.91;0.00;0.32;5.09
XX/09/21;12:49:02;FINAL APPROACH;AIR;AIR;AIR;3596;3596.00;1013.0;444;606;21.25;-15.871.802;-47.948.925;145;144;141;129.12;0.232;-791;1.06;0.00;-0.03;104;104.41;12;-1.1;53978;40;-2.11;0.4;-0.0;3.69;-0.06;69.1;66.9;89.5;88.5;639;635;0;0;7931.16;3941.03;3990.13;1603.9;1480.5;10840.;4;-;-;0;0;-;-4.51;-3.75;5.90;0.00;0.38;5.12
XX/09/21;12:49:03;FINAL APPROACH;AIR;AIR;AIR;3588;3588.00;1013.0;436;590;21.25;-15.871.892;-47.948.235;145;146;141;129.12;0.235;-728;0.96;-0.00;-0.04;103;101.60;12;-0.4;53978;40;0.70;-0.9;-0.7;4.22;-0.06;69.1;67.0;89.5;88.5;638;635;0;0;7932.02;3941.47;3990.55;1596.6;1480.5;10840.;4;-;-;0;0;-;-4.51;-0.95;5.90;-1.13;-0.13;5.09
XX/09/21;12:49:04;FINAL APPROACH;AIR;AIR;AIR;3576;3576.00;1013.0;424;560;21.25;-15.871.981;-47.947.548;146;147;141;129.12;0.236;-686;0.99;0.03;-0.02;103;97.73;11;0.0;53978;40;-1.05;-1.2;-0.4;3.34;-0.06;69.3;66.9;89.5;88.5;638;633;0;0;7932.87;3941.92;3990.96;1593.0;1476.9;10840.;4;-;-;0;0;-;-5.06;-0.95;2.61;-1.13;-0.51;5.09
XX/09/21;12:49:05;FINAL APPROACH;AIR;AIR;AIR;3564;3564.00;1013.0;412;560;21.50;-15.872.066;-47.946.857;146;146;141;129.12;0.235;-697;1.01;-0.00;-0.04;102;93.87;11;0.2;53978;40;-2.46;-1.6;-0.3;0.00;-0.04;69.1;66.8;89.5;88.5;637;632;0;0;7933.72;3942.36;3991.36;1589.3;1473.2;10840.;4;-;-;0;0;-;-5.06;-1.30;2.61;-1.64;-0.63;5.09
XX/09/21;12:49:06;FINAL APPROACH;AIR;AIR;AIR;3552;3552.00;1013.0;400;533;21.50;-15.872.149;-47.946.175;146;145;141;129.12;0.233;-705;0.82;0.01;-0.05;102;90.70;10;0.3;53978;40;-0.70;-2.1;-0.4;1.93;-0.04;69.0;66.8;89.4;88.5;636;632;0;0;7934.57;3942.80;3991.77;1589.3;1473.2;10840.;4;-;-;0;0;-;-0.35;-1.30;4.65;-1.64;0.13;5.09
XX/09/21;12:49:07;FINAL APPROACH;AIR;AIR;AIR;3536;3536.00;1013.0;384;507;21.25;-15.872.229;-47.945.480;147;146;141;129.12;0.234;-749;1.00;-0.01;-0.04;102;86.84;9;0.6;53978;40;-3.16;-0.5;0.9;3.52;-0.04;69.1;66.9;89.4;88.5;635;631;0;0;7935.42;3943.24;3992.18;1585.7;1473.2;10840.;4;-;-;0;0;-;-0.35;-3.35;4.65;5.72;-0.38;5.09
XX/09/21;12:49:08;FINAL APPROACH;AIR;AIR;AIR;3524;3524.00;1013.0;372;484;21.25;-15.872.307;-47.944.794;147;145;141;129.12;0.234;-779;1.02;0.00;-0.02;102;85.08;9;0.2;53978;40;-4.92;1.2;1.2;5.10;-0.03;69.0;66.8;89.4;88.4;635;630;0;0;7936.27;3943.68;3992.59;1585.7;1473.2;10840.;4;-;-;0;0;-;-4.55;-3.35;3.69;5.72;-0.19;5.15
XX/09/21;12:49:09;FINAL APPROACH;AIR;AIR;AIR;3508;3508.00;1013.0;356;460;21.25;-15.872.080;-47.944.107;146;150;141;129.12;0.241;-799;1.06;-0.00;-0.04;102;83.67;9;0.3;53978;40;1.05;1.1;0.1;3.52;-0.01;69.0;66.8;89.4;88.5;634;630;0;0;7937.12;3944.12;3993.00;1589.3;1476.9;10840.;4;-;-;0;0;-;-4.55;-3.25;3.69;-1.81;0.19;5.09
XX/09/21;12:49:10;FINAL APPROACH;AIR;AIR;AIR;3496;3496.00;1013.0;344;437;21.50;-15.871.851;-47.943.420;146;146;141;129.12;0.234;-813;0.95;0.01;-0.05;102;81.91;10;0.4;53978;40;1.05;-0.4;-0.8;1.76;0.01;69.0;66.4;89.4;88.3;634;627;0;0;7937.97;3944.56;3993.41;1585.7;1469.6;10840.;4;-;-;0;0;-;-1.75;-3.25;2.38;-1.81;-0.57;5.09
XX/09/21;12:49:11;FINAL APPROACH;AIR;AIR;AIR;3480;3480.00;1013.0;328;418;21.50;-15.871.623;-47.942.734;146;146;141;129.12;0.235;-822;0.91;0.01;-0.05;102;81.21;10;0.3;53978;40;-1.05;-0.7;-0.4;2.11;0.03;67.1;64.6;88.8;87.8;622;620;0;0;7938.78;3944.98;3993.80;1509.5;1397.0;10840.;4;-;-;0;0;-;-1.75;-0.70;2.38;2.83;0.51;5.09
XX/09/21;12:49:12;FINAL APPROACH;AIR;AIR;AIR;3468;3468.00;1013.0;316;401;21.50;-15.871.393;-47.942.043;146;149;141;129.12;0.240;-828;1.06;-0.01;-0.05;102;81.21;10;0.2;53978;40;-0.35;0.4;0.6;4.04;0.05;65.4;63.9;88.4;87.6;617;619;0;0;7939.56;3945.38;3994.18;1451.5;1368.0;10840.;4;-;-;0;0;-;-4.00;-0.70;-1.35;2.83;0.32;5.09
XX/09/21;12:49:13;FINAL APPROACH;AIR;AIR;AIR;3456;3456.00;1013.0;304;384;21.75;-15.869.996;-47.941.360;146;150;141;129.12;0.241;-792;1.08;-0.03;-0.04;102;81.56;11;0.2;53978;40;1.76;1.1;0.5;4.57;0.07;65.0;63.6;88.1;87.5;615;618;0;0;7940.33;3945.78;3994.55;1415.2;1346.2;10840.;4;-;-;0;0;-;-4.00;-3.50;-1.35;-2.10;-0.57;5.12
XX/09/21;12:49:14;FINAL APPROACH;AIR;AIR;AIR;3448;3448.00;1013.0;296;367;22.00;-15.868.601;-47.940.674;145;149;141;129.12;0.239;-729;1.01;0.02;-0.06;103;84.02;12;-0.3;53978;40;3.87;-0.2;-0.6;1.06;0.08;64.9;63.6;88.1;87.5;614;617;0;0;7941.09;3946.16;3994.93;1397.0;1342.6;10840.;4;-;-;0;0;-;-1.75;-3.50;4.03;-2.10;-0.13;5.12
XX/09/21;12:49:15;FINAL APPROACH;AIR;AIR;AIR;3432;3432.00;1013.0;280;359;22.00;-15.867.208;-47.939.987;145;148;141;129.06;0.237;-726;0.90;-0.01;-0.07;104;86.84;12;-0.6;53941;40;2.81;-1.1;-0.6;0.88;0.08;64.9;63.8;88.1;87.5;613;617;0;0;7941.85;3946.55;3995.30;1386.1;1342.6;10840.;4;-;-;0;0;-;-1.75;-1.20;4.03;-4.59;-0.19;5.09
XX/09/21;12:49:16;FINAL APPROACH;AIR;AIR;AIR;3420;3420.00;1013.0;268;355;21.75;-15.865.819;-47.939.304;145;145;141;129.06;0.233;-764;0.99;0.01;-0.05;104;90.00;12;-1.0;53941;40;0.35;0.0;0.5;3.69;0.07;64.9;63.3;88.1;87.3;611;613;0;0;7942.60;3946.93;3995.67;1386.1;1324.4;10840.;4;-;-;0;0;-;-3.60;-1.20;2.49;-4.59;0.76;5.12
XX/09/21;12:49:17;FINAL APPROACH;AIR;AIR;AIR;3408;3408.00;1013.0;256;323;22.00;-15.864.434;-47.938.618;145;146;141;129.06;0.234;-749;1.07;0.02;-0.04;104;93.87;11;-1.2;53941;40;-0.70;1.1;0.7;4.40;0.05;63.9;61.9;87.8;87.0;605;609;0;0;7943.33;3947.31;3996.02;1353.5;1277.3;10840.;4;-;-;0;0;-;-3.60;-4.71;2.49;-3.97;0.76;5.12
XX/09/21;12:49:18;FINAL APPROACH;AIR;AIR;AIR;3396;3396.00;1013.0;244;310;22.00;-15.864.524;-47.937.935;144;150;141;129.06;0.240;-740;1.00;0.01;-0.05;104;95.63;12;-1.0;53941;40;0.00;0.2;-0.4;1.76;0.04;63.3;61.4;87.6;87.0;603;608;0;0;7944.05;3947.68;3996.37;1331.7;1259.1;10840.;4;-;-;0;0;-;-0.65;-4.71;1.98;-3.97;1.65;5.09
XX/09/21;12:49:19;FINAL APPROACH;AIR;AIR;AIR;3388;3388.00;1013.0;236;294;22.00;-15.864.615;-47.937.248;144;148;141;129.06;0.238;-693;0.94;-0.00;-0.07;104;93.87;13;-0.4;53941;40;-2.11;-1.1;-0.8;0.88;0.03;63.0;61.4;87.6;86.9;602;606;0;0;7944.76;3948.05;3996.72;1317.2;1248.2;10760.;4;-;-;0;0;-;-0.65;-2.65;1.98;1.07;0.44;5.09
XX/09/21;12:49:20;FINAL APPROACH;AIR;AIR;AIR;3372;3372.00;1013.0;220;278;22.00;-15.864.706;-47.936.562;143;145;141;129.06;0.233;-702;0.93;0.01;-0.07;103;92.11;13;-0.1;53941;40;-2.11;-0.5;0.2;1.41;0.02;62.9;60.9;87.6;86.6;600;601;0;0;7945.47;3948.41;3997.06;1309.9;1230.1;10760.;4;-;-;0;0;-;-2.35;-2.65;1.70;1.07;0.06;5.12
XX/09/21;12:49:21;FINAL APPROACH;AIR;AIR;AIR;3360;3360.00;1013.0;208;259;21.75;-15.864.793;-47.935.875;143;144;141;129.06;0.231;-748;0.91;0.00;-0.07;103;90.00;12;0.1;53941;40;-1.41;0.0;0.3;3.17;0.02;62.1;59.6;87.3;86.3;594;596;0;0;7946.15;3948.77;3997.39;1277.3;1186.6;10760.;4;-;-;0;0;-;-2.35;-0.75;1.70;1.86;0.13;5.12
XX/09/21;12:49:22;FINAL APPROACH;AIR;AIR;AIR;3344;3344.00;1013.0;192;241;21.50;-15.864.879;-47.935.196;142;142;141;129.06;0.228;-778;0.97;-0.00;-0.05;103;87.89;11;0.4;53941;40;-1.05;0.7;0.5;4.22;0.01;61.4;59.0;87.1;86.1;592;594;0;0;7946.83;3949.11;3997.71;1255.5;1164.8;10760.;4;-;-;0;0;-;-2.25;-0.75;5.50;1.86;-0.19;5.12
XX/09/21;12:49:23;FINAL APPROACH;AIR;AIR;AIR;3328;3328.00;1013.0;176;214;21.50;-15.864.963;-47.934.509;142;143;141;129.06;0.229;-838;1.06;-0.00;-0.03;103;86.84;11;0.1;53941;40;0.00;1.4;0.5;5.98;0.02;61.1;60.3;87.0;86.8;591;603;0;0;7947.50;3949.46;3998.04;1241.0;1172.0;10760.;4;-;-;0;0;-;-2.25;-1.25;5.50;1.86;-0.51;5.12
XX/09/21;12:49:24;FINAL APPROACH;AIR;AIR;AIR;3316;3316.00;1013.0;164;205;22.00;-15.865.045;-47.933.819;142;145;141;129.06;0.233;-839;1.03;-0.01;-0.01;103;87.54;11;-0.4;53941;40;-1.76;1.4;0.1;4.75;0.03;66.3;68.1;88.8;88.5;622;631;0;0;7948.30;3949.86;3998.45;1436.9;1466.0;10760.;4;-;-;0;0;-;-3.10;-1.25;1.47;1.86;-0.63;5.09
XX/09/21;12:49:25;FINAL APPROACH;AIR;AIR;AIR;3304;3304.00;1013.0;152;186;22.00;-15.865.126;-47.933.132;142;145;141;129.06;0.233;-800;1.06;0.00;-0.03;103;90.35;11;-1.0;53941;40;-1.41;1.2;-0.1;3.17;0.04;69.0;67.9;88.9;88.4;623;627;0;0;7949.14;3950.28;3998.86;1516.8;1505.9;10760.;4;-;-;0;0;-;-3.10;-3.45;1.47;1.58;0.63;5.15
XX/09/21;12:49:26;FINAL APPROACH;AIR;AIR;AIR;3296;3296.00;1013.0;144;175;22.00;-15.865.209;-47.932.449;142;144;141;129.06;0.231;-734;0.97;0.01;-0.04;104;93.52;12;-1.2;53941;40;1.05;0.5;-0.4;3.34;0.05;67.9;67.3;88.9;88.3;620;626;0;0;7949.99;3950.70;3999.28;1527.7;1509.5;10760.;3;-;-;0;0;-;-2.05;-3.45;5.44;1.58;-0.06;5.12
XX/09/21;12:49:27;FINAL APPROACH;AIR;AIR;AIR;3280;3280.00;1013.0;128;156;22.00;-15.865.294;-47.931.770;141;142;141;129.06;0.227;-729;0.87;-0.01;-0.04;104;95.98;11;-1.2;53941;40;1.05;0.2;-0.3;2.64;0.05;67.5;67.0;88.9;88.4;619;626;0;0;7950.83;3951.13;3999.70;1524.0;1505.9;10760.;3;-;-;0;0;-;-2.05;-1.00;5.44;-1.25;-0.13;5.09
XX/09/21;12:49:28;FINAL APPROACH;AIR;AIR;AIR;3268;3268.00;1013.0;116;140;21.75;-15.865.381;-47.931.076;142;143;141;129.06;0.229;-766;1.01;0.02;0.01;104;99.14;11;-1.5;53941;40;0.00;0.9;0.4;4.75;0.05;68.4;71.4;89.4;89.9;626;650;0;0;7951.74;3951.56;4000.18;1556.7;1723.6;10760.;4;-;-;0;0;-;-4.69;-1.00;4.82;-1.25;-1.21;5.15
XX/09/21;12:49:29;FINAL APPROACH;AIR;AIR;AIR;3252;3252.00;1013.0;100;121;21.75;-15.865.469;-47.930.393;142;144;141;129.06;0.231;-790;1.04;-0.00;-0.02;104;101.60;11;-1.4;53941;40;0.00;1.2;0.3;3.69;0.06;72.9;72.1;90.3;89.8;644;648;0;0;7952.70;3952.04;4000.66;1712.7;1734.5;10760.;4;-;-;0;0;-;-4.69;-2.20;4.82;2.32;0.13;5.09
XX/09/21;12:49:30;FINAL APPROACH;AIR;AIR;AIR;3244;3244.00;1013.0;92;103;22.00;-15.865.558;-47.929.707;142;144;141;129.06;0.231;-767;1.01;0.01;0.02;104;102.30;11;-1.3;53941;40;0.35;1.1;-0.0;3.52;0.06;73.0;75.5;90.5;91.3;648;673;0;0;7953.71;3952.53;4001.19;1763.5;1883.3;10760.;3;-;-;0;0;-;-6.21;-2.20;7.77;2.32;-0.44;5.12
XX/09/21;12:49:31;FINAL APPROACH;AIR;AIR;AIR;3228;3228.00;1013.0;76;81;22.00;-15.865.649;-47.929.024;143;145;141;129.06;0.232;-752;0.95;-0.00;0.01;104;103.01;11;-1.2;53941;40;0.70;0.5;-0.3;1.58;0.06;78.5;78.8;92.1;91.8;679;686;0;0;7954.87;3953.10;4001.77;2061.1;2093.7;10760.;4;-;-;0;0;-;-6.21;-3.25;7.77;1.75;1.71;5.15
XX/09/21;12:49:32;FINAL APPROACH;AIR;AIR;AIR;3212;3212.00;1013.0;60;63;22.00;-15.865.739;-47.928.329;144;144;141;129.06;0.230;-820;0.95;0.02;0.01;104;103.71;10;-1.2;53941;40;1.05;-0.4;-0.6;2.99;0.06;78.8;77.9;92.1;91.6;681;686;0;0;7956.06;3953.69;4002.36;2144.5;2144.5;10760.;4;-;-;0;0;-;-3.35;-3.25;8.05;1.75;-0.25;5.09
XX/09/21;12:49:33;LANDING;AIR;AIR;AIR;3196;3196.00;1013.0;44;44;22.00;-15.865.831;-47.927.647;145;142;141;129.06;0.227;-866;1.02;0.00;0.02;104;103.36;10;-0.8;53941;40;2.11;0.2;0.2;5.10;0.05;78.1;77.9;92.0;91.6;682;689;0;0;7957.26;3954.29;4002.96;2162.7;2159.1;10760.;4;-;-;0;0;-;-3.35;-1.95;8.05;0.33;1.97;5.12
XX/09/21;12:49:34;LANDING;AIR;AIR;AIR;3176;3176.00;1013.0;31;31;22.50;-15.865.922;-47.926.956;146;145;141;129.06;0.232;-937;1.09;0.01;0.03;104;101.95;9;-0.4;53941;40;0.70;0.9;0.5;4.22;0.00;77.9;77.8;92.1;91.6;685;691;0;0;7958.46;3954.90;4003.56;2166.3;2159.1;10760.;4;-;-;0;0;-;1.90;-1.95;1.25;0.33;-0.19;5.15
XX/09/21;12:49:35;LANDING;AIR;AIR;AIR;3164;3164.00;1013.0;17;17;22.75;-15.866.014;-47.926.270;147;147;141;129.06;0.235;-945;1.09;-0.00;0.01;104;99.49;9;-0.2;53941;40;-0.35;1.6;0.5;4.57;0.00;76.9;75.0;91.8;91.0;679;683;0;0;7959.61;3955.48;4004.13;2111.9;2028.4;10760.;4;-;-;0;0;-;1.90;4.55;1.25;-5.33;-0.70;5.12
XX/09/21;12:49:36;LANDING;AIR;AIR;AIR;3156;3156.00;1013.0;9;9;22.75;-15.866.105;-47.925.579;147;147;141;129.06;0.235;-831;1.14;0.01;0.03;104;97.38;9;-0.4;53941;40;-2.46;3.2;1.0;5.10;0.00;74.6;74.3;91.5;91.0;674;682;0;0;7960.72;3956.04;4004.67;2021.2;1974.0;10760.;4;-;-;0;0;-;-4.32;4.55;2.15;-5.33;0.19;5.15
XX/09/21;12:49:37;LANDING;AIR;AIR;AIR;3160;3160.00;1013.0;5;5;22.75;-15.866.194;-47.924.889;147;147;141;129.06;0.234;-596;1.16;0.00;0.00;103;95.27;9;-0.3;53941;40;-2.11;3.3;0.3;2.64;0.00;74.5;71.8;91.4;89.9;670;665;0;0;7961.79;3956.59;4005.20;1977.6;1879.6;10760.;4;-;-;0;0;-;-4.32;5.90;2.15;-2.38;0.06;5.09
XX/09/21;12:49:38;LANDING;AIR;AIR;AIR;3152;3152.00;1013.0;3;3;22.75;-15.866.283;-47.924.202;146;144;141;129.06;0.230;-439;0.87;-0.01;-0.06;103;92.81;9;0.1;53941;40;-1.05;1.4;-1.1;1.93;0.00;65.5;59.5;88.6;86.9;620;619;0;0;7962.60;3957.03;4005.57;1585.7;1328.1;10760.;4;-;-;0;0;-;6.95;5.90;4.59;-2.38;-0.57;5.09
XX/09/21;12:49:39;LANDING;AIR;AIR;AIR;3152;3152.00;1013.0;1;1;22.75;-15.866.371;-47.923.508;145;143;141;129.06;0.228;-373;1.12;-0.03;-0.11;103;90.70;8;0.0;53941;40;-2.81;2.8;0.6;3.34;0.00;53.4;47.9;85.6;83.9;578;588;0;0;7963.19;3957.36;4005.83;1168.4;961.62;10760.;25;-;-;0;0;-;6.95;-2.25;4.59;0.45;0.44;5.09
XX/09/21;12:49:40;LANDING;GROUND;GROUND;AIR;3152;3152.00;1013.0;0;1;22.75;-15.866.457;-47.922.821;142;138;141;129.06;0.220;-250;0.74;0.02;-0.13;103;88.95;8;0.0;53941;40;0.00;2.6;0.0;2.29;0.00;44.8;42.0;82.9;81.9;562;581;0;0;7963.64;3957.60;4006.04;870.90;743.89;10760.;43;-;-;0;0;-;6.40;-2.25;3.23;0.45;0.63;5.06
XX/09/21;12:49:41;LANDING;GROUND;GROUND;GROUND;3156;3156.00;1013.0;0;-1;22.75;-15.866.540;-47.922.134;140;135;141;129.06;0.215;-128;1.19;-0.04;-0.24;102;84.73;7;0.7;53941;40;-0.35;0.4;-1.4;-0.18;0.00;40.3;38.1;80.9;80.0;556;576;0;0;7963.99;3957.79;4006.20;674.95;587.86;10760.;43;-;-;0;0;-;6.40;-4.02;3.23;1.58;-0.19;5.09