DATE;TIME;FPHASE;LDGL;LDGR;LDGNOS;ALTSTDC;ALTQNH;BAROCOR1;HEIGHT;RALT;TAT;LATP;LONP;GS;CAS;VAPP;VLS;MACH;IVV;VRTG;LATG;LONG;HEAD;WINDIR;WINSPD;DRIFT;GW;FLAP;ROLL;PITCH;PITCHRATE;AOAL;LOCDEV;N21;N22;EGT1;EGT2;THREV1;THREV2;FBURN;FBURN1;FBURN2;FF1;FF2;FQTY;SPDBRAKE;AP_EGD;GPWS;GPWSM;TCAS
XX/03/19;22:58:38;FINAL APPROACH;AIR;AIR;AIR;5012;5012.00;1013.0;3088;2627;21.00;-22.921.817;-47.259.644;169;172;139;120.82;0.285;-1261;1.04;-0.02;-0.10;139;114.26;17;1.5;40152;15;-3.87;0.2;-0.0;2.29;0.00;73.4;73.9;527;558;-;-;2975.14;1484.62;1490.52;457.22;460.85;11840.;EXTENDED;0;WARNING;-;-
XX/03/19;22:58:39;FINAL APPROACH;AIR;AIR;AIR;4992;4992.00;1013.0;3068;2627;21.00;-22.922.456;-47.258.965;167;173;139;120.82;0.285;-1201;0.95;-0.00;-0.10;139;112.85;18;1.4;40152;15;-3.16;-0.2;-0.2;1.93;0.00;73.4;73.9;528;560;-;-;2975.40;1484.75;1490.65;457.22;460.85;11840.;EXTENDED;0;WARNING;-;-
XX/03/19;22:58:40;FINAL APPROACH;AIR;AIR;AIR;4972;4972.00;1013.0;3048;2627;20.50;-22.922.691;-47.258.232;167;172;139;120.82;0.284;-1201;0.94;0.00;-0.10;139;112.85;19;1.1;40152;15;-2.11;-0.7;-0.4;1.93;0.00;73.9;73.9;538;561;-;-;2975.66;1484.89;1490.78;493.51;460.85;11840.;EXTENDED;0;WARNING;-;-
XX/03/19;22:58:41;FINAL APPROACH;AIR;AIR;AIR;4948;4948.00;1013.0;3024;2627;20.25;-22.922.925;-47.257.557;165;173;139;120.82;0.285;-1240;0.95;-0.00;-0.10;139;113.20;20;1.1;40152;15;-0.70;-0.9;-0.2;1.93;0.00;74.9;73.9;551;562;-;-;2975.94;1485.03;1490.90;529.80;460.85;11840.;EXTENDED;0;WARNING;-;-
XX/03/19;22:58:42;FINAL APPROACH;AIR;AIR;AIR;4928;4928.00;1013.0;3004;2627;20.25;-22.923.156;-47.256.886;165;172;139;120.82;0.284;-1267;0.96;-0.01;-0.10;139;113.55;21;1.1;40152;15;1.76;-1.1;-0.1;2.11;0.00;75.4;73.9;549;563;-;-;2976.21;1485.18;1491.03;526.17;460.85;11840.;EXTENDED;0;WARNING;-;-
XX/03/19;22:58:43;FINAL APPROACH;AIR;AIR;AIR;4904;4904.00;1013.0;2980;2627;20.00;-22.923.690;-47.256.218;164;173;138;120.82;0.285;-1284;0.97;-0.00;-0.10;139;113.20;22;1.4;40152;15;2.81;-1.4;-0.2;2.11;0.00;75.5;73.9;544;564;-;-;2976.48;1485.32;1491.16;511.65;464.48;11840.;EXTENDED;0;WARNING;-;-
XX/03/19;22:58:44;FINAL APPROACH;AIR;AIR;AIR;4876;4876.00;1013.0;2952;2627;20.00;-22.924.224;-47.255.493;163;172;138;120.82;0.284;-1375;0.92;-0.00;-0.10;139;113.20;23;1.4;40152;15;2.81;-1.8;-0.3;1.76;0.00;75.6;73.9;542;564;-;-;2976.75;1485.46;1491.29;508.02;460.85;11840.;EXTENDED;0;WARNING;-;-
XX/03/19;22:58:45;FINAL APPROACH;AIR;AIR;AIR;4852;4852.00;1013.0;2928;2627;20.00;-22.924.848;-47.254.822;163;171;138;120.82;0.282;-1436;0.95;0.00;-0.10;140;113.20;23;1.2;40152;15;2.11;-1.9;-0.2;2.29;0.00;75.6;73.9;540;565;-;-;2977.02;1485.60;1491.42;504.40;464.48;11840.;EXTENDED;0;WARNING;-;-
XX/03/19;22:58:46;FINAL APPROACH;AIR;AIR;AIR;4824;4824.00;1013.0;2900;2627;20.00;-22.925.472;-47.254.158;162;171;138;120.82;0.281;-1477;0.95;0.01;-0.10;140;113.91;23;1.1;40152;15;0.00;-2.3;-0.2;2.29;0.00;75.6;73.9;540;565;-;-;2977.29;1485.74;1491.55;504.40;464.48;11840.;EXTENDED;0;WARNING;-;-
XX/03/19;22:58:47;FINAL APPROACH;AIR;AIR;AIR;4792;4792.00;1013.0;2868;2627;20.00;-22.925.651;-47.253.494;162;171;138;120.82;0.281;-1584;0.96;0.01;-0.09;140;114.61;23;1.0;40152;15;-1.41;-2.5;-0.2;2.11;0.00;75.6;73.9;540;565;-;-;2977.56;1485.88;1491.68;504.40;468.11;11840.;EXTENDED;0;WARNING;-;-
XX/03/19;22:58:48;FINAL APPROACH;AIR;AIR;AIR;4764;4764.00;1013.0;2840;2627;20.00;-22.925.827;-47.252.762;161;171;138;120.82;0.281;-1655;0.96;0.01;-0.09;140;114.96;23;1.1;40152;15;-1.76;-2.6;-0.1;2.29;0.00;75.6;73.9;540;565;-;-;2977.83;1486.02;1491.81;504.40;464.48;11840.;EXTENDED;0;WARNING;-;-
XX/03/19;22:58:49;FINAL APPROACH;AIR;AIR;AIR;4736;4736.00;1013.0;2812;2627;20.00;-22.926.307;-47.252.090;161;171;138;120.82;0.282;-1663;0.96;0.00;-0.10;139;114.96;23;1.2;40152;15;-1.76;-2.8;-0.1;2.11;0.00;75.6;73.9;539;565;-;-;2978.10;1486.16;1491.94;504.40;468.11;11840.;EXTENDED;0;WARNING;-;-
XX/03/19;22:58:50;FINAL APPROACH;AIR;AIR;AIR;4704;4704.00;1013.0;2780;2627;20.25;-22.926.788;-47.251.423;161;171;138;120.82;0.281;-1708;0.94;-0.00;-0.10;139;114.61;24;1.4;40152;15;-0.35;-3.0;-0.1;2.11;0.00;75.6;73.8;540;566;-;-;2978.37;1486.30;1492.07;508.02;468.11;11840.;EXTENDED;0;WARNING;-;-
XX/03/19;22:58:51;FINAL APPROACH;AIR;AIR;AIR;4672;4672.00;1013.0;2748;2627;20.25;-22.927.267;-47.250.751;161;171;138;120.82;0.281;-1778;0.97;-0.00;-0.10;139;113.91;24;1.6;40152;15;0.70;-3.0;-0.0;2.11;0.00;75.5;73.8;536;566;-;-;2978.64;1486.44;1492.20;504.40;468.11;11840.;EXTENDED;0;WARNING;-;-
XX/03/19;22:58:52;FINAL APPROACH;AIR;AIR;AIR;4640;4640.00;1013.0;2716;2627;20.25;-22.927.885;-47.250.015;161;173;138;120.82;0.284;-1825;0.98;-0.01;-0.10;139;112.85;24;1.8;40152;15;2.11;-3.0;-0.0;2.29;0.00;73.9;73.8;516;566;-;-;2978.89;1486.56;1492.33;428.19;468.11;11840.;EXTENDED;0;WARNING;-;-
XX/03/19;22:58:53;FINAL APPROACH;AIR;AIR;AIR;4604;4604.00;1013.0;2680;2627;20.25;-22.928.127;-47.249.344;161;173;138;120.82;0.284;-1896;0.97;-0.01;-0.10;139;112.15;25;1.8;40152;15;1.76;-3.2;-0.1;2.29;0.00;72.9;73.8;514;567;-;-;2979.14;1486.68;1492.46;417.31;471.74;11840.;EXTENDED;0;WARNING;-;-
XX/03/19;22:58:54;FINAL APPROACH;AIR;AIR;AIR;4572;4572.00;1013.0;2648;2627;20.25;-22.928.367;-47.248.672;161;172;138;120.82;0.282;-1943;0.98;0.00;-0.10;140;112.15;25;1.6;40152;15;0.70;-3.3;-0.1;1.93;0.00;72.9;73.8;524;567;-;-;2979.39;1486.81;1492.59;453.59;471.74;11840.;EXTENDED;0;WARNING;-;-
XX/03/19;22:58:55;FINAL APPROACH;AIR;AIR;AIR;4540;4540.00;1013.0;2616;2627;20.50;-22.928.611;-47.248.005;161;173;138;120.82;0.283;-1936;0.96;0.00;-0.10;140;112.85;25;1.4;40152;15;0.70;-3.3;-0.0;2.11;0.00;73.0;73.8;531;567;-;-;2979.66;1486.94;1492.72;468.11;471.74;11840.;EXTENDED;0;WARNING;-;-
XX/03/19;22:58:56;FINAL APPROACH;AIR;AIR;AIR;4504;4504.00;1013.0;2580;2627;20.50;-22.929.161;-47.247.269;161;173;138;120.82;0.283;-1970;0.97;0.00;-0.10;140;113.20;25;1.5;40152;15;0.35;-3.3;-0.0;2.11;0.00;73.0;73.8;532;567;-;-;2979.92;1487.07;1492.85;468.11;475.37;11840.;EXTENDED;0;WARNING;-;-
XX/03/19;22:58:57;FINAL APPROACH;AIR;AIR;AIR;4468;4468.00;1013.0;2544;2627;20.75;-22.929.710;-47.246.597;161;174;138;120.82;0.285;-2033;0.99;0.00;-0.10;140;113.20;26;1.6;40152;15;0.00;-3.3;-0.0;2.11;0.00;73.0;73.8;533;567;-;-;2980.18;1487.20;1492.98;471.74;471.74;11840.;EXTENDED;0;WARNING;-;-
XX/03/19;22:58:58;FINAL APPROACH;AIR;AIR;AIR;4436;4436.00;1013.0;2512;2627;20.75;-22.930.332;-47.245.930;161;175;138;120.82;0.286;-2035;1.00;-0.00;-0.10;140;113.20;26;1.7;40152;15;0.35;-3.3;-0.0;2.11;0.00;73.0;73.8;533;567;-;-;2980.44;1487.33;1493.12;468.11;475.37;11840.;EXTENDED;0;WARNING;-;-
XX/03/19;22:58:59;FINAL APPROACH;AIR;AIR;AIR;4400;4400.00;1013.0;2476;2627;20.75;-22.930.952;-47.245.266;160;174;138;120.82;0.285;-2037;1.01;-0.00;-0.10;140;113.20;27;1.8;40152;15;0.35;-3.3;-0.0;2.29;0.00;73.0;73.8;533;567;-;-;2980.70;1487.46;1493.25;471.74;475.37;11840.;EXTENDED;0;WARNING;-;-
XX/03/19;22:59:00;FINAL APPROACH;AIR;AIR;AIR;4368;4368.00;1013.0;2444;2627;20.75;-22.931.131;-47.244.522;160;175;138;120.82;0.285;-2038;0.99;-0.00;-0.10;140;113.20;27;1.8;40152;15;1.05;-3.5;-0.1;1.93;0.00;73.0;73.8;533;567;-;-;2980.97;1487.59;1493.38;475.37;475.37;11840.;EXTENDED;0;WARNING;-;-
XX/03/19;22:59:01;FINAL APPROACH;AIR;AIR;AIR;4336;4336.00;1013.0;2412;2627;20.75;-22.931.310;-47.243.855;160;175;138;120.82;0.285;-1999;0.98;-0.00;-0.10;140;113.20;27;1.8;40152;15;1.41;-3.5;-0.0;1.93;0.00;73.0;73.8;534;567;-;-;2981.23;1487.72;1493.51;471.74;475.37;11840.;EXTENDED;0;WARNING;-;-
XX/03/19;22:59:02;FINAL APPROACH;AIR;AIR;AIR;4304;4304.00;1013.0;2380;2627;21.00;-22.931.795;-47.243.191;160;175;138;120.82;0.286;-1973;0.98;-0.00;-0.10;140;112.85;27;1.9;40152;15;1.76;-3.5;-0.0;1.93;0.00;73.0;73.8;534;567;-;-;2981.49;1487.85;1493.64;471.74;475.37;11840.;EXTENDED;0;WARNING;-;-
XX/03/19;22:59:03;FINAL APPROACH;AIR;AIR;AIR;4268;4268.00;1013.0;2344;2627;21.00;-22.932.277;-47.242.527;160;176;138;120.82;0.287;-1995;0.98;-0.01;-0.10;141;112.85;28;1.8;40152;15;1.76;-3.5;-0.0;1.93;0.00;73.0;73.8;534;567;-;-;2981.76;1487.98;1493.78;475.37;475.37;11840.;EXTENDED;0;WARNING;-;-
XX/03/19;22:59:04;FINAL APPROACH;AIR;AIR;AIR;4232;4232.00;1013.0;2308;2615;21.25;-22.932.762;-47.242.088;160;176;138;120.82;0.287;-2049;0.99;-0.00;-0.11;141;113.55;28;1.7;40152;15;0.70;-3.5;-0.0;1.93;0.00;73.0;73.8;534;567;-;-;2982.02;1488.12;1493.91;475.37;475.37;11840.;EXTENDED;0;WARNING;-;-
XX/03/19;22:59:05;FINAL APPROACH;AIR;AIR;AIR;4200;4200.00;1013.0;2276;2595;21.25;-22.933.387;-47.241.421;160;177;138;120.82;0.288;-2046;0.97;0.00;-0.11;141;114.26;28;1.4;40152;15;0.00;-3.5;-0.0;1.76;0.00;73.0;73.8;534;567;-;-;2982.29;1488.25;1494.04;475.37;478.99;11840.;EXTENDED;0;WARNING;-;-
XX/03/19;22:59:06;FINAL APPROACH;AIR;AIR;AIR;4164;4164.00;1013.0;2240;2581;21.25;-22.933.630;-47.240.757;160;177;138;120.82;0.288;-2044;0.99;0.00;-0.11;141;115.31;29;1.2;40152;15;-0.70;-3.5;-0.0;1.93;0.00;73.0;73.8;534;567;-;-;2982.55;1488.38;1494.17;478.99;475.37;11840.;EXTENDED;0;WARNING;-;-
XX/03/19;22:59:07;FINAL APPROACH;AIR;AIR;AIR;4128;4128.00;1013.0;2204;2566;21.00;-22.933.872;-47.240.093;160;178;138;120.82;0.290;-2082;1.02;-0.00;-0.11;141;116.37;29;1.1;40152;15;-1.05;-3.5;-0.0;2.29;0.00;73.0;73.8;534;566;-;-;2982.82;1488.51;1494.31;475.37;478.99;11840.;EXTENDED;0;WARNING;-;-
XX/03/19;22:59:08;FINAL APPROACH;AIR;AIR;AIR;4096;4096.00;1013.0;2172;2559;21.00;-22.934.421;-47.239.429;160;177;138;120.82;0.288;-2068;1.01;0.01;-0.10;141;117.07;29;1.2;40152;15;-1.05;-3.7;-0.1;1.93;0.00;73.0;73.6;534;566;-;-;2983.08;1488.65;1494.44;478.99;478.99;11840.;EXTENDED;0;WARNING;-;-
XX/03/19;22:59:09;FINAL APPROACH;AIR;AIR;AIR;4064;4064.00;1013.0;2140;2558;21.25;-22.934.968;-47.238.819;160;176;138;120.82;0.285;-2019;0.97;-0.00;-0.11;141;117.07;29;1.4;40152;15;-1.05;-3.7;-0.0;1.58;0.00;73.0;73.6;534;566;-;-;2983.35;1488.78;1494.57;478.99;478.99;11840.;EXTENDED;0;WARNING;-;-
XX/03/19;22:59:10;FINAL APPROACH;AIR;AIR;AIR;4028;4028.00;1013.0;2104;2552;21.25;-22.935.516;-47.238.209;160;178;138;120.82;0.289;-2026;0.95;-0.00;-0.11;141;116.72;29;1.6;40152;15;-0.70;-3.7;-0.0;1.58;0.00;73.0;73.6;534;566;-;-;2983.62;1488.91;1494.71;478.99;478.99;11840.;EXTENDED;0;WARNING;-;-
XX/03/19;22:59:11;FINAL APPROACH;AIR;AIR;AIR;3996;3996.00;1013.0;2072;2522;21.50;-22.936.142;-47.237.595;159;179;138;120.82;0.290;-2031;1.02;-0.00;-0.11;141;116.37;30;1.7;40152;15;-0.70;-3.0;0.4;2.29;0.00;73.0;73.8;534;567;-;-;2983.88;1489.04;1494.84;478.99;478.99;11840.;EXTENDED;0;WARNING;-;-
XX/03/19;22:59:12;FINAL APPROACH;AIR;AIR;AIR;3964;3964.00;1013.0;2040;2449;21.25;-22.936.382;-47.236.984;159;179;138;120.82;0.291;-1994;1.06;-0.01;-0.10;141;116.37;31;1.7;40152;15;-0.35;-2.6;0.3;3.17;0.00;73.0;73.6;534;567;-;-;2984.15;1489.18;1494.97;478.99;482.62;11840.;EXTENDED;0;WARNING;-;-
XX/03/19;22:59:13;FINAL APPROACH;AIR;AIR;AIR;3936;3936.00;1013.0;2012;2401;21.25;-22.936.622;-47.236.294;159;179;138;120.82;0.290;-1930;1.08;-0.00;-0.10;141;116.37;31;1.3;40152;15;0.70;-2.6;0.1;1.93;0.00;73.0;73.6;534;566;-;-;2984.42;1489.31;1495.11;482.62;482.62;11840.;EXTENDED;0;WARNING;-;-
XX/03/19;22:59:14;FINAL APPROACH;AIR;AIR;AIR;3908;3908.00;1013.0;1984;2352;21.25;-22.937.168;-47.235.630;159;179;138;120.82;0.290;-1848;0.94;0.00;-0.11;141;117.07;31;1.1;40152;15;1.41;-3.0;-0.2;1.41;-0.02;73.0;73.6;533;566;-;-;2984.69;1489.45;1495.24;482.62;478.99;11840.;EXTENDED;0;WARNING;-;-
XX/03/19;22:59:15;FINAL APPROACH;AIR;AIR;AIR;3880;3880.00;1013.0;1956;2297;21.25;-22.937.713;-47.234.966;158;180;138;120.82;0.292;-1792;0.98;0.00;-0.11;141;117.42;32;1.4;40152;15;1.05;-2.5;0.3;1.76;-0.02;72.9;73.6;532;566;-;-;2984.95;1489.58;1495.37;478.99;482.62;11840.;EXTENDED;0;WARNING;-;-
XX/03/19;22:59:16;FINAL APPROACH;AIR;AIR;AIR;3856;3856.00;1013.0;1932;2219;21.25;-22.938.259;-47.234.299;158;179;138;120.82;0.289;-1716;1.09;-0.02;-0.11;141;117.77;33;1.4;40152;15;0.35;-1.9;0.4;1.76;-0.01;72.9;73.6;533;566;-;-;2985.22;1489.71;1495.51;482.62;482.62;11840.;EXTENDED;0;WARNING;-;-
XX/03/19;22:59:17;FINAL APPROACH;AIR;AIR;AIR;3832;3832.00;1013.0;1908;2180;21.25;-22.938.880;-47.233.860;157;175;138;120.82;0.283;-1625;1.00;0.00;-0.10;142;118.48;32;1.1;40152;15;-0.35;-1.6;0.3;1.93;-0.01;72.9;73.6;533;566;-;-;2985.49;1489.85;1495.64;482.62;482.62;11840.;EXTENDED;0;WARNING;-;-
XX/03/19;22:59:18;FINAL APPROACH;AIR;AIR;AIR;3804;3804.00;1013.0;1880;2176;21.25;-22.939.125;-47.233.196;156;175;138;120.82;0.282;-1603;1.06;-0.01;-0.10;142;119.53;32;0.6;40152;15;-0.70;-0.9;0.5;3.69;-0.01;72.9;73.6;533;566;-;-;2985.76;1489.98;1495.78;482.62;482.62;11840.;EXTENDED;0;WARNING;-;-
XX/03/19;22:59:19;FINAL APPROACH;AIR;AIR;AIR;3780;3780.00;1013.0;1856;2168;21.25;-22.939.365;-47.232.533;156;175;138;120.82;0.282;-1589;1.06;0.00;-0.09;143;120.94;32;0.0;40152;15;0.00;-1.1;-0.0;2.46;0.01;72.9;73.6;534;566;-;-;2986.03;1490.12;1495.91;486.25;486.25;11840.;EXTENDED;0;WARNING;-;-
XX/03/19;22:59:20;FINAL APPROACH;AIR;AIR;AIR;3760;3760.00;1013.0;1836;2162;21.00;-22.939.607;-47.231.876;155;174;138;120.82;0.281;-1500;1.01;0.02;-0.10;143;122.70;31;0.0;40152;15;1.05;-1.1;-0.0;2.11;0.02;73.0;73.6;533;566;-;-;2986.29;1490.25;1496.04;482.62;482.62;11840.;EXTENDED;0;WARNING;-;-
XX/03/19;22:59:21;FINAL APPROACH;AIR;AIR;AIR;3740;3740.00;1013.0;1816;2173;21.00;-22.940.153;-47.231.220;154;173;138;120.82;0.279;-1401;1.01;-0.01;-0.10;143;123.40;31;0.4;40152;15;1.41;-0.9;0.1;2.64;0.02;72.9;73.6;532;566;-;-;2986.56;1490.38;1496.18;482.62;482.62;11840.;EXTENDED;0;WARNING;-;-
XX/03/19;22:59:22;FINAL APPROACH;AIR;AIR;AIR;3720;3720.00;1013.0;1796;2178;21.00;-22.940.698;-47.230.610;154;171;138;120.82;0.276;-1335;1.09;0.00;-0.08;142;123.05;31;0.7;40152;15;0.00;-0.7;0.1;3.17;0.02;72.9;73.6;533;566;-;-;2986.83;1490.52;1496.31;486.25;486.25;11840.;EXTENDED;0;WARNING;-;-
XX/03/19;22:59:23;FINAL APPROACH;AIR;AIR;AIR;3704;3704.00;1013.0;1780;2175;21.00;-22.941.322;-47.230.000;153;173;138;120.82;0.280;-1251;1.00;0.00;-0.10;142;122.70;31;1.0;40152;15;0.00;-0.9;-0.1;1.76;0.03;72.9;73.6;533;566;-;-;2987.10;1490.65;1496.45;486.25;486.25;11840.;EXTENDED;0;WARNING;-;-
XX/03/19;22:59:24;FINAL APPROACH;AIR;AIR;AIR;3684;3684.00;1013.0;1760;2165;21.00;-22.941.942;-47.229.389;152;173;138;120.82;0.279;-1194;0.95;-0.00;-0.10;142;121.64;32;1.3;40152;15;0.00;-0.7;0.1;2.46;0.04;72.9;73.6;533;566;-;-;2987.37;1490.79;1496.58;482.62;486.25;11840.;EXTENDED;0;WARNING;-;-
XX/03/19;22:59:25;FINAL APPROACH;AIR;AIR;AIR;3668;3668.00;1013.0;1744;2155;21.25;-22.942.117;-47.228.779;151;173;138;120.82;0.279;-1157;1.03;-0.00;-0.09;142;120.59;32;1.5;40152;15;-0.35;0.2;0.5;2.64;0.04;72.9;73.6;533;567;-;-;2987.64;1490.92;1496.72;486.25;489.88;11840.;EXTENDED;0;WARNING;-;-
XX/03/19;22:59:26;FINAL APPROACH;AIR;AIR;AIR;3652;3652.00;1013.0;1728;2149;21.25;-22.942.295;-47.228.382;150;172;138;120.82;0.277;-1092;1.04;-0.01;-0.09;142;120.23;32;1.5;40152;15;0.00;0.7;0.4;3.17;0.05;72.9;73.6;533;566;-;-;2987.91;1491.06;1496.85;486.25;486.25;11840.;EXTENDED;0;WARNING;-;-
XX/03/19;22:59:27;FINAL APPROACH;AIR;AIR;AIR;3636;3636.00;1013.0;1712;2140;21.50;-22.942.771;-47.227.722;149;168;138;120.82;0.270;-1048;1.10;-0.02;-0.08;142;119.88;32;1.3;40152;15;0.70;1.2;0.4;3.69;0.06;72.9;73.6;534;567;-;-;2988.18;1491.19;1496.99;486.25;486.25;11840.;EXTENDED;0;WARNING;-;-
XX/03/19;22:59:28;FINAL APPROACH;AIR;AIR;AIR;3624;3624.00;1013.0;1700;2124;21.25;-22.943.250;-47.227.066;148;168;138;120.79;0.270;-980;1.01;0.02;-0.08;143;120.23;32;0.8;40134;15;0.70;1.2;0.1;3.17;0.07;72.9;73.6;534;567;-;-;2988.45;1491.33;1497.12;489.88;486.25;11840.;EXTENDED;0;WARNING;-;-
XX/03/19;22:59:29;FINAL APPROACH;AIR;AIR;AIR;3608;3608.00;1013.0;1684;2076;21.25;-22.943.725;-47.226.406;147;166;138;120.79;0.267;-933;0.99;0.01;-0.08;143;121.29;32;0.7;40134;15;1.41;1.2;0.0;2.99;0.07;72.9;73.6;534;567;-;-;2988.73;1491.47;1497.26;489.88;486.25;11840.;EXTENDED;0;WARNING;-;-
XX/03/19;22:59:30;FINAL APPROACH;AIR;AIR;AIR;3600;3600.00;1013.0;1676;2053;21.25;-22.944.335;-47.225.754;145;165;138;120.79;0.266;-863;1.02;-0.04;-0.07;143;121.64;31;0.9;40134;15;2.11;1.9;0.4;3.52;0.08;72.9;73.6;534;568;-;-;2989.00;1491.60;1497.40;486.25;489.88;11840.;EXTENDED;0;WARNING;-;-
XX/03/19;22:59:31;FINAL APPROACH;AIR;AIR;AIR;3588;3588.00;1013.0;1664;2020;21.25;-22.944.580;-47.225.449;144;164;138;120.79;0.264;-776;1.01;0.01;-0.08;144;122.70;32;0.3;40134;15;0.70;2.5;0.4;3.69;0.06;72.9;73.6;534;567;-;-;2989.27;1491.74;1497.53;489.88;486.25;11840.;EXTENDED;0;WARNING;-;-
XX/03/19;22:59:32;FINAL APPROACH;AIR;AIR;AIR;3576;3576.00;1013.0;1652;1988;21.25;-22.944.824;-47.224.838;143;162;138;120.79;0.260;-758;1.12;-0.01;-0.05;144;124.10;31;0.0;40134;15;0.70;3.3;0.6;4.57;0.05;72.9;73.6;534;568;-;-;2989.54;1491.87;1497.67;486.25;489.88;12000.;EXTENDED;0;WARNING;-;-
XX/03/19;22:59:33;FINAL APPROACH;AIR;AIR;AIR;3568;3568.00;1013.0;1644;1944;21.25;-22.945.064;-47.224.239;141;161;138;120.79;0.260;-706;1.00;0.01;-0.06;144;125.16;31;0.0;40134;15;-1.41;3.0;-0.1;4.57;0.05;72.9;73.6;534;568;-;-;2989.81;1492.01;1497.80;489.88;489.88;12000.;EXTENDED;0;WARNING;-;-
XX/03/19;22:59:34;FINAL APPROACH;AIR;AIR;AIR;3560;3560.00;1013.0;1636;1912;21.25;-22.945.610;-47.223.640;140;162;138;120.79;0.260;-631;1.10;0.01;-0.05;144;125.86;32;0.0;40134;15;-1.76;3.2;0.1;5.28;0.05;72.9;73.6;534;568;-;-;2990.08;1492.14;1497.94;486.25;486.25;12000.;EXTENDED;0;WARNING;-;-
XX/03/19;22:59:35;FINAL APPROACH;AIR;AIR;AIR;3552;3552.00;1013.0;1628;1891;21.50;-22.946.153;-47.223.045;138;159;138;120.79;0.255;-581;0.95;0.02;-0.07;144;126.21;32;0.4;40134;15;-0.35;2.5;-0.4;2.81;0.04;73.0;73.6;534;569;-;-;2990.35;1492.28;1498.07;489.88;489.88;12000.;EXTENDED;0;WARNING;-;-
XX/03/19;22:59:36;FINAL APPROACH;AIR;AIR;AIR;3548;3548.00;1013.0;1624;1865;21.25;-22.946.750;-47.222.740;137;157;138;120.79;0.252;-508;1.01;-0.02;-0.07;143;124.80;31;1.4;40134;15;0.00;2.5;-0.1;4.04;0.04;72.9;73.6;534;569;-;-;2990.62;1492.41;1498.21;486.25;489.88;12000.;EXTENDED;0;WARNING;-;-
XX/03/19;22:59:37;FINAL APPROACH;AIR;AIR;AIR;3540;3540.00;1013.0;1616;1855;21.25;-22.947.343;-47.222.130;135;152;138;120.79;0.244;-459;1.06;-0.03;-0.07;142;123.40;30;1.3;40134;15;-3.52;2.8;0.2;4.40;0.03;73.5;74.4;549;582;-;-;2990.91;1492.55;1498.36;504.40;529.80;12000.;EXTENDED;0;WARNING;-;-
XX/03/19;22:59:38;FINAL APPROACH;AIR;AIR;AIR;3532;3532.00;1013.0;1608;1846;21.25;-22.947.530;-47.221.523;134;152;138;115.21;0.245;-466;1.04;0.02;-0.06;143;124.10;30;-0.2;40134;25;-4.92;2.3;-0.3;2.81;0.05;76.5;77.3;600;619;-;-;2991.30;1492.75;1498.55;703.98;707.60;12000.;EXTENDED;0;WARNING;-;-
XX/03/19;22:59:39;FINAL APPROACH;AIR;AIR;AIR;3528;3528.00;1013.0;1604;1841;21.00;-22.947.711;-47.220.913;133;150;138;115.21;0.242;-431;1.00;0.02;-0.04;144;125.86;29;-0.8;40134;25;-1.41;1.8;-0.4;2.99;0.04;80.3;80.9;632;636;-;-;2991.77;1492.98;1498.79;830.98;838.24;12000.;EXTENDED;0;WARNING;-;-
XX/03/19;22:59:40;FINAL APPROACH;AIR;AIR;AIR;3524;3524.00;1013.0;1600;1832;20.75;-22.947.891;-47.220.310;132;153;138;115.21;0.246;-368;0.94;0.02;-0.05;143;126.56;29;-0.2;40134;25;2.11;1.6;-0.2;1.58;0.06;83.3;81.1;613;598;-;-;2992.25;1493.24;1499.01;932.59;791.07;12000.;EXTENDED;0;WARNING;-;-
XX/03/19;22:59:41;FINAL APPROACH;AIR;AIR;AIR;3520;3520.00;1013.0;1596;1835;20.75;-22.948.066;-47.220.005;131;154;138;115.21;0.247;-326;0.99;-0.00;-0.05;143;125.51;30;1.1;40134;25;5.27;2.3;0.4;4.22;0.02;83.3;81.8;576;586;-;-;2992.74;1493.50;1499.24;939.84;830.98;12000.;EXTENDED;0;WARNING;-;-
XX/03/19;22:59:42;FINAL APPROACH;AIR;AIR;AIR;3512;3512.00;1013.0;1588;1843;21.00;-22.948.547;-47.219.398;131;152;138;115.21;0.245;-337;1.05;-0.02;-0.04;142;123.05;31;2.1;40134;25;3.87;2.6;0.3;4.40;0.05;83.0;81.9;556;572;-;-;2993.21;1493.75;1499.46;907.19;805.58;12000.;EXTENDED;0;WARNING;-;-
XX/03/19;22:59:43;FINAL APPROACH;AIR;AIR;AIR;3504;3504.00;1013.0;1580;1864;21.00;-22.949.123;-47.218.792;130;151;138;115.21;0.242;-384;0.96;0.01;-0.05;143;121.64;31;1.8;40134;25;-1.41;1.9;-0.4;1.93;0.04;82.9;81.9;547;564;-;-;2993.68;1494.00;1499.68;881.78;801.95;12000.;EXTENDED;0;WARNING;-;-
XX/03/19;22:59:44;FINAL APPROACH;AIR;AIR;AIR;3500;3500.00;1013.0;1576;1883;21.25;-22.949.697;-47.218.185;129;150;138;115.21;0.242;-376;0.90;0.01;-0.06;143;121.29;31;1.4;40134;25;-1.41;1.8;-0.2;1.93;0.03;82.8;81.9;544;560;-;-;2994.14;1494.24;1499.90;863.64;794.69;12000.;EXTENDED;0;WARNING;-;-
XX/03/19;22:59:45;FINAL APPROACH;AIR;AIR;AIR;3492;3492.00;1013.0;1568;1887;21.25;-22.950.269;-47.217.575;128;150;138;115.21;0.242;-371;0.98;-0.01;-0.05;142;120.59;32;1.9;40134;25;-1.41;2.6;0.5;3.52;0.03;82.8;81.9;543;557;-;-;2994.60;1494.47;1500.12;852.75;787.44;12000.;EXTENDED;0;WARNING;-;-
XX/03/19;22:59:46;FINAL APPROACH;AIR;AIR;AIR;3484;3484.00;1013.0;1560;1887;21.50;-22.950.410;-47.217.270;127;151;138;115.21;0.242;-407;1.04;-0.02;-0.04;142;119.88;32;1.9;40134;25;-3.16;3.5;0.6;3.69;0.02;82.8;82.5;539;562;-;-;2995.06;1494.71;1500.35;838.24;830.98;12000.;EXTENDED;0;WARNING;-;-
XX/03/19;22:59:47;FINAL APPROACH;AIR;AIR;AIR;3480;3480.00;1013.0;1556;1892;21.25;-22.950.550;-47.216.965;125;148;138;115.21;0.237;-391;1.03;-0.01;-0.03;142;120.23;33;1.1;40134;25;-4.22;3.7;0.2;5.98;0.02;82.6;83.1;538;563;-;-;2995.54;1494.94;1500.60;830.98;885.41;12000.;EXTENDED;0;WARNING;-;-
XX/03/19;22:59:48;FINAL APPROACH;AIR;AIR;AIR;3468;3468.00;1013.0;1544;1912;21.25;-22.950.687;-47.216.358;125;142;138;115.21;0.228;-421;0.99;-0.00;-0.03;143;121.64;31;0.4;40134;25;-1.76;3.5;-0.1;5.28;0.02;82.5;82.4;536;545;-;-;2995.99;1495.16;1500.83;816.47;823.72;12000.;EXTENDED;0;WARNING;-;-
XX/03/19;22:59:49;FINAL APPROACH;AIR;AIR;AIR;3464;3464.00;1013.0;1540;1913;21.00;-22.951.124;-47.215.752;124;140;138;115.21;0.225;-440;0.97;-0.01;-0.04;142;121.99;30;0.5;40134;25;1.41;3.0;-0.3;2.99;0.02;82.5;80.0;536;522;-;-;2996.40;1495.39;1501.01;809.21;656.80;12000.;EXTENDED;0;WARNING;-;-
XX/03/19;22:59:50;FINAL APPROACH;AIR;AIR;AIR;3456;3456.00;1013.0;1532;1917;20.75;-22.951.561;-47.215.149;123;139;138;115.21;0.223;-414;0.88;-0.01;-0.03;143;122.34;29;0.8;40134;25;1.76;2.8;-0.2;6.51;0.03;82.4;79.1;535;538;-;-;2996.80;1495.61;1501.19;809.21;627.77;12000.;EXTENDED;0;WARNING;-;-
XX/03/19;22:59:51;FINAL APPROACH;AIR;AIR;AIR;3448;3448.00;1013.0;1524;1916;20.75;-22.952.121;-47.214.630;122;138;138;115.21;0.222;-436;1.01;-0.00;-0.00;143;122.70;28;0.3;40134;25;0.70;3.9;0.6;6.16;0.04;83.4;82.4;553;594;-;-;2997.28;1495.86;1501.42;870.90;849.13;12000.;EXTENDED;0;WARNING;-;-
XX/03/19;22:59:52;FINAL APPROACH;AIR;AIR;AIR;3440;3440.00;1013.0;1516;1916;21.00;-22.952.680;-47.214.371;122;141;138;115.21;0.226;-450;1.05;0.00;0.04;144;124.80;27;-0.5;40134;25;0.70;4.2;0.3;7.56;0.03;84.6;84.8;563;603;-;-;2997.85;1496.13;1501.72;979.76;1092.2;12000.;EXTENDED;0;WARNING;-;-
XX/03/19;22:59:53;FINAL APPROACH;AIR;AIR;AIR;3432;3432.00;1013.0;1508;1906;21.00;-22.952.884;-47.214.111;122;141;138;115.21;0.226;-460;1.09;0.03;0.02;145;127.27;27;-1.1;40134;25;0.00;3.7;-0.2;4.92;0.02;85.4;84.8;564;576;-;-;2998.47;1496.43;1502.04;1070.4;1135.8;12000.;EXTENDED;0;WARNING;-;-
XX/03/19;22:59:54;FINAL APPROACH;AIR;AIR;AIR;3424;3424.00;1013.0;1500;1897;21.00;-22.953.086;-47.213.547;122;141;138;115.21;0.227;-467;1.05;-0.00;-0.03;145;128.32;27;-0.6;40134;25;0.70;2.3;-0.9;2.11;0.03;85.3;83.0;554;547;-;-;2999.03;1496.73;1502.31;1084.9;957.99;12000.;EXTENDED;0;WARNING;-;-
XX/03/19;22:59:55;FINAL APPROACH;AIR;AIR;AIR;3420;3420.00;1013.0;1496;1893;20.75;-22.953.290;-47.212.994;121;141;138;115.21;0.226;-431;0.82;0.02;-0.09;144;127.97;28;0.4;40134;25;0.70;0.2;-1.4;0.88;0.04;84.5;81.8;536;539;-;-;2999.53;1497.00;1502.53;997.90;801.95;12000.;EXTENDED;0;WARNING;-;-
XX/03/19;22:59:56;FINAL APPROACH;AIR;AIR;AIR;3412;3412.00;1013.0;1488;1888;20.75;-22.953.491;-47.212.437;120;139;125;112.00;0.224;-408;0.94;-0.00;-0.07;143;126.21;28;1.2;40134;30;-0.70;0.4;-0.2;0.70;0.04;83.9;82.6;530;563;-;-;3000.04;1497.26;1502.77;936.22;870.90;12000.;EXTENDED;0;WARNING;-;-
XX/03/19;22:59:57;FINAL APPROACH;AIR;AIR;AIR;3404;3404.00;1013.0;1480;1872;20.75;-22.953.996;-47.211.929;119;138;125;112.00;0.222;-432;0.90;-0.00;-0.07;143;124.80;28;1.2;40134;30;-2.11;0.5;0.1;2.64;0.04;83.5;83.5;527;563;-;-;3000.54;1497.51;1503.03;889.04;918.07;12000.;EXTENDED;0;WARNING;-;-
XX/03/19;22:59:58;FINAL APPROACH;AIR;AIR;AIR;3392;3392.00;1013.0;1468;1853;20.75;-22.954.551;-47.211.662;119;135;125;112.00;0.216;-487;1.05;0.00;-0.04;143;124.10;28;0.9;40134;30;-2.46;1.4;0.5;4.92;0.04;83.3;82.9;529;548;-;-;3001.03;1497.75;1503.28;867.27;910.81;12000.;EXTENDED;0;WARNING;-;-
XX/03/19;22:59:59;FINAL APPROACH;AIR;AIR;AIR;3380;3380.00;1013.0;1456;1839;20.75;-22.955.104;-47.211.395;118;133;125;112.00;0.213;-564;1.02;0.02;-0.05;143;123.75;27;0.8;40134;30;-2.11;0.9;-0.2;3.34;0.05;83.3;80.8;531;526;-;-;3001.46;1497.99;1503.47;860.01;696.72;12000.;EXTENDED;0;WARNING;-;-
XX/03/19;23:00:00;FINAL APPROACH;AIR;AIR;AIR;3372;3372.00;1013.0;1448;1825;20.75;-22.955.654;-47.210.823;118;134;125;112.00;0.215;-576;0.91;-0.03;-0.07;142;122.34;26;1.5;40134;30;1.41;-0.2;-0.7;3.52;0.05;82.8;78.1;525;516;-;-;3001.85;1498.22;1503.63;823.72;566.08;12000.;EXTENDED;0;WARNING;-;-
XX/03/19;23:00:01;FINAL APPROACH;AIR;AIR;AIR;3356;3356.00;1013.0;1432;1810;20.50;-22.955.806;-47.210.251;117;132;125;112.00;0.211;-623;0.98;-0.00;-0.07;142;120.94;26;1.8;40134;30;2.11;0.0;-0.0;4.57;0.05;82.4;76.1;525;513;-;-;3002.21;1498.44;1503.76;801.95;478.99;12000.;EXTENDED;0;WARNING;-;-
XX/03/19;23:00:02;FINAL APPROACH;AIR;AIR;AIR;3344;3344.00;1013.0;1420;1791;20.50;-22.955.959;-47.209.679;117;133;125;112.00;0.213;-695;0.97;-0.00;-0.07;143;120.23;25;1.3;40134;30;1.76;0.0;-0.0;1.41;0.05;82.1;76.3;527;543;-;-;3002.58;1498.66;1503.92;780.18;562.46;12000.;EXTENDED;0;WARNING;-;-
XX/03/19;23:00:03;FINAL APPROACH;AIR;AIR;AIR;3332;3332.00;1013.0;1408;1765;20.50;-22.956.111;-47.209.175;116;135;125;112.00;0.217;-703;0.88;0.00;-0.07;144;120.94;25;1.1;40134;30;2.81;0.2;0.1;1.76;0.04;82.0;79.0;529;601;-;-;3002.99;1498.87;1504.12;765.66;725.75;12000.;EXTENDED;0;WARNING;-;-
XX/03/19;23:00:04;FINAL APPROACH;AIR;AIR;AIR;3320;3320.00;1013.0;1396;1731;20.75;-22.956.262;-47.208.908;115;134;125;112.00;0.215;-709;0.95;0.00;-0.03;144;120.94;26;1.4;40134;30;2.11;1.4;0.7;5.63;0.03;83.6;83.8;564;630;-;-;3003.51;1499.12;1504.39;885.41;968.87;12000.;EXTENDED;0;WARNING;-;-
XX/03/19;23:00:05;FINAL APPROACH;AIR;AIR;AIR;3308;3308.00;1013.0;1384;1696;20.75;-22.956.718;-47.208.645;116;135;125;112.00;0.216;-712;1.20;-0.00;0.03;144;120.94;26;1.5;40134;30;1.05;3.0;1.1;7.39;0.03;85.4;85.0;576;609;-;-;3004.12;1499.41;1504.71;1070.4;1146.6;12000.;EXTENDED;0;WARNING;-;-
XX/03/19;23:00:06;FINAL APPROACH;AIR;AIR;AIR;3296;3296.00;1013.0;1372;1679;21.00;-22.957.267;-47.208.084;116;134;125;112.00;0.215;-715;1.06;0.01;-0.01;144;121.99;27;0.9;40134;30;-2.11;1.9;-0.4;1.41;0.03;85.6;83.3;564;564;-;-;3004.69;1499.72;1504.97;1106.7;947.10;12000.;EXTENDED;0;WARNING;-;-
XX/03/19;23:00:07;FINAL APPROACH;AIR;AIR;AIR;3288;3288.00;1013.0;1364;1654;21.00;-22.957.815;-47.207.520;115;132;125;112.00;0.211;-677;0.77;0.01;-0.06;144;123.40;27;0.4;40134;30;-4.22;0.5;-0.9;3.34;0.03;84.1;80.5;534;536;-;-;3005.17;1500.00;1505.18;990.65;733.01;12000.;EXTENDED;0;WARNING;-;-
XX/03/19;23:00:08;FINAL APPROACH;AIR;AIR;AIR;3276;3276.00;1013.0;1352;1630;21.00;-22.958.360;-47.206.959;114;130;125;112.00;0.209;-652;1.02;-0.00;-0.03;144;124.45;26;0.2;40134;30;-2.81;1.6;0.4;5.10;0.03;83.4;81.6;529;568;-;-;3005.64;1500.24;1505.40;889.04;805.58;12000.;EXTENDED;0;WARNING;-;-
XX/03/19;23:00:09;FINAL APPROACH;AIR;AIR;AIR;3260;3260.00;1013.0;1336;1613;21.00;-22.958.519;-47.206.467;114;130;125;112.00;0.208;-714;0.98;-0.00;-0.04;144;124.80;25;0.3;40134;30;-1.05;1.6;0.1;4.40;0.01;83.4;82.1;536;567;-;-;3006.10;1500.49;1505.62;867.27;787.44;12000.;EXTENDED;0;WARNING;-;-
XX/03/19;23:00:10;FINAL APPROACH;AIR;AIR;AIR;3248;3248.00;1013.0;1324;1588;21.00;-22.958.679;-47.206.196;113;133;125;112.00;0.212;-755;0.95;-0.00;-0.04;144;125.51;26;0.2;40134;30;-2.81;1.8;0.1;3.87;-0.01;83.4;82.8;536;570;-;-;3006.57;1500.72;1505.85;852.75;841.87;12000.;EXTENDED;0;WARNING;-;-
XX/03/19;23:00:11;FINAL APPROACH;AIR;AIR;AIR;3240;3240.00;1013.0;1316;1558;21.00;-22.958.839;-47.205.933;113;128;125;112.00;0.205;-704;1.06;0.02;-0.01;144;126.21;26;-0.1;40134;30;-2.11;2.5;0.4;5.10;-0.01;83.9;84.1;543;577;-;-;3007.09;1500.97;1506.12;889.04;972.50;12000.;EXTENDED;0;WARNING;-;-
XX/03/19;23:00:12;FINAL APPROACH;AIR;AIR;AIR;3228;3228.00;1013.0;1304;1538;21.25;-22.958.993;-47.205.364;113;130;125;112.00;0.208;-670;0.97;-0.03;-0.02;143;125.86;25;0.4;40134;30;-1.05;2.3;-0.0;4.57;-0.01;84.0;84.3;542;565;-;-;3007.62;1501.22;1506.40;903.56;1008.7;12000.;EXTENDED;0;WARNING;-;-
XX/03/19;23:00:13;FINAL APPROACH;AIR;AIR;AIR;3220;3220.00;1013.0;1296;1518;21.25;-22.959.148;-47.204.788;112;130;125;112.00;0.208;-647;0.91;0.00;-0.02;143;125.51;25;0.4;40134;30;-3.16;2.8;0.3;4.40;-0.01;84.6;83.9;552;551;-;-;3008.16;1501.49;1506.67;965.25;965.25;12000.;EXTENDED;0;WARNING;-;-
XX/03/19;23:00:14;FINAL APPROACH;AIR;AIR;AIR;3212;3212.00;1013.0;1288;1495;21.00;-22.959.686;-47.204.216;112;130;125;112.00;0.208;-592;1.12;0.02;0.03;143;125.86;25;0.0;40134;30;-2.11;3.9;0.7;8.27;-0.02;85.4;85.6;560;576;-;-;3008.76;1501.77;1506.98;1030.5;1132.1;12000.;EXTENDED;0;WARNING;-;-
XX/03/19;23:00:15;FINAL APPROACH;AIR;AIR;AIR;3200;3200.00;1013.0;1276;1476;21.25;-22.960.222;-47.203.720;112;129;125;112.00;0.206;-594;1.13;-0.01;0.03;142;125.16;25;0.6;40134;30;0.00;3.7;0.0;7.39;-0.02;86.0;86.0;566;577;-;-;3009.41;1502.09;1507.32;1121.2;1222.8;12000.;EXTENDED;0;WARNING;-;-
XX/03/19;23:00:16;FINAL APPROACH;AIR;AIR;AIR;3192;3192.00;1013.0;1268;1460;21.25;-22.960.758;-47.203.453;112;128;125;112.00;0.204;-596;1.05;-0.00;0.01;142;123.75;25;1.2;40134;30;-0.70;2.3;-0.8;4.75;-0.01;86.3;84.8;565;552;-;-;3010.04;1502.41;1507.62;1168.4;1081.3;12000.;EXTENDED;0;WARNING;-;-
XX/03/19;23:00:17;FINAL APPROACH;AIR;AIR;AIR;3180;3180.00;1013.0;1256;1448;21.50;-22.961.290;-47.203.186;112;126;125;112.00;0.201;-598;0.80;-0.03;-0.03;142;123.40;24;0.6;40134;30;-3.52;0.5;-1.2;3.87;-0.01;85.4;82.6;547;534;-;-;3010.59;1502.72;1507.87;1106.7;878.16;12000.;EXTENDED;0;WARNING;-;-
XX/03/19;23:00:18;FINAL APPROACH;AIR;AIR;AIR;3168;3168.00;1013.0;1244;1443;21.25;-22.961.408;-47.202.610;112;123;125;112.00;0.197;-638;0.89;0.00;-0.02;143;125.51;23;-1.3;40134;30;-4.92;1.1;0.1;4.40;-0.01;84.8;83.3;539;557;-;-;3011.11;1503.00;1508.11;1023.3;874.53;12000.;EXTENDED;0;WARNING;-;-
XX/03/19;23:00:19;FINAL APPROACH;AIR;AIR;AIR;3160;3160.00;1013.0;1236;1432;21.25;-22.961.526;-47.202.038;112;125;125;112.00;0.199;-625;1.01;0.02;0.02;144;130.08;22;-2.8;40134;30;0.00;2.5;0.8;7.91;0.02;84.4;85.3;537;583;-;-;3011.69;1503.27;1508.42;965.25;1106.7;12000.;EXTENDED;0;WARNING;-;-
XX/03/19;23:00:20;FINAL APPROACH;AIR;AIR;AIR;3144;3144.00;1013.0;1220;1435;21.25;-22.961.648;-47.201.466;112;127;125;112.00;0.203;-657;1.09;0.02;0.03;145;132.54;22;-1.9;40134;30;4.57;3.2;0.6;6.51;0.04;84.3;86.0;537;580;-;-;3012.28;1503.53;1508.75;943.47;1193.8;12000.;EXTENDED;0;WARNING;-;-
XX/03/19;23:00:21;FINAL APPROACH;AIR;AIR;AIR;3136;3136.00;1013.0;1212;1433;21.50;-22.961.771;-47.200.974;113;128;125;112.00;0.205;-678;1.01;0.00;0.02;144;131.84;22;-0.2;40134;30;5.98;3.0;0.0;6.86;0.05;84.3;86.0;538;577;-;-;3012.89;1503.79;1509.09;939.84;1226.5;12000.;EXTENDED;0;WARNING;-;-
XX/03/19;23:00:22;FINAL APPROACH;AIR;AIR;AIR;3124;3124.00;1013.0;1200;1433;21.50;-22.961.893;-47.200.710;113;129;125;112.00;0.206;-652;1.05;-0.04;0.02;143;128.67;22;1.4;40134;30;4.57;2.8;-0.1;5.45;0.06;84.3;86.0;538;574;-;-;3013.49;1504.05;1509.43;936.22;1226.5;12000.;EXTENDED;0;WARNING;-;-
XX/03/19;23:00:23;FINAL APPROACH;AIR;AIR;AIR;3116;3116.00;1013.0;1192;1450;21.50;-22.962.432;-47.200.443;113;127;125;112.00;0.203;-635;0.92;-0.02;-0.00;143;125.86;23;1.4;40134;30;-1.05;1.9;-0.5;4.92;0.06;84.3;86.0;538;573;-;-;3014.09;1504.31;1509.77;936.22;1222.8;12000.;EXTENDED;0;WARNING;-;-
XX/03/19;23:00:24;FINAL APPROACH;AIR;AIR;AIR;3104;3104.00;1013.0;1180;1458;21.50;-22.962.970;-47.199.871;113;128;125;112.00;0.205;-623;0.96;-0.01;0.01;143;124.80;22;0.6;40134;30;-3.16;2.3;0.1;6.68;0.04;84.4;86.0;538;573;-;-;3014.68;1504.57;1510.11;936.22;1215.6;12000.;EXTENDED;0;WARNING;-;-
XX/03/19;23:00:25;FINAL APPROACH;AIR;AIR;AIR;3096;3096.00;1013.0;1172;1459;21.75;-22.963.508;-47.199.295;113;127;125;112.00;0.202;-616;1.07;0.01;0.02;143;125.86;22;-0.3;40134;30;-3.87;2.6;0.2;5.80;0.04;84.4;85.6;538;568;-;-;3015.28;1504.83;1510.44;939.84;1193.8;12000.;EXTENDED;0;WARNING;-;-
XX/03/19;23:00:26;FINAL APPROACH;AIR;AIR;AIR;3084;3084.00;1013.0;1160;1453;21.75;-22.964.044;-47.198.719;113;127;125;112.00;0.202;-610;0.99;-0.01;-0.00;143;127.27;22;-0.7;40134;30;-3.52;2.3;-0.2;5.80;0.05;84.4;84.0;538;545;-;-;3015.81;1505.10;1510.71;939.84;979.76;12000.;EXTENDED;0;WARNING;-;-
XX/03/19;23:00:27;FINAL APPROACH;AIR;AIR;AIR;3076;3076.00;1013.0;1152;1451;21.75;-22.964.164;-47.198.227;113;127;125;112.00;0.203;-607;0.98;0.00;-0.01;143;128.67;22;-1.1;40134;30;-2.81;2.3;-0.0;5.45;0.06;84.5;83.9;542;558;-;-;3016.34;1505.36;1510.97;954.36;939.84;12000.;EXTENDED;0;WARNING;-;-
XX/03/19;23:00:28;FINAL APPROACH;AIR;AIR;AIR;3064;3064.00;1013.0;1140;1458;21.75;-22.964.283;-47.197.956;113;128;125;112.00;0.204;-605;1.00;0.01;0.00;143;130.08;22;-1.3;40134;30;-0.70;2.3;-0.0;5.63;0.07;85.1;85.3;550;574;-;-;3016.91;1505.64;1511.27;1001.5;1077.7;12000.;EXTENDED;0;WARNING;-;-
XX/03/19;23:00:29;FINAL APPROACH;AIR;AIR;AIR;3056;3056.00;1013.0;1132;1446;21.75;-22.964.399;-47.197.689;113;129;125;112.00;0.205;-603;0.98;0.01;0.01;143;130.08;22;-0.4;40134;30;1.76;2.3;-0.0;4.92;0.08;85.5;85.5;552;571;-;-;3017.51;1505.93;1511.59;1037.8;1121.2;12000.;EXTENDED;0;WARNING;-;-
XX/03/19;23:00:30;FINAL APPROACH;AIR;AIR;AIR;3048;3048.00;1013.0;1124;1446;21.75;-22.964.517;-47.197.117;113;129;125;112.00;0.205;-563;0.93;-0.02;-0.01;142;127.62;22;0.9;40134;30;2.81;2.3;-0.0;5.45;0.09;85.6;84.9;551;555;-;-;3018.10;1506.22;1511.88;1059.5;1048.7;12000.;EXTENDED;0;WARNING;-;-
XX/03/19;23:00:31;FINAL APPROACH;AIR;AIR;AIR;3036;3036.00;1013.0;1112;1450;21.75;-22.964.633;-47.196.541;113;131;125;112.00;0.208;-575;1.01;-0.03;-0.01;142;124.80;23;1.6;40134;30;1.41;2.5;0.1;4.92;0.10;85.6;84.1;550;548;-;-;3018.67;1506.52;1512.15;1070.4;972.50;12000.;EXTENDED;0;WARNING;-;-
XX/03/19;23:00:32;FINAL APPROACH;AIR;AIR;AIR;3028;3028.00;1013.0;1104;1454;21.75;-22.965.169;-47.195.965;112;129;125;111.97;0.206;-583;1.00;-0.00;-0.02;142;123.40;24;1.1;40116;30;0.00;2.5;0.0;4.04;0.11;85.1;84.1;540;549;-;-;3019.22;1506.80;1512.41;1026.9;950.73;12000.;EXTENDED;0;WARNING;-;-
XX/03/19;23:00:33;FINAL APPROACH;AIR;AIR;AIR;3020;3020.00;1013.0;1096;1437;21.75;-22.965.705;-47.195.465;112;128;125;111.97;0.204;-549;0.97;0.01;-0.01;143;123.05;24;0.6;40116;30;1.05;2.6;0.1;6.51;0.10;84.3;84.1;531;548;-;-;3019.74;1507.07;1512.67;939.84;932.59;12000.;EXTENDED;0;WARNING;-;-
XX/03/19;23:00:34;FINAL APPROACH;AIR;AIR;AIR;3008;3008.00;1013.0;1084;1402;21.75;-22.966.238;-47.195.198;112;126;125;111.97;0.201;-566;1.06;-0.00;-0.01;143;122.70;24;1.1;40116;30;2.46;2.8;0.1;6.33;0.10;83.6;83.1;528;535;-;-;3020.22;1507.31;1512.91;881.78;863.64;12000.;EXTENDED;0;WARNING;-;-
XX/03/19;23:00:35;FINAL APPROACH;AIR;AIR;AIR;2996;2996.00;1013.0;1072;1383;22.00;-22.966.772;-47.194.931;111;128;125;111.97;0.203;-617;0.94;-0.00;-0.03;143;121.64;23;1.6;40116;30;1.76;2.1;-0.4;5.28;0.11;83.0;81.4;527;526;-;-;3020.66;1507.54;1513.11;841.87;725.75;12000.;EXTENDED;0;WARNING;-;-
XX/03/19;23:00:36;FINAL APPROACH;AIR;AIR;AIR;2988;2988.00;1013.0;1064;1354;22.00;-22.966.892;-47.194.668;111;125;125;111.97;0.199;-611;0.94;-0.01;-0.02;143;120.94;23;1.4;40116;30;-0.70;2.1;-0.1;5.63;0.10;82.4;82.5;526;560;-;-;3021.11;1507.76;1513.35;783.81;841.87;11640.;EXTENDED;0;WARNING;-;-
XX/03/19;23:00:37;FINAL APPROACH;AIR;AIR;AIR;2976;2976.00;1013.0;1052;1335;22.00;-22.967.014;-47.194.099;110;126;125;111.97;0.201;-608;0.98;-0.01;-0.01;143;121.29;23;0.5;40116;30;-2.11;2.6;0.3;6.86;0.10;82.6;84.1;539;578;-;-;3021.60;1507.99;1513.61;809.21;947.10;11640.;EXTENDED;0;WARNING;-;-
XX/03/19;23:00:38;FINAL APPROACH;AIR;AIR;AIR;2968;2968.00;1013.0;1044;1322;22.00;-22.967.134;-47.193.535;110;125;125;111.97;0.199;-605;1.03;0.01;0.02;143;123.05;23;-0.1;40116;30;-2.46;3.0;0.3;6.86;0.11;84.4;85.0;562;575;-;-;3022.14;1508.24;1513.90;925.33;1052.3;11640.;EXTENDED;0;WARNING;-;-
XX/03/19;23:00:39;FINAL APPROACH;AIR;AIR;AIR;2956;2956.00;1013.0;1032;1311;22.00;-22.967.254;-47.193.039;110;127;125;111.97;0.202;-603;1.00;0.02;0.01;143;124.45;23;-0.1;40116;30;-0.70;3.0;0.1;5.10;0.10;84.8;85.0;558;564;-;-;3022.71;1508.52;1514.20;976.13;1066.8;11640.;EXTENDED;0;WARNING;-;-
XX/03/19;23:00:40;FINAL APPROACH;AIR;AIR;AIR;2948;2948.00;1013.0;1024;1284;22.25;-22.967.678;-47.192.551;110;127;125;111.97;0.203;-602;0.99;-0.01;0.01;143;124.45;23;0.5;40116;30;0.70;3.0;0.0;8.44;0.11;85.0;84.8;557;556;-;-;3023.28;1508.80;1514.49;1016.0;1037.8;11640.;EXTENDED;0;WARNING;-;-
XX/03/19;23:00:41;FINAL APPROACH;AIR;AIR;AIR;2940;2940.00;1013.0;1016;1274;22.25;-22.968.210;-47.192.322;110;126;125;111.97;0.201;-562;1.01;-0.02;0.00;143;123.75;24;1.1;40116;30;0.70;3.0;0.0;5.45;0.14;85.8;85.3;567;562;-;-;3023.89;1509.10;1514.78;1095.8;1074.1;11640.;EXTENDED;0;WARNING;-;-
XX/03/19;23:00:42;FINAL APPROACH;AIR;AIR;AIR;2928;2928.00;1013.0;1004;1267;22.25;-22.968.740;-47.192.093;110;128;125;111.97;0.204;-574;0.93;-0.01;-0.01;143;123.40;24;0.8;40116;30;0.00;2.6;-0.2;3.69;0.12;86.0;85.3;564;560;-;-;3024.50;1509.41;1515.08;1124.9;1074.1;11640.;EXTENDED;0;WARNING;-;-
XX/03/19;23:00:43;FINAL APPROACH;AIR;AIR;AIR;2920;2920.00;1013.0;996;1253;22.00;-22.969.272;-47.191.559;110;127;125;111.97;0.202;-583;1.02;0.01;0.01;143;123.75;25;0.3;40116;30;0.35;3.2;0.3;6.16;0.13;85.5;85.3;552;560;-;-;3025.10;1509.72;1515.38;1084.9;1077.7;11640.;EXTENDED;0;WARNING;-;-
XX/03/19;23:00:44;FINAL APPROACH;AIR;AIR;AIR;2908;2908.00;1013.0;984;1235;22.25;-22.969.440;-47.191.025;110;128;125;111.97;0.203;-589;1.03;-0.00;0.01;144;124.80;24;0.2;40116;30;1.05;3.7;0.4;6.51;0.13;85.0;84.6;544;547;-;-;3025.67;1510.00;1515.66;1037.8;1008.7;11640.;EXTENDED;0;WARNING;-;-
XX/03/19;23:00:45;FINAL APPROACH;AIR;AIR;AIR;2900;2900.00;1013.0;976;1230;22.25;-22.969.610;-47.190.491;109;127;125;111.97;0.202;-592;0.99;-0.01;-0.01;144;124.80;25;0.5;40116;30;2.46;3.3;-0.1;5.28;0.14;84.4;83.5;537;539;-;-;3026.19;1510.28;1515.91;976.13;910.81;11640.;EXTENDED;0;WARNING;-;-
XX/03/19;23:00:46;FINAL APPROACH;AIR;AIR;AIR;2892;2892.00;1013.0;968;1228;22.25;-22.969.780;-47.190.002;109;125;125;111.97;0.199;-555;0.95;0.01;-0.01;144;124.80;24;0.6;40116;30;2.11;3.3;-0.0;7.21;0.14;83.8;84.0;532;552;-;-;3026.70;1510.52;1516.18;896.30;954.36;11640.;EXTENDED;0;WARNING;-;-
XX/03/19;23:00:47;FINAL APPROACH;AIR;AIR;AIR;2880;2880.00;1013.0;956;1246;22.50;-22.969.949;-47.189.735;108;125;125;111.97;0.198;-570;1.01;-0.00;0.01;144;124.45;24;0.9;40116;30;2.46;3.5;0.1;6.68;0.14;83.6;84.8;535;562;-;-;3027.23;1510.77;1516.46;874.53;1005.1;11640.;EXTENDED;0;WARNING;-;-
XX/03/19;23:00:48;FINAL APPROACH;AIR;AIR;AIR;2872;2872.00;1013.0;948;1256;22.50;-22.970.119;-47.189.468;108;127;125;111.97;0.202;-580;0.97;-0.02;-0.01;144;123.75;25;1.3;40116;30;1.05;3.2;-0.2;6.86;0.13;83.8;84.9;545;557;-;-;3027.75;1511.01;1516.74;881.78;1019.6;11640.;EXTENDED;0;WARNING;-;-
XX/03/19;23:00:49;FINAL APPROACH;AIR;AIR;AIR;2864;2864.00;1013.0;940;1272;22.50;-22.970.651;-47.189.201;108;123;125;111.97;0.196;-547;1.03;0.02;0.03;144;123.40;24;1.0;40116;30;-1.05;3.7;0.3;7.56;0.11;85.6;84.9;572;556;-;-;3028.33;1511.30;1517.03;1026.9;1030.5;11640.;EXTENDED;0;WARNING;-;-
XX/03/19;23:00:50;FINAL APPROACH;AIR;AIR;AIR;2852;2852.00;1013.0;928;1274;22.50;-22.971.183;-47.188.633;108;122;125;111.97;0.193;-564;1.04;0.02;0.05;145;124.10;24;0.4;40116;30;-1.05;3.9;0.2;8.79;0.11;86.6;85.0;582;556;-;-;3028.95;1511.63;1517.32;1204.7;1041.4;11640.;EXTENDED;0;WARNING;-;-
XX/03/19;23:00:51;FINAL APPROACH;AIR;AIR;AIR;2844;2844.00;1013.0;920;1275;22.50;-22.971.714;-47.188.065;108;123;125;111.97;0.196;-576;0.95;-0.00;0.02;144;124.80;23;0.4;40116;30;-1.76;3.2;-0.4;6.16;0.10;86.6;85.0;574;555;-;-;3029.58;1511.97;1517.60;1230.1;1034.1;11640.;EXTENDED;0;WARNING;-;-
XX/03/19;23:00:52;FINAL APPROACH;AIR;AIR;AIR;2836;2836.00;1013.0;912;1279;22.50;-22.972.246;-47.187.584;108;123;125;111.97;0.195;-544;1.00;0.03;0.03;145;125.86;23;-0.1;40116;30;-2.81;3.2;-0.1;8.44;0.10;85.9;85.6;558;564;-;-;3030.21;1512.30;1517.91;1157.5;1106.7;11640.;EXTENDED;0;WARNING;-;-
XX/03/19;23:00:53;FINAL APPROACH;AIR;AIR;AIR;2824;2824.00;1013.0;900;1272;22.50;-22.972.370;-47.187.103;109;122;125;111.97;0.193;-563;1.01;0.01;0.03;144;126.56;22;0.0;40116;30;-1.41;3.0;-0.1;7.91;0.10;85.6;85.8;555;565;-;-;3030.83;1512.60;1518.23;1103.1;1135.8;11640.;EXTENDED;0;WARNING;-;-
XX/03/19;23:00:54;FINAL APPROACH;AIR;AIR;AIR;2812;2812.00;1013.0;888;1261;22.50;-22.972.494;-47.186.871;109;123;125;111.97;0.195;-615;1.00;-0.01;0.03;144;125.86;22;0.8;40116;30;-1.41;2.6;-0.2;7.39;0.10;85.9;85.8;562;564;-;-;3031.46;1512.92;1518.54;1128.5;1139.4;11640.;EXTENDED;0;WARNING;-;-
XX/03/19;23:00:55;FINAL APPROACH;AIR;AIR;AIR;2804;2804.00;1013.0;880;1255;22.50;-22.972.616;-47.186.630;110;120;125;111.97;0.191;-610;0.97;-0.01;0.03;143;124.45;21;1.1;40116;30;-2.81;2.5;-0.2;6.51;0.08;86.6;86.3;572;573;-;-;3032.12;1513.24;1518.87;1179.3;1186.6;11640.;EXTENDED;0;WARNING;-;-
XX/03/19;23:00:56;FINAL APPROACH;AIR;AIR;AIR;2796;2796.00;1013.0;872;1242;22.50;-22.972.740;-47.186.089;110;123;125;111.97;0.195;-567;0.91;-0.00;0.04;143;123.75;20;0.7;40116;30;-3.16;2.6;0.1;7.39;0.08;87.0;86.8;577;580;-;-;3032.81;1513.58;1519.22;1226.5;1262.8;11640.;EXTENDED;0;WARNING;-;-
XX/03/19;23:00:57;FINAL APPROACH;AIR;AIR;AIR;2784;2784.00;1013.0;860;1223;22.50;-22.973.167;-47.185.539;111;123;125;111.97;0.195;-578;1.01;-0.01;0.06;143;124.10;20;0.2;40116;30;-2.46;3.5;0.5;7.91;0.07;87.4;87.3;583;588;-;-;3033.54;1513.94;1519.60;1291.8;1335.3;11640.;EXTENDED;0;WARNING;-;-
XX/03/19;23:00:58;FINAL APPROACH;AIR;AIR;AIR;2776;2776.00;1013.0;852;1213;22.50;-22.973.697;-47.184.994;112;124;125;111.97;0.196;-585;1.00;-0.00;0.05;143;125.16;19;-0.3;40116;30;-1.41;3.5;0.1;6.51;0.08;87.8;87.5;589;592;-;-;3034.29;1514.31;1519.97;1339.0;1360.7;11640.;EXTENDED;0;WARNING;-;-
XX/03/19;23:00:59;FINAL APPROACH;AIR;AIR;AIR;2764;2764.00;1013.0;840;1199;22.50;-22.974.229;-47.184.502;112;127;125;111.97;0.202;-590;0.96;0.01;0.04;143;126.21;20;-0.4;40116;30;0.35;3.7;0.1;7.21;0.08;88.1;88.0;595;600;-;-;3035.07;1514.70;1520.37;1389.8;1433.3;11640.;EXTENDED;0;WARNING;-;-
XX/03/19;23:01:00;FINAL APPROACH;AIR;AIR;AIR;2756;2756.00;1013.0;832;1188;22.50;-22.974.762;-47.184.235;113;129;125;111.97;0.204;-593;1.10;-0.01;0.06;143;126.56;21;0.0;40116;30;2.11;4.0;0.2;5.63;0.09;88.5;88.4;603;606;-;-;3035.90;1515.11;1520.79;1466.0;1502.3;11640.;EXTENDED;0;WARNING;-;-
XX/03/19;23:01:01;FINAL APPROACH;AIR;AIR;AIR;2748;2748.00;1013.0;824;1174;22.75;-22.974.933;-47.183.968;113;131;125;111.97;0.208;-556;1.02;-0.00;0.04;144;126.21;22;0.3;40116;30;2.46;3.3;-0.4;4.22;0.08;88.8;88.4;607;607;-;-;3036.74;1515.53;1521.21;1513.1;1513.1;11640.;EXTENDED;0;WARNING;-;-
XX/03/19;23:01:02;FINAL APPROACH;AIR;AIR;AIR;2740;2740.00;1013.0;816;1159;22.75;-22.975.105;-47.183.392;114;132;125;111.97;0.209;-531;0.97;0.00;0.03;144;126.21;23;0.4;40116;30;1.76;2.6;-0.5;4.04;0.09;88.6;87.9;605;603;-;-;3037.57;1515.95;1521.62;1516.8;1487.7;11640.;EXTENDED;0;WARNING;-;-
XX/03/19;23:01:03;FINAL APPROACH;AIR;AIR;AIR;2732;2732.00;1013.0;808;1150;22.75;-22.975.278;-47.182.819;114;131;125;111.97;0.208;-514;0.99;0.02;0.02;144;125.86;23;0.5;40116;30;2.46;2.3;-0.3;3.52;0.10;88.3;87.4;599;597;-;-;3038.38;1516.36;1522.02;1480.5;1418.8;11640.;EXTENDED;0;WARNING;-;-
XX/03/19;23:01:04;FINAL APPROACH;AIR;AIR;AIR;2724;2724.00;1013.0;800;1142;22.50;-22.975.456;-47.182.243;114;132;125;111.97;0.210;-503;1.00;0.00;0.01;144;124.80;24;1.4;40116;30;4.92;2.1;-0.2;5.28;0.10;87.6;86.6;591;585;-;-;3039.13;1516.75;1522.38;1393.4;1313.6;11640.;EXTENDED;0;WARNING;-;-
XX/03/19;23:01:05;FINAL APPROACH;AIR;AIR;AIR;2716;2716.00;1013.0;792;1116;22.50;-22.975.631;-47.181.751;114;133;125;111.97;0.210;-495;1.01;-0.03;-0.01;143;122.34;25;2.6;40116;30;3.16;1.6;-0.3;4.92;0.08;86.6;85.3;575;568;-;-;3039.81;1517.10;1522.70;1284.5;1146.6;11640.;EXTENDED;0;WARNING;-;-
XX/03/19;23:01:06;FINAL APPROACH;AIR;AIR;AIR;2704;2704.00;1013.0;780;1099;22.75;-22.976.173;-47.181.484;114;131;125;111.97;0.207;-530;0.93;-0.01;-0.04;143;120.23;25;2.5;40116;30;-2.46;0.5;-0.7;1.93;0.06;85.4;83.8;556;549;-;-;3040.38;1517.41;1522.97;1114.0;954.36;11640.;EXTENDED;0;WARNING;-;-
XX/03/19;23:01:07;FINAL APPROACH;AIR;AIR;AIR;2692;2692.00;1013.0;768;1074;22.50;-22.976.715;-47.181.217;114;129;125;111.97;0.205;-593;0.84;-0.01;-0.05;144;120.59;24;1.1;40116;30;-4.92;0.4;-0.2;4.92;0.04;83.8;82.1;538;541;-;-;3040.85;1517.66;1523.18;903.56;776.55;11640.;EXTENDED;0;WARNING;-;-
XX/03/19;23:01:08;FINAL APPROACH;AIR;AIR;AIR;2680;2680.00;1013.0;756;1055;22.50;-22.977.256;-47.180.645;114;129;125;111.97;0.204;-635;1.01;0.02;-0.03;145;123.40;23;-0.9;40116;30;-5.27;1.4;0.6;5.45;0.04;82.4;81.8;532;549;-;-;3041.26;1517.88;1523.38;783.81;722.12;11640.;EXTENDED;0;WARNING;-;-
XX/03/19;23:01:09;FINAL APPROACH;AIR;AIR;AIR;2668;2668.00;1013.0;744;1028;22.50;-22.977.800;-47.180.073;113;128;125;111.97;0.203;-663;0.98;0.03;-0.04;146;127.62;23;-1.9;40116;30;-2.81;1.8;0.3;5.63;0.03;82.3;81.5;551;556;-;-;3041.67;1518.10;1523.58;765.66;703.98;11640.;EXTENDED;0;WARNING;-;-
XX/03/19;23:01:10;FINAL APPROACH;AIR;AIR;AIR;2656;2656.00;1013.0;732;1005;22.50;-22.977.916;-47.179.504;113;126;125;111.97;0.200;-682;1.00;0.02;-0.02;145;130.08;22;-1.1;40116;30;0.00;2.3;0.4;6.16;0.01;83.0;82.3;564;572;-;-;3042.11;1518.32;1523.79;794.69;772.92;11640.;EXTENDED;0;WARNING;-;-
XX/03/19;23:01:11;FINAL APPROACH;AIR;AIR;AIR;2644;2644.00;1013.0;720;991;22.75;-22.978.035;-47.179.020;112;128;125;111.97;0.203;-694;0.98;-0.01;-0.03;144;130.08;22;-0.1;40116;30;0.00;2.1;-0.0;5.45;0.01;83.4;83.9;564;583;-;-;3042.58;1518.54;1524.04;812.84;885.41;11640.;EXTENDED;0;WARNING;-;-
XX/03/19;23:01:12;FINAL APPROACH;AIR;AIR;AIR;2632;2632.00;1013.0;708;981;23.00;-22.978.147;-47.178.753;112;128;125;111.97;0.203;-703;0.95;-0.01;-0.02;144;128.67;22;0.4;40116;30;-1.05;1.6;-0.3;4.92;0.01;83.9;84.0;565;574;-;-;3043.08;1518.78;1524.30;841.87;943.47;11640.;EXTENDED;0;WARNING;-;-
XX/03/19;23:01:13;FINAL APPROACH;AIR;AIR;AIR;2620;2620.00;1013.0;696;983;23.00;-22.978.261;-47.178.482;112;126;125;111.97;0.199;-708;0.97;-0.00;-0.01;143;127.62;22;0.4;40116;30;-2.11;1.4;-0.2;4.75;0.01;84.1;84.1;565;570;-;-;3043.58;1519.01;1524.57;860.01;965.25;11640.;EXTENDED;0;WARNING;-;-
XX/03/19;23:01:14;FINAL APPROACH;AIR;AIR;AIR;2604;2604.00;1013.0;680;987;23.00;-22.978.675;-47.177.902;112;128;125;111.97;0.202;-752;1.01;-0.01;0.00;143;126.91;22;0.4;40116;30;-1.76;1.8;0.2;6.86;0.01;85.0;84.1;572;567;-;-;3044.12;1519.28;1524.84;965.25;972.50;11640.;EXTENDED;0;WARNING;-;-
XX/03/19;23:01:15;FINAL APPROACH;AIR;AIR;AIR;2592;2592.00;1013.0;668;973;23.00;-22.979.213;-47.177.326;112;126;125;111.97;0.199;-781;1.04;0.01;0.01;143;126.56;22;0.3;40116;30;0.00;2.1;0.2;6.68;0.01;85.3;84.1;568;566;-;-;3044.68;1519.57;1525.11;1019.6;976.13;11640.;EXTENDED;0;WARNING;-;-
XX/03/19;23:01:16;FINAL APPROACH;AIR;AIR;AIR;2580;2580.00;1013.0;656;943;23.25;-22.979.749;-47.176.750;112;128;125;111.97;0.202;-761;1.00;0.01;0.00;144;126.21;22;0.4;40116;30;1.41;1.9;-0.1;5.28;0.01;85.4;84.1;564;565;-;-;3045.24;1519.86;1525.38;1041.4;976.13;11640.;EXTENDED;0;WARNING;-;-
XX/03/19;23:01:17;FINAL APPROACH;AIR;AIR;AIR;2564;2564.00;1013.0;640;899;23.25;-22.980.287;-47.176.258;113;129;125;111.97;0.204;-787;1.01;-0.00;-0.01;144;125.86;22;0.4;40116;30;1.41;1.6;-0.2;5.10;0.01;85.4;84.1;562;564;-;-;3045.80;1520.15;1525.65;1048.7;979.76;11640.;EXTENDED;0;WARNING;-;-
XX/03/19;23:01:18;FINAL APPROACH;AIR;AIR;AIR;2552;2552.00;1013.0;628;862;23.25;-22.980.451;-47.175.991;112;130;125;111.97;0.206;-804;1.01;-0.01;-0.01;144;125.51;23;0.5;40116;30;1.41;2.1;0.3;5.80;0.01;85.5;84.1;560;564;-;-;3046.36;1520.44;1525.93;1048.7;979.76;11640.;EXTENDED;0;WARNING;-;-
XX/03/19;23:01:19;FINAL APPROACH;AIR;AIR;AIR;2544;2544.00;1013.0;620;829;23.25;-22.980.617;-47.175.728;112;130;125;111.97;0.205;-737;1.04;0.02;0.01;145;125.51;23;0.3;40116;30;1.41;2.8;0.5;5.80;0.01;85.8;84.8;564;570;-;-;3046.94;1520.73;1526.21;1059.5;1026.9;11640.;EXTENDED;0;WARNING;-;-
XX/03/19;23:01:20;FINAL APPROACH;AIR;AIR;AIR;2536;2536.00;1013.0;612;806;23.25;-22.980.785;-47.175.156;112;129;125;111.97;0.204;-652;1.03;0.01;0.01;145;125.86;23;0.4;40116;30;2.11;3.3;0.4;5.98;0.01;86.3;84.9;571;568;-;-;3047.54;1521.05;1526.50;1128.5;1030.5;11640.;EXTENDED;0;WARNING;-;-
XX/03/19;23:01:21;FINAL APPROACH;AIR;AIR;AIR;2528;2528.00;1013.0;604;783;23.25;-22.980.953;-47.174.587;112;129;125;111.97;0.203;-595;1.04;0.02;0.02;146;126.21;23;0.4;40116;30;2.46;4.0;0.5;5.98;-0.02;86.4;84.9;572;563;-;-;3048.15;1521.37;1526.78;1161.2;1023.3;11640.;EXTENDED;0;WARNING;-;-
XX/03/19;23:01:22;FINAL APPROACH;AIR;AIR;AIR;2524;2524.00;1013.0;600;757;23.50;-22.981.123;-47.174.019;111;128;125;111.97;0.202;-518;1.02;-0.01;0.02;145;125.51;23;1.1;40116;30;1.76;4.2;0.2;6.86;-0.04;86.5;84.9;572;560;-;-;3048.76;1521.69;1527.06;1168.4;1016.0;11640.;EXTENDED;0;WARNING;-;-
XX/03/19;23:01:23;FINAL APPROACH;AIR;AIR;AIR;2516;2516.00;1013.0;592;760;23.50;-22.981.666;-47.173.538;111;128;125;111.97;0.203;-466;1.01;-0.03;0.02;145;124.80;23;1.2;40116;30;-1.76;4.0;-0.1;5.45;-0.04;86.5;84.9;571;559;-;-;3049.36;1522.02;1527.35;1172.0;1016.0;11640.;EXTENDED;0;WARNING;-;-
XX/03/19;23:01:24;FINAL APPROACH;AIR;AIR;AIR;2508;2508.00;1013.0;584;745;23.50;-22.982.204;-47.173.264;111;126;125;111.97;0.199;-470;0.91;0.02;0.00;146;125.16;23;0.4;40116;30;-2.81;3.2;-0.5;5.10;-0.06;86.5;85.0;571;559;-;-;3049.98;1522.34;1527.63;1175.7;1026.9;11640.;EXTENDED;0;WARNING;-;-
XX/03/19;23:01:25;FINAL APPROACH;AIR;AIR;AIR;2500;2500.00;1013.0;576;738;23.25;-22.982.748;-47.173.000;111;124;125;111.97;0.195;-474;0.91;0.01;-0.00;146;126.21;23;-0.1;40116;30;0.70;2.8;-0.3;6.16;-0.06;86.5;85.1;570;560;-;-;3050.59;1522.67;1527.92;1168.4;1037.8;11640.;EXTENDED;0;WARNING;-;-
XX/03/19;23:01:26;FINAL APPROACH;AIR;AIR;AIR;2492;2492.00;1013.0;568;742;23.25;-22.983.285;-47.172.729;111;123;125;111.97;0.194;-476;1.00;-0.00;0.02;146;126.91;22;0.1;40116;30;-0.35;3.3;0.2;6.86;-0.08;86.5;85.3;571;561;-;-;3051.20;1522.99;1528.21;1168.4;1048.7;11640.;EXTENDED;0;WARNING;-;-
XX/03/19;23:01:27;FINAL APPROACH;AIR;AIR;AIR;2480;2480.00;1013.0;556;729;23.25;-22.983.404;-47.172.161;111;125;125;111.97;0.197;-517;0.98;0.00;0.02;145;127.27;21;0.1;40116;30;-2.46;3.0;-0.2;6.16;-0.10;86.6;85.3;572;560;-;-;3051.82;1523.32;1528.50;1175.7;1045.0;11640.;EXTENDED;0;WARNING;-;-
XX/03/19;23:01:28;FINAL APPROACH;AIR;AIR;AIR;2472;2472.00;1013.0;548;706;23.50;-22.983.520;-47.171.585;111;124;125;111.97;0.196;-544;0.97;0.02;0.02;145;127.97;21;-0.1;40116;30;-2.11;3.0;-0.0;8.09;-0.11;86.6;85.3;571;560;-;-;3052.44;1523.65;1528.79;1172.0;1048.7;11640.;EXTENDED;0;WARNING;-;-
XX/03/19;23:01:29;FINAL APPROACH;AIR;AIR;AIR;2464;2464.00;1013.0;540;686;23.50;-22.983.634;-47.171.101;111;125;125;111.97;0.198;-523;1.05;0.02;0.03;145;128.32;20;0.0;40116;30;-2.11;3.2;0.1;7.91;-0.13;86.6;85.3;572;560;-;-;3053.05;1523.97;1529.08;1172.0;1048.7;11640.;EXTENDED;0;WARNING;-;-
XX/03/19;23:01:30;FINAL APPROACH;AIR;AIR;AIR;2452;2452.00;1013.0;528;671;23.50;-22.983.751;-47.170.620;111;127;125;111.97;0.200;-548;1.01;-0.00;0.02;144;127.27;21;0.7;40116;30;-3.87;2.5;-0.4;4.40;-0.13;86.6;85.3;572;559;-;-;3053.67;1524.30;1529.37;1168.4;1045.0;11640.;EXTENDED;0;WARNING;-;-
XX/03/19;23:01:31;FINAL APPROACH;AIR;AIR;AIR;2444;2444.00;1013.0;520;657;23.50;-22.984.169;-47.170.383;112;126;125;111.97;0.198;-565;0.90;-0.00;0.01;143;125.86;21;0.8;40116;30;-4.22;2.1;-0.3;5.45;-0.17;86.6;85.3;572;559;-;-;3054.29;1524.62;1529.66;1172.0;1048.7;11640.;EXTENDED;0;WARNING;-;-
XX/03/19;23:01:32;FINAL APPROACH;AIR;AIR;AIR;2432;2432.00;1013.0;508;643;23.50;-22.984.703;-47.170.147;112;125;125;111.97;0.197;-577;0.96;0.00;0.01;143;125.16;21;0.5;40116;30;-3.87;2.1;-0.1;5.45;-0.17;86.5;85.3;572;559;-;-;3054.90;1524.95;1529.96;1172.0;1048.7;11640.;EXTENDED;0;WARNING;-;-
XX/03/19;23:01:33;FINAL APPROACH;AIR;AIR;AIR;2420;2420.00;1013.0;496;621;23.50;-22.985.239;-47.169.601;112;124;125;111.97;0.196;-624;0.94;0.00;0.01;143;125.16;20;0.2;40116;30;-3.16;2.3;0.1;5.10;-0.19;86.5;85.3;572;558;-;-;3055.52;1525.27;1530.25;1172.0;1045.0;11640.;EXTENDED;0;WARNING;-;-
XX/03/19;23:01:34;FINAL APPROACH;AIR;AIR;AIR;2412;2412.00;1013.0;488;609;23.50;-22.985.773;-47.169.052;112;128;125;111.97;0.201;-616;1.00;0.01;0.02;143;125.86;20;-0.3;40116;30;-2.81;2.8;0.3;5.98;-0.17;86.5;85.3;572;559;-;-;3056.13;1525.60;1530.54;1172.0;1045.0;11640.;EXTENDED;0;WARNING;-;-
XX/03/19;23:01:35;FINAL APPROACH;AIR;AIR;AIR;2400;2400.00;1013.0;476;599;23.50;-22.985.939;-47.168.507;113;128;125;111.97;0.201;-611;1.01;0.01;0.03;143;126.21;20;-0.1;40116;30;0.00;3.0;0.2;5.98;-0.14;87.0;86.3;581;574;-;-;3056.80;1525.94;1530.86;1226.5;1161.2;11640.;EXTENDED;0;WARNING;-;-
XX/03/19;23:01:36;FINAL APPROACH;AIR;AIR;AIR;2388;2388.00;1013.0;464;585;23.50;-22.986.105;-47.168.015;113;125;125;111.92;0.197;-647;1.01;-0.01;0.03;142;125.86;20;0.4;40079;30;1.05;3.3;0.2;7.39;-0.11;87.3;86.9;585;582;-;-;3057.50;1526.29;1531.21;1262.8;1251.9;11640.;EXTENDED;0;WARNING;-;-
XX/03/19;23:01:37;FINAL APPROACH;AIR;AIR;AIR;2380;2380.00;1013.0;456;577;23.75;-22.986.272;-47.167.744;113;125;125;111.92;0.197;-631;1.04;-0.01;0.05;143;125.51;20;0.2;40079;30;-1.05;3.3;0.0;6.33;-0.07;87.6;87.1;590;586;-;-;3058.23;1526.65;1531.57;1306.3;1317.2;11640.;EXTENDED;0;WARNING;-;-
XX/03/19;23:01:38;FINAL APPROACH;AIR;AIR;AIR;2368;2368.00;1013.0;444;536;23.75;-22.986.440;-47.167.477;114;126;125;111.92;0.199;-621;0.96;-0.00;0.03;143;126.56;19;-0.6;40079;30;-2.11;2.5;-0.5;5.98;-0.05;87.6;87.1;590;587;-;-;3058.96;1527.02;1531.94;1324.4;1331.7;11640.;EXTENDED;0;WARNING;-;-
XX/03/19;23:01:39;FINAL APPROACH;AIR;AIR;AIR;2360;2360.00;1013.0;436;508;23.75;-22.986.608;-47.166.904;115;126;125;111.92;0.198;-614;0.99;0.01;0.03;144;128.67;19;-1.1;40079;30;1.05;2.1;-0.3;5.10;-0.04;87.6;87.1;590;588;-;-;3059.70;1527.39;1532.31;1328.1;1335.3;11640.;EXTENDED;0;WARNING;-;-
XX/03/19;23:01:40;FINAL APPROACH;AIR;AIR;AIR;2348;2348.00;1013.0;424;491;23.75;-22.987.146;-47.166.336;115;126;125;111.92;0.198;-609;0.95;0.00;0.03;144;130.08;18;-1.0;40079;30;3.52;2.3;0.0;5.45;-0.07;87.6;87.1;590;589;-;-;3060.44;1527.76;1532.68;1328.1;1335.3;11600.;EXTENDED;0;WARNING;-;-
XX/03/19;23:01:41;FINAL APPROACH;AIR;AIR;AIR;2336;2336.00;1013.0;412;478;23.50;-22.987.688;-47.165.760;116;127;125;111.92;0.200;-646;1.03;0.00;0.04;144;131.13;18;-0.9;40079;30;1.05;3.0;0.4;7.39;-0.10;87.6;87.1;591;590;-;-;3061.18;1528.13;1533.05;1328.1;1331.7;11600.;EXTENDED;0;WARNING;-;-
XX/03/19;23:01:42;FINAL APPROACH;AIR;AIR;AIR;2328;2328.00;1013.0;404;467;23.75;-22.988.229;-47.165.268;116;129;125;111.92;0.203;-631;1.05;-0.01;0.03;144;132.19;18;-1.2;40079;30;-1.41;3.0;0.1;5.45;-0.08;87.6;87.1;592;590;-;-;3061.92;1528.50;1533.42;1331.7;1328.1;11600.;EXTENDED;0;WARNING;-;-
XX/03/19;23:01:43;FINAL APPROACH;AIR;AIR;AIR;2320;2320.00;1013.0;396;465;23.75;-22.988.777;-47.164.997;117;129;125;111.92;0.203;-581;1.00;0.02;0.04;145;133.95;19;-1.6;40079;30;0.70;2.5;-0.3;6.51;-0.02;87.6;87.1;592;591;-;-;3062.66;1528.87;1533.79;1335.3;1324.4;11600.;EXTENDED;0;WARNING;-;-
XX/03/19;23:01:44;FINAL APPROACH;AIR;AIR;AIR;2312;2312.00;1013.0;388;466;23.75;-22.988.897;-47.164.734;117;126;125;111.92;0.199;-548;1.05;0.01;0.04;145;134.65;18;-1.1;40079;30;2.46;2.5;-0.1;6.51;-0.04;87.6;87.1;592;591;-;-;3063.40;1529.24;1534.16;1328.1;1320.8;11600.;EXTENDED;0;WARNING;-;-
XX/03/19;23:01:45;FINAL APPROACH;AIR;AIR;AIR;2304;2304.00;1013.0;380;464;24.00;-22.989.017;-47.164.162;118;130;125;111.92;0.205;-525;1.00;-0.02;0.02;144;134.30;18;-0.4;40079;30;-1.05;1.9;-0.3;3.69;-0.06;87.6;86.8;592;586;-;-;3064.12;1529.61;1534.51;1331.7;1277.3;11600.;EXTENDED;0;WARNING;-;-
XX/03/19;23:01:46;FINAL APPROACH;AIR;AIR;AIR;2296;2296.00;1013.0;372;459;23.75;-22.989.137;-47.163.589;118;129;125;111.92;0.203;-510;0.94;0.02;0.02;144;133.24;18;-0.5;40079;30;-2.11;1.4;-0.4;5.10;-0.02;87.5;86.5;591;584;-;-;3064.83;1529.97;1534.86;1320.8;1248.2;11600.;EXTENDED;0;WARNING;-;-
XX/03/19;23:01:47;FINAL APPROACH;AIR;AIR;AIR;2288;2288.00;1013.0;364;449;23.75;-22.989.259;-47.163.010;119;129;125;111.92;0.203;-500;1.01;-0.00;0.02;144;132.54;18;-0.4;40079;30;0.35;1.6;0.0;5.10;-0.02;87.5;86.4;591;584;-;-;3065.54;1530.34;1535.20;1313.6;1233.7;11600.;EXTENDED;0;WARNING;-;-
XX/03/19;23:01:48;FINAL APPROACH;AIR;AIR;AIR;2280;2280.00;1013.0;356;453;23.75;-22.989.687;-47.162.518;119;130;125;111.92;0.204;-494;0.94;0.01;0.01;144;131.84;17;-0.2;40079;30;0.00;1.2;-0.2;3.87;-0.04;87.4;86.4;591;584;-;-;3066.24;1530.70;1535.54;1309.9;1222.8;11600.;EXTENDED;0;WARNING;-;-
XX/03/19;23:01:49;FINAL APPROACH;AIR;AIR;AIR;2272;2272.00;1013.0;348;485;23.75;-22.990.238;-47.162.247;120;130;125;111.92;0.205;-489;1.05;-0.00;0.03;144;130.43;17;0.1;40079;30;0.00;1.8;0.3;5.10;-0.05;87.4;86.4;591;584;-;-;3066.95;1531.07;1535.88;1306.3;1222.8;11600.;EXTENDED;0;WARNING;-;-
XX/03/19;23:01:50;FINAL APPROACH;AIR;AIR;AIR;2264;2264.00;1013.0;340;495;23.75;-22.990.791;-47.161.671;120;132;125;111.92;0.207;-486;1.01;0.01;0.02;144;129.02;17;0.3;40079;30;0.35;1.9;0.2;4.75;-0.02;87.4;86.4;592;584;-;-;3067.65;1531.43;1536.22;1309.9;1222.8;11600.;EXTENDED;0;WARNING;-;-
XX/03/19;23:01:51;FINAL APPROACH;AIR;AIR;AIR;2256;2256.00;1013.0;332;507;23.75;-22.991.342;-47.161.098;121;132;125;111.92;0.207;-484;0.96;-0.02;-0.01;144;127.62;17;0.4;40079;30;-0.70;1.1;-0.5;2.99;-0.08;87.4;86.4;591;584;-;-;3068.35;1531.79;1536.56;1306.3;1222.8;11600.;EXTENDED;0;WARNING;-;-
XX/03/19;23:01:52;FINAL APPROACH;AIR;AIR;AIR;2252;2252.00;1013.0;328;517;23.75;-22.991.502;-47.160.522;121;134;125;111.92;0.210;-443;0.97;0.01;-0.01;144;127.62;18;-0.1;40079;30;-0.35;1.4;0.1;3.52;-0.10;87.3;85.4;590;565;-;-;3069.02;1532.15;1536.87;1302.7;1095.8;11600.;EXTENDED;0;WARNING;-;-
XX/03/19;23:01:53;FINAL APPROACH;AIR;AIR;AIR;2244;2244.00;1013.0;320;496;23.75;-22.991.661;-47.159.946;121;133;125;111.92;0.209;-416;0.96;-0.00;-0.03;144;128.32;18;-0.4;40079;30;0.35;2.3;0.5;4.57;-0.10;86.4;84.0;574;555;-;-;3069.62;1532.49;1537.13;1201.1;957.99;11600.;EXTENDED;0;WARNING;-;-
XX/03/19;23:01:54;FINAL APPROACH;AIR;AIR;AIR;2236;2236.00;1013.0;312;472;23.75;-22.991.821;-47.159.641;120;131;125;111.92;0.206;-437;1.16;0.03;0.01;145;129.38;18;-0.6;40079;30;-1.05;3.5;0.8;5.80;-0.06;86.0;83.9;570;556;-;-;3070.19;1532.80;1537.38;1128.5;910.81;11600.;EXTENDED;0;WARNING;-;-
XX/03/19;23:01:55;FINAL APPROACH;AIR;AIR;AIR;2232;2232.00;1013.0;308;459;23.75;-22.991.983;-47.159.336;119;132;125;111.92;0.207;-412;0.98;0.02;-0.03;145;130.78;18;-0.9;40079;30;-0.70;3.0;-0.1;3.34;-0.05;85.8;83.0;567;551;-;-;3070.72;1533.11;1537.61;1095.8;827.35;11600.;EXTENDED;0;WARNING;-;-
XX/03/19;23:01:56;FINAL APPROACH;AIR;AIR;AIR;2224;2224.00;1013.0;300;441;23.75;-22.992.450;-47.158.730;119;128;125;111.92;0.201;-395;0.94;0.04;-0.02;145;131.84;18;-0.8;40079;30;0.00;2.3;-0.4;4.57;-0.06;85.3;82.6;560;552;-;-;3071.23;1533.40;1537.84;1041.4;801.95;11600.;EXTENDED;0;WARNING;-;-
XX/03/19;23:01:57;FINAL APPROACH;AIR;AIR;AIR;2220;2220.00;1013.0;296;425;23.75;-22.993.007;-47.158.123;118;126;125;111.92;0.198;-383;0.99;-0.00;-0.02;145;132.54;17;-0.7;40079;30;-1.76;2.3;-0.1;5.98;-0.12;85.1;82.5;558;554;-;-;3071.73;1533.68;1538.05;1016.0;776.55;11600.;EXTENDED;0;WARNING;-;-
XX/03/19;23:01:58;FINAL APPROACH;AIR;AIR;AIR;2212;2212.00;1013.0;288;419;23.75;-22.993.564;-47.157.516;118;130;125;111.92;0.204;-376;0.95;-0.00;-0.02;145;132.54;17;-0.5;40079;30;-1.76;1.8;-0.3;3.87;-0.13;85.3;83.8;560;573;-;-;3072.26;1533.96;1538.30;1001.5;896.30;11600.;EXTENDED;0;WARNING;-;-
XX/03/19;23:01:59;FINAL APPROACH;AIR;AIR;AIR;2204;2204.00;1013.0;280;413;23.75;-22.994.119;-47.157.024;118;130;125;111.92;0.204;-410;0.95;0.02;-0.02;145;132.89;17;-0.9;40079;30;-1.76;0.9;-0.6;4.40;-0.10;85.9;84.3;568;571;-;-;3072.81;1534.25;1538.56;1059.5;936.22;11600.;EXTENDED;0;WARNING;-;-
XX/03/19;23:02:00;FINAL APPROACH;AIR;AIR;AIR;2192;2192.00;1013.0;268;400;23.75;-22.994.272;-47.156.754;118;132;125;111.92;0.207;-473;0.90;-0.00;-0.04;145;133.24;18;-0.8;40079;30;-1.41;0.7;-0.2;3.34;-0.12;85.1;82.4;552;546;-;-;3073.33;1534.54;1538.79;1037.8;816.47;11600.;EXTENDED;0;WARNING;-;-
XX/03/19;23:02:01;FINAL APPROACH;AIR;AIR;AIR;2184;2184.00;1013.0;260;356;23.75;-22.994.424;-47.156.487;118;129;125;111.92;0.203;-515;0.95;0.00;-0.04;145;133.24;18;-0.8;40079;30;-0.70;1.1;0.2;5.45;-0.09;83.4;80.1;536;532;-;-;3073.75;1534.78;1538.97;856.38;667.69;11600.;EXTENDED;0;WARNING;-;-
XX/03/19;23:02:02;FINAL APPROACH;AIR;AIR;AIR;2172;2172.00;1013.0;248;341;23.75;-22.994.577;-47.155.914;117;130;125;111.92;0.204;-543;0.98;0.03;-0.05;145;133.59;18;-1.0;40079;30;-1.05;1.6;0.3;4.75;-0.12;82.8;78.1;543;528;-;-;3074.12;1535.00;1539.12;791.07;540.68;11600.;EXTENDED;0;WARNING;-;-
XX/03/19;23:02:03;FINAL APPROACH;AIR;AIR;AIR;2160;2160.00;1013.0;236;317;23.75;-22.994.728;-47.155.342;116;129;125;111.92;0.202;-601;0.99;0.02;-0.04;145;133.59;18;-0.6;40079;30;1.05;1.6;0.1;5.63;-0.12;82.4;77.9;548;554;-;-;3074.49;1535.21;1539.28;765.66;576.97;11600.;EXTENDED;0;WARNING;-;-
XX/03/19;23:02:04;FINAL APPROACH;AIR;AIR;AIR;2148;2148.00;1013.0;224;309;24.00;-22.995.183;-47.154.770;116;129;125;111.92;0.202;-640;0.96;-0.01;-0.04;144;131.48;18;0.2;40079;30;-0.35;1.2;-0.2;5.28;-0.10;83.6;81.1;576;606;-;-;3074.95;1535.45;1539.50;863.64;780.18;11600.;EXTENDED;0;WARNING;-;-
XX/03/19;23:02:05;FINAL APPROACH;AIR;AIR;AIR;2136;2136.00;1013.0;212;316;24.00;-22.995.735;-47.154.278;116;129;125;111.92;0.202;-667;1.01;0.01;-0.03;144;129.73;18;0.4;40079;30;-1.41;0.9;-0.2;5.45;-0.09;84.3;81.9;574;590;-;-;3075.41;1535.70;1539.71;907.19;758.41;11600.;EXTENDED;0;WARNING;-;-
XX/03/19;23:02:06;FINAL APPROACH;AIR;AIR;AIR;2124;2124.00;1013.0;200;317;24.00;-22.996.282;-47.154.007;116;128;125;111.92;0.201;-684;0.99;-0.01;-0.03;144;127.97;19;0.5;40079;30;0.00;0.5;-0.3;3.69;-0.13;84.5;81.8;566;574;-;-;3075.88;1535.96;1539.92;936.22;747.52;11600.;EXTENDED;0;WARNING;-;-
XX/03/19;23:02:07;FINAL APPROACH;AIR;AIR;AIR;2108;2108.00;1013.0;184;313;24.25;-22.996.830;-47.153.740;116;129;125;111.92;0.203;-736;0.93;0.01;-0.04;144;126.91;19;0.5;40079;30;-1.76;0.4;-0.2;3.87;-0.11;84.5;81.8;561;569;-;-;3076.35;1536.23;1540.13;954.36;743.89;11600.;EXTENDED;0;WARNING;-;-
XX/03/19;23:02:08;FINAL APPROACH;AIR;AIR;AIR;2096;2096.00;1013.0;172;309;24.00;-22.996.986;-47.153.168;116;131;125;111.92;0.205;-770;0.96;0.01;-0.02;144;126.56;19;0.1;40079;30;-3.52;1.1;0.4;4.75;-0.15;85.1;83.8;568;592;-;-;3076.88;1536.50;1540.38;1001.5;899.93;11600.;EXTENDED;0;WARNING;-;-
XX/03/19;23:02:09;FINAL APPROACH;AIR;AIR;AIR;2084;2084.00;1013.0;160;301;24.00;-22.997.140;-47.152.596;116;129;125;111.92;0.202;-754;1.05;0.02;0.01;144;127.27;19;-0.3;40079;30;-2.11;2.5;0.9;5.45;-0.20;86.1;84.8;580;591;-;-;3077.47;1536.81;1540.66;1110.4;1026.9;11600.;EXTENDED;0;WARNING;-;-
XX/03/19;23:02:10;FINAL APPROACH;AIR;AIR;AIR;2072;2072.00;1013.0;148;296;24.25;-22.997.299;-47.152.023;116;128;125;111.92;0.201;-742;1.06;0.02;0.02;143;127.62;19;0.0;40079;30;-0.70;3.2;0.6;7.03;-0.13;86.4;85.6;578;586;-;-;3078.11;1537.14;1540.97;1172.0;1117.6;11600.;EXTENDED;0;WARNING;-;-
XX/03/19;23:02:11;FINAL APPROACH;AIR;AIR;AIR;2064;2064.00;1013.0;140;301;24.25;-22.997.455;-47.151.527;116;129;125;111.92;0.202;-695;1.05;-0.00;0.02;143;126.56;19;0.5;40079;30;-0.70;3.3;0.2;5.10;-0.10;87.0;86.1;583;584;-;-;3078.78;1537.48;1541.30;1222.8;1179.3;11600.;EXTENDED;0;WARNING;-;-
XX/03/19;23:02:12;FINAL APPROACH;AIR;AIR;AIR;2056;2056.00;1013.0;132;296;24.50;-22.997.610;-47.151.260;116;129;125;111.92;0.202;-624;0.93;-0.00;0.01;143;125.51;19;0.5;40079;30;-1.05;3.2;-0.1;5.10;-0.11;87.3;86.3;583;581;-;-;3079.46;1537.83;1541.63;1251.9;1201.1;11600.;EXTENDED;0;WARNING;-;-
XX/03/19;23:02:13;FINAL APPROACH;AIR;AIR;AIR;2044;2044.00;1013.0;120;258;24.50;-22.998.155;-47.150.990;116;128;125;111.92;0.201;-616;1.04;0.01;0.03;143;125.16;19;0.4;40079;30;0.00;3.3;0.1;6.51;-0.10;87.3;86.3;582;579;-;-;3080.15;1538.18;1541.97;1266.4;1204.7;11600.;EXTENDED;0;WARNING;-;-
XX/03/19;23:02:14;FINAL APPROACH;AIR;AIR;AIR;2036;2036.00;1013.0;112;233;24.50;-22.998.697;-47.150.417;116;127;125;111.92;0.199;-611;0.97;-0.01;0.01;143;125.16;18;0.3;40079;30;0.70;3.0;-0.2;5.28;-0.15;87.3;86.3;582;579;-;-;3080.83;1538.53;1542.30;1270.0;1204.7;11600.;EXTENDED;0;WARNING;-;-
XX/03/19;23:02:15;FINAL APPROACH;AIR;AIR;AIR;2028;2028.00;1013.0;104;146;24.50;-22.999.244;-47.149.845;116;127;125;111.92;0.198;-568;0.96;0.01;0.02;144;125.51;18;0.0;40079;30;0.00;2.5;-0.4;4.75;-0.17;87.3;86.3;582;578;-;-;3081.52;1538.88;1542.64;1266.4;1201.1;11600.;EXTENDED;0;WARNING;-;-
XX/03/19;23:02:16;FINAL APPROACH;AIR;AIR;AIR;2016;2016.00;1013.0;92;129;24.50;-22.999.788;-47.149.273;117;126;125;111.92;0.198;-578;0.94;-0.00;0.01;144;126.91;17;-0.5;40079;30;-1.76;2.5;-0.1;5.10;-0.09;87.3;86.3;583;578;-;-;3082.20;1539.23;1542.97;1266.4;1201.1;11600.;EXTENDED;0;WARNING;-;-
XX/03/19;23:02:17;FINAL APPROACH;AIR;AIR;AIR;2008;2008.00;1013.0;84;108;24.50;-22.999.900;-47.148.777;117;125;125;111.92;0.195;-586;1.01;0.01;0.03;144;128.67;17;-0.8;40079;30;-0.70;3.0;0.3;8.09;-0.11;87.3;86.9;584;586;-;-;3082.90;1539.59;1543.31;1266.4;1230.1;11600.;EXTENDED;0;WARNING;-;-
XX/03/19;23:02:18;FINAL APPROACH;AIR;AIR;AIR;1996;1996.00;1013.0;72;89;24.50;-23.000.017;-47.148.510;117;126;125;111.92;0.197;-590;1.06;0.01;0.05;144;130.43;16;-1.0;40079;30;0.00;3.3;0.3;6.68;-0.08;87.8;87.3;591;592;-;-;3083.63;1539.95;1543.68;1317.2;1324.4;11600.;EXTENDED;0;WARNING;-;-
XX/03/19;23:02:19;FINAL APPROACH;AIR;AIR;AIR;1984;1984.00;1013.0;60;68;24.75;-23.000.131;-47.148.239;118;128;125;111.92;0.201;-633;1.01;0.02;0.04;144;131.48;16;-0.7;40079;30;-0.70;2.6;-0.4;5.80;-0.10;87.9;87.3;594;593;-;-;3084.38;1540.33;1544.05;1353.5;1349.8;11600.;EXTENDED;0;WARNING;-;-
XX/03/19;23:02:20;FINAL APPROACH;AIR;AIR;AIR;1976;1976.00;1013.0;52;57;24.75;-23.000.251;-47.147.671;119;128;125;111.92;0.201;-622;0.99;0.01;0.04;144;131.48;15;-0.4;40079;30;-0.70;2.3;-0.3;6.51;-0.11;87.9;87.0;595;592;-;-;3085.13;1540.71;1544.43;1371.6;1335.3;11600.;EXTENDED;0;WARNING;-;-
XX/03/19;23:02:21;LANDING;AIR;AIR;AIR;1968;1968.00;1013.0;44;44;24.75;-23.000.673;-47.147.099;119;129;125;111.92;0.202;-575;1.05;0.02;0.03;144;131.13;16;-0.3;40079;30;-1.76;2.3;-0.1;5.45;-0.11;87.9;86.1;594;579;-;-;3085.87;1541.09;1544.78;1375.2;1273.6;11600.;EXTENDED;0;WARNING;-;-
XX/03/19;23:02:22;LANDING;AIR;AIR;AIR;1956;1956.00;1013.0;36;36;24.75;-23.001.224;-47.146.526;120;129;125;111.92;0.202;-583;0.91;0.02;-0.01;143;130.78;15;-0.2;40079;30;-2.81;1.8;-0.3;4.04;0.00;86.9;84.8;578;561;-;-;3086.51;1541.44;1545.07;1262.8;1030.5;11600.;EXTENDED;0;WARNING;-;-
XX/03/19;23:02:23;LANDING;AIR;AIR;AIR;1948;1948.00;1013.0;25;25;24.75;-23.001.777;-47.146.023;120;126;125;111.92;0.197;-589;1.01;-0.00;0.01;143;130.08;15;-0.2;40079;30;-1.76;2.8;0.6;6.16;0.00;86.5;84.3;573;558;-;-;3087.11;1541.77;1545.33;1193.8;968.87;11600.;EXTENDED;0;WARNING;-;-
XX/03/19;23:02:24;LANDING;AIR;AIR;AIR;1936;1936.00;1013.0;15;15;24.75;-23.002.327;-47.145.760;119;125;125;111.92;0.196;-593;1.04;0.01;0.02;144;129.73;14;-0.2;40079;30;0.70;3.3;0.4;6.68;0.00;86.3;84.1;571;557;-;-;3087.69;1542.09;1545.59;1153.9;932.59;11600.;EXTENDED;0;WARNING;-;-
XX/03/19;23:02:25;LANDING;AIR;AIR;AIR;1932;1932.00;1013.0;8;8;25.00;-23.002.485;-47.145.493;119;127;125;111.92;0.198;-555;1.03;0.03;0.04;144;131.13;13;-0.8;40079;30;0.00;4.2;0.6;7.21;0.00;86.1;83.9;571;554;-;-;3088.26;1542.41;1545.85;1139.4;907.19;11600.;EXTENDED;0;WARNING;-;-
XX/03/19;23:02:26;LANDING;AIR;AIR;AIR;1928;1928.00;1013.0;3;3;25.25;-23.002.645;-47.144.917;119;125;125;111.92;0.195;-451;1.12;0.00;0.02;145;133.59;13;-1.2;40079;30;-0.70;5.3;0.7;6.86;0.00;84.9;82.0;552;535;-;-;3088.74;1542.68;1546.05;983.39;743.89;11600.;EXTENDED;0;WARNING;-;-
XX/03/19;23:02:27;LANDING;AIR;AIR;AIR;1928;1928.00;1013.0;1;1;25.25;-23.002.803;-47.144.348;117;121;125;111.92;0.189;-342;1.24;0.05;-0.02;146;136.76;12;-1.7;40079;30;-0.35;4.0;-0.6;4.04;0.00;82.3;79.9;528;529;-;-;3089.12;1542.90;1546.22;776.55;613.26;11600.;;0;WARNING;-;-
XX/03/19;23:02:28;LANDING;AIR;AIR;AIR;1928;1928.00;1013.0;1;1;25.25;-23.002.964;-47.143.784;116;120;125;111.92;0.188;-229;1.01;0.03;-0.08;145;139.22;12;-1.5;40079;30;-1.05;1.9;-1.4;2.11;0.00;79.6;77.5;523;526;-;-;3089.44;1543.08;1546.37;638.66;518.91;11600.;;0;WARNING;-;-
XX/03/19;23:02:29;LANDING;GROUND;GROUND;GROUND;1924;1924.00;1013.0;0;-1;24.75;-23.003.427;-47.143.291;114;120;125;111.92;0.187;-193;0.90;0.01;-0.19;145;140.27;12;-1.3;40079;30;-1.05;-0.4;-1.6;-1.23;0.00;77.5;75.4;518;525;-;-;3089.71;1543.22;1546.49;518.91;442.71;11600.;;0;WARNING;-;-