DATE;TIME;FPHASE;LDGL;LDGR;LDGNOS;ALTSTDC;ALTQNH;BAROCOR1;HEIGHT;RALT;TAT;LATP;LONP;GS;CAS;VAPP;VLS;MACH;IVV;VRTG;LATG;LONG;HEAD;WINDIR;WINSPD;DRIFT;GW;FLAP;ROLL;PITCH;PITCHRATE;AOAL;LOCDEV;N11;N12;N21;N22;EGT1;EGT2;FBURN;FBURN1;FBURN2;FF1;FF2;FQTY;SPDBRAKE;AP_EGD;AT;FD
XX/03/21;06:55:13;DESCENT;AIR;AIR;AIR;5008;5008.00;1013.0;4724;2629;24.50;-31.098.590;-60.227.413;243;217;161;191.99;0.358;-1225;0.98;-0.00;0.02;11;136.76;8;-1.2;53996;0;0.00;4.0;-0.0;7.74;0.00;32.3;31.5;73.5;74.3;508;552;7131.70;3541.84;3589.86;464.48;468.11;14520.;25;AP ENGAGED;AT ENGAGED;FD1 ON
XX/03/21;06:55:14;DESCENT;AIR;AIR;AIR;4988;4988.00;1013.0;4704;2629;24.50;-31.086.390;-60.227.299;242;216;161;191.99;0.357;-1216;0.98;-0.00;0.02;11;137.11;8;-1.3;53996;0;0.35;3.9;-0.1;7.56;0.00;32.3;31.5;73.5;74.3;508;552;7131.96;3541.97;3589.99;464.48;468.11;14520.;9;AP ENGAGED;AT ENGAGED;FD1 ON
XX/03/21;06:55:15;DESCENT;AIR;AIR;AIR;4968;4968.00;1013.0;4684;2629;24.50;-31.074.195;-60.227.184;242;217;161;191.99;0.358;-1211;1.01;-0.00;0.02;11;137.46;8;-1.3;53996;0;0.70;3.5;-0.2;7.03;0.00;32.3;31.5;73.5;74.3;508;552;7132.22;3542.10;3590.12;464.48;468.11;14520.;51;AP ENGAGED;AT ENGAGED;FD1 ON
XX/03/21;06:55:16;DESCENT;AIR;AIR;AIR;4948;4948.00;1013.0;4664;2629;24.50;-31.061.988;-60.227.066;242;217;161;191.99;0.358;-1207;1.00;-0.00;0.02;11;137.46;8;-1.2;53996;0;1.05;3.3;-0.2;6.68;0.00;32.3;31.5;73.5;74.3;508;553;7132.48;3542.23;3590.25;468.11;471.74;14520.;51;AP ENGAGED;AT ENGAGED;FD1 ON
XX/03/21;06:55:17;DESCENT;AIR;AIR;AIR;4928;4928.00;1013.0;4644;2629;24.50;-31.049.788;-60.226.944;242;216;161;191.99;0.357;-1205;1.01;-0.00;0.02;11;137.81;8;-1.2;53996;0;1.05;3.3;-0.0;6.68;0.00;32.3;31.5;73.5;74.3;508;554;7132.74;3542.36;3590.38;468.11;471.74;14520.;51;AP ENGAGED;AT ENGAGED;FD1 ON
XX/03/21;06:55:18;DESCENT;AIR;AIR;AIR;4908;4908.00;1013.0;4624;2629;24.50;-31.040.633;-60.226.826;242;216;161;191.99;0.356;-1203;1.01;-0.00;0.01;11;138.16;8;-1.2;53996;0;1.41;3.2;-0.1;6.16;0.00;32.1;31.5;73.5;74.3;511;554;7133.00;3542.49;3590.51;471.74;471.74;14520.;51;AP ENGAGED;AT ENGAGED;FD1 ON
XX/03/21;06:55:19;DESCENT;AIR;AIR;AIR;4888;4888.00;1013.0;4604;2629;24.50;-31.028.433;-60.226.707;242;216;161;191.99;0.356;-1202;1.01;0.00;0.01;11;139.22;8;-1.2;53996;0;1.05;3.2;-0.0;5.98;0.00;32.1;31.5;73.5;74.3;512;554;7133.27;3542.62;3590.65;471.74;475.37;14520.;51;AP ENGAGED;AT ENGAGED;FD1 ON
XX/03/21;06:55:20;APPROACH;AIR;AIR;AIR;4872;4872.00;1013.0;4588;2629;24.50;-31.018.674;-60.226.589;241;217;161;154.97;0.357;-1162;1.00;0.00;-0.00;11;139.57;8;-1.2;53996;1;0.70;3.0;-0.1;5.45;0.00;32.1;31.5;73.5;74.3;512;554;7133.53;3542.75;3590.78;475.37;475.37;14520.;51;AP ENGAGED;AT ENGAGED;FD1 ON
XX/03/21;06:55:21;APPROACH;AIR;AIR;AIR;4852;4852.00;1013.0;4568;2629;24.25;-31.005.254;-60.226.467;241;216;161;154.97;0.356;-1135;0.98;0.00;-0.01;11;138.87;8;-1.2;53996;1;0.00;2.8;-0.1;5.28;0.00;32.1;31.5;73.5;74.1;514;555;7133.80;3542.89;3590.91;475.37;475.37;14520.;51;AP ENGAGED;AT ENGAGED;FD1 ON
XX/03/21;06:55:22;APPROACH;AIR;AIR;AIR;4836;4836.00;1013.0;4552;2629;24.25;-30.991.833;-60.226.345;241;216;161;154.97;0.356;-1117;0.98;0.00;-0.01;11;138.87;8;-1.2;53996;1;-0.70;2.6;-0.1;5.28;0.00;32.1;31.5;73.5;74.3;514;557;7134.06;3543.02;3591.04;475.37;478.99;14520.;51;AP ENGAGED;AT ENGAGED;FD1 ON
XX/03/21;06:55:23;APPROACH;AIR;AIR;AIR;4816;4816.00;1013.0;4532;2629;24.25;-30.982.678;-60.226.227;241;216;161;154.97;0.355;-1105;0.96;0.00;-0.01;11;138.87;8;-1.1;53996;1;-0.70;2.5;-0.1;5.10;0.00;32.1;31.4;73.5;74.1;514;557;7134.33;3543.15;3591.17;475.37;475.37;14520.;51;AP ENGAGED;AT ENGAGED;FD1 ON
XX/03/21;06:55:24;APPROACH;AIR;AIR;AIR;4796;4796.00;1013.0;4512;2629;24.25;-30.970.476;-60.226.109;240;216;161;154.97;0.355;-1136;0.95;-0.00;-0.01;11;139.57;8;-1.1;53996;1;-0.70;2.3;-0.1;4.92;0.00;32.1;31.4;73.5;74.1;514;559;7134.59;3543.28;3591.31;475.37;478.99;14520.;51;AP ENGAGED;AT ENGAGED;FD1 ON
XX/03/21;06:55:25;APPROACH;AIR;AIR;AIR;4772;4772.00;1013.0;4488;2629;24.50;-30.961.320;-60.225.986;240;216;161;154.97;0.355;-1197;0.95;-0.00;-0.01;11;140.27;7;-1.1;53996;1;-1.05;2.3;-0.0;5.28;0.00;32.1;31.4;73.5;74.1;514;559;7134.86;3543.42;3591.44;475.37;475.37;14520.;51;AP ENGAGED;AT ENGAGED;FD1 ON
XX/03/21;06:55:26;APPROACH;AIR;AIR;AIR;4748;4748.00;1013.0;4464;2629;24.50;-30.949.118;-60.225.872;240;216;161;154.97;0.355;-1277;0.95;-0.00;-0.01;11;139.92;7;-1.1;53996;1;-1.05;2.1;-0.1;5.28;0.00;32.1;31.4;73.5;74.1;514;560;7135.12;3543.55;3591.57;471.74;478.99;14520.;51;AP ENGAGED;AT ENGAGED;FD1 ON
XX/03/21;06:55:27;APPROACH;AIR;AIR;AIR;4724;4724.00;1013.0;4440;2629;24.50;-30.936.918;-60.225.754;240;216;161;154.97;0.354;-1331;0.96;0.00;-0.01;11;139.57;7;-1.2;53996;1;-1.05;1.9;-0.1;5.45;0.00;32.1;31.4;73.5;74.1;514;559;7135.38;3543.68;3591.71;471.74;475.37;14520.;51;AP ENGAGED;AT ENGAGED;FD1 ON
XX/03/21;06:55:28;APPROACH;AIR;AIR;AIR;4700;4700.00;1013.0;4416;2629;24.50;-30.927.763;-60.225.632;240;216;161;154.97;0.354;-1367;1.00;0.00;-0.01;11;138.87;7;-1.2;53996;1;-0.70;2.1;0.1;5.63;0.00;32.1;31.4;73.5;74.1;514;560;7135.65;3543.81;3591.84;475.37;478.99;14520.;51;AP ENGAGED;AT ENGAGED;FD1 ON
XX/03/21;06:55:29;APPROACH;AIR;AIR;AIR;4676;4676.00;1013.0;4392;2629;24.50;-30.915.561;-60.225.517;240;216;161;154.97;0.354;-1391;1.01;-0.00;-0.01;11;138.87;7;-1.2;53996;1;-0.35;2.1;0.0;5.63;0.00;32.1;31.4;73.5;74.1;514;561;7135.92;3543.94;3591.97;478.99;482.62;14520.;51;AP ENGAGED;AT ENGAGED;FD1 ON
XX/03/21;06:55:30;APPROACH;AIR;AIR;AIR;4656;4656.00;1013.0;4372;2629;24.25;-30.906.405;-60.225.403;240;216;161;154.97;0.354;-1368;1.02;0.00;-0.01;11;138.87;7;-1.1;53996;1;-0.35;2.3;0.1;5.63;0.00;32.1;31.4;73.5;74.1;515;561;7136.18;3544.08;3592.11;478.99;478.99;14520.;51;AP ENGAGED;AT ENGAGED;FD1 ON
XX/03/21;06:55:31;APPROACH;AIR;AIR;AIR;4632;4632.00;1013.0;4348;2629;24.25;-30.894.198;-60.225.285;240;216;161;154.97;0.354;-1352;1.04;0.00;-0.01;11;139.22;7;-1.1;53996;1;-0.35;2.5;0.1;5.80;0.00;32.1;31.4;73.5;74.1;515;561;7136.45;3544.21;3592.24;478.99;482.62;14520.;51;AP ENGAGED;AT ENGAGED;FD1 ON
XX/03/21;06:55:32;APPROACH;AIR;AIR;AIR;4616;4616.00;1013.0;4332;2629;24.50;-30.881.991;-60.225.170;239;216;161;154.97;0.354;-1302;1.05;-0.00;-0.01;11;139.57;7;-1.1;53996;1;-0.35;2.6;0.1;5.63;0.00;32.1;31.4;73.5;74.1;515;562;7136.71;3544.34;3592.37;478.99;482.62;14520.;51;AP ENGAGED;AT ENGAGED;FD1 ON
XX/03/21;06:55:33;APPROACH;AIR;AIR;AIR;4596;4596.00;1013.0;4312;2629;24.50;-30.872.836;-60.225.052;239;215;161;154.97;0.353;-1229;1.02;-0.00;-0.01;11;140.27;7;-1.1;53996;1;-0.35;2.8;0.1;5.45;0.00;32.1;31.4;73.5;74.1;515;562;7136.98;3544.47;3592.51;478.99;482.62;14520.;51;AP ENGAGED;AT ENGAGED;FD1 ON
XX/03/21;06:55:34;APPROACH;AIR;AIR;AIR;4580;4580.00;1013.0;4296;2629;24.50;-30.860.634;-60.224.937;239;215;161;154.97;0.352;-1180;1.01;-0.00;-0.01;11;140.98;7;-1.1;53996;1;0.00;2.8;0.0;5.28;0.00;32.1;31.4;73.5;74.1;515;562;7137.25;3544.61;3592.64;478.99;482.62;14520.;51;AP ENGAGED;AT ENGAGED;FD1 ON
XX/03/21;06:55:35;APPROACH;AIR;AIR;AIR;4560;4560.00;1013.0;4276;2629;24.50;-30.851.479;-60.224.823;238;215;161;154.97;0.352;-1147;1.00;0.00;-0.02;11;141.33;7;-1.1;53996;1;0.00;2.6;-0.1;5.10;0.00;32.1;31.4;73.4;74.1;515;562;7137.52;3544.74;3592.78;478.99;482.62;14520.;51;AP ENGAGED;AT ENGAGED;FD1 ON
XX/03/21;06:55:36;APPROACH;AIR;AIR;AIR;4544;4544.00;1013.0;4260;2629;24.50;-30.839.281;-60.224.705;238;214;161;161.49;0.351;-1125;1.01;-0.00;-0.01;11;141.68;7;-1.1;53996;2;0.35;2.8;0.1;5.28;0.00;32.1;31.4;73.4;74.1;516;562;7137.78;3544.87;3592.91;478.99;482.62;14520.;51;AP ENGAGED;AT ENGAGED;FD1 ON
XX/03/21;06:55:37;APPROACH;AIR;AIR;AIR;4528;4528.00;1013.0;4244;2629;24.50;-30.827.093;-60.224.590;237;214;161;161.49;0.350;-1070;1.03;-0.00;-0.01;11;141.68;7;-1.1;53996;2;0.35;3.2;0.2;5.45;0.00;32.1;31.4;73.4;74.1;516;562;7138.05;3545.01;3593.04;478.99;482.62;14520.;51;AP ENGAGED;AT ENGAGED;FD1 ON
XX/03/21;06:55:38;APPROACH;AIR;AIR;AIR;4516;4516.00;1013.0;4232;2629;24.50;-30.817.938;-60.224.472;237;213;161;161.49;0.349;-994;1.03;-0.00;-0.01;11;141.68;7;-1.1;53996;2;0.35;3.2;0.0;5.28;0.00;32.1;31.4;73.4;74.1;516;564;7138.32;3545.14;3593.18;478.99;486.25;14520.;51;AP ENGAGED;AT ENGAGED;FD1 ON
XX/03/21;06:55:39;APPROACH;AIR;AIR;AIR;4500;4500.00;1013.0;4216;2629;24.50;-30.805.745;-60.224.358;236;213;161;161.49;0.349;-943;1.03;-0.00;-0.01;11;141.33;7;-1.1;53996;2;0.35;3.3;0.1;5.28;0.00;32.1;31.3;73.4;74.1;516;563;7138.59;3545.27;3593.31;478.99;482.62;14520.;51;AP ENGAGED;AT ENGAGED;FD1 ON
XX/03/21;06:55:40;APPROACH;AIR;AIR;AIR;4488;4488.00;1013.0;4204;2629;24.50;-30.796.590;-60.224.243;236;213;161;161.49;0.348;-909;1.03;0.00;-0.01;11;139.92;7;-1.2;53996;2;0.35;3.5;0.1;5.28;0.00;32.1;31.3;73.4;74.1;517;564;7138.85;3545.41;3593.45;482.62;486.25;14520.;51;AP ENGAGED;AT ENGAGED;FD1 ON
XX/03/21;06:55:41;APPROACH;AIR;AIR;AIR;4476;4476.00;1013.0;4192;2629;24.50;-30.784.392;-60.224.125;235;212;161;161.49;0.346;-847;1.03;0.00;-0.01;11;138.16;7;-1.3;53996;2;0.35;3.7;0.1;5.28;0.00;32.0;31.3;73.4;74.1;516;564;7139.12;3545.54;3593.58;478.99;482.62;14520.;51;AP ENGAGED;AT ENGAGED;FD1 ON
XX/03/21;06:55:42;APPROACH;AIR;AIR;AIR;4468;4468.00;1013.0;4184;2629;24.50;-30.772.214;-60.224.010;234;211;161;161.49;0.346;-765;1.02;0.00;-0.02;12;136.41;7;-1.3;53996;2;0.00;3.7;0.0;4.92;0.00;32.0;31.3;73.4;74.1;516;564;7139.39;3545.67;3593.72;478.99;482.62;14520.;51;AP ENGAGED;AT ENGAGED;FD1 ON
XX/03/21;06:55:43;APPROACH;AIR;AIR;AIR;4460;4460.00;1013.0;4176;2629;24.50;-30.763.059;-60.223.892;233;210;161;161.49;0.344;-671;1.01;0.00;-0.02;12;135.35;7;-1.3;53996;2;0.00;3.7;0.0;4.92;0.00;32.1;31.3;73.5;74.1;518;564;7139.66;3545.81;3593.85;482.62;482.62;14520.;51;AP ENGAGED;AT ENGAGED;FD1 ON
XX/03/21;06:55:44;APPROACH;AIR;AIR;AIR;4452;4452.00;1013.0;4168;2629;24.50;-30.750.875;-60.223.770;232;210;161;161.49;0.343;-608;1.01;0.00;-0.02;11;134.30;7;-1.3;53996;5;-0.35;3.7;0.0;4.75;0.00;32.0;31.3;73.4;74.1;517;564;7139.92;3545.94;3593.98;478.99;486.25;14520.;51;AP ENGAGED;AT ENGAGED;FD1 ON
XX/03/21;06:55:45;APPROACH;AIR;AIR;AIR;4444;4444.00;1013.0;4160;2629;24.50;-30.741.720;-60.223.652;232;209;161;161.49;0.342;-566;1.00;0.00;-0.02;11;133.95;7;-1.3;53996;5;-0.35;3.7;0.0;4.75;0.00;32.0;31.3;73.4;74.1;517;564;7140.19;3546.07;3594.12;482.62;482.62;14520.;51;AP ENGAGED;AT ENGAGED;FD1 ON
XX/03/21;06:55:46;APPROACH;AIR;AIR;AIR;4432;4432.00;1013.0;4148;2629;24.50;-30.729.532;-60.223.534;231;208;161;161.49;0.340;-577;0.99;0.00;-0.02;11;133.59;7;-1.3;53996;5;-0.35;3.5;-0.1;4.57;0.00;32.0;31.3;73.4;74.1;517;564;7140.46;3546.21;3594.25;482.62;486.25;14520.;51;AP ENGAGED;AT ENGAGED;FD1 ON
XX/03/21;06:55:47;APPROACH;AIR;AIR;AIR;4424;4424.00;1013.0;4140;2629;24.25;-30.717.363;-60.223.415;230;208;161;161.49;0.340;-585;0.98;0.00;-0.02;11;133.24;7;-1.3;53996;5;-0.35;3.3;-0.1;4.57;0.00;32.0;31.3;73.4;74.1;518;565;7140.73;3546.34;3594.39;482.62;486.25;14520.;51;AP ENGAGED;AT ENGAGED;FD1 ON
XX/03/21;06:55:48;APPROACH;AIR;AIR;AIR;4416;4416.00;1013.0;4132;2629;24.25;-30.708.208;-60.223.301;229;207;161;161.49;0.339;-550;0.98;-0.00;-0.02;11;133.59;7;-1.2;53996;5;0.00;3.3;-0.0;4.57;0.00;32.0;31.3;73.4;74.1;518;565;7141.00;3546.48;3594.52;478.99;482.62;14520.;51;AP ENGAGED;AT ENGAGED;FD1 ON
XX/03/21;06:55:49;APPROACH;AIR;AIR;AIR;4404;4404.00;1013.0;4120;2629;24.25;-30.696.020;-60.223.186;228;206;161;161.49;0.337;-567;0.97;0.00;-0.02;11;133.59;7;-1.2;53996;5;-0.35;3.3;-0.0;4.57;0.00;32.0;31.1;73.4;74.1;518;564;7141.27;3546.61;3594.66;482.62;478.99;14520.;51;AP ENGAGED;AT ENGAGED;FD1 ON
XX/03/21;06:55:50;APPROACH;AIR;AIR;AIR;4396;4396.00;1013.0;4112;2629;24.25;-30.686.865;-60.223.068;227;206;161;161.49;0.336;-578;0.97;-0.00;-0.02;11;133.24;7;-1.3;53996;5;0.00;3.3;-0.0;4.75;0.00;32.0;31.1;73.4;74.1;518;564;7141.53;3546.74;3594.79;478.99;482.62;14520.;51;AP ENGAGED;AT ENGAGED;FD1 ON
XX/03/21;06:55:51;APPROACH;AIR;AIR;AIR;4384;4384.00;1013.0;4100;2629;24.25;-30.677.738;-60.222.950;227;205;161;161.49;0.334;-585;0.99;0.00;-0.02;12;133.24;7;-1.2;53996;5;0.00;3.3;-0.0;5.10;0.00;32.0;31.1;73.4;74.1;518;564;7141.80;3546.88;3594.92;482.62;482.62;14520.;51;AP ENGAGED;AT ENGAGED;FD1 ON
XX/03/21;06:55:52;APPROACH;AIR;AIR;AIR;4372;4372.00;1013.0;4088;2629;24.25;-30.665.579;-60.222.836;226;204;161;161.49;0.334;-630;0.98;-0.00;-0.02;12;133.95;7;-1.1;53996;5;1.05;3.5;0.1;5.10;0.00;32.0;31.1;73.4;74.1;518;564;7142.07;3547.01;3595.06;482.62;482.62;14520.;51;AP ENGAGED;AT ENGAGED;FD1 ON
XX/03/21;06:55:53;APPROACH;AIR;AIR;AIR;4364;4364.00;1013.0;4080;2629;24.25;-30.656.424;-60.222.721;225;204;161;161.49;0.333;-620;0.99;-0.00;-0.02;12;135.70;6;-0.9;53996;5;2.81;3.5;0.0;5.10;0.00;31.9;31.1;73.4;74.1;518;564;7142.34;3547.14;3595.19;478.99;482.62;14520.;51;AP ENGAGED;AT ENGAGED;FD1 ON
XX/03/21;06:55:54;APPROACH;AIR;AIR;AIR;4352;4352.00;1013.0;4068;2629;24.25;-30.644.238;-60.222.603;224;203;161;161.49;0.332;-613;0.99;-0.01;-0.01;12;139.22;6;-0.6;53996;5;5.63;3.5;0.0;5.28;0.00;31.9;31.1;73.4;74.1;518;564;7142.60;3547.28;3595.33;478.99;482.62;14520.;51;AP ENGAGED;AT ENGAGED;FD1 ON
XX/03/21;06:55:55;APPROACH;AIR;AIR;AIR;4344;4344.00;1013.0;4060;2629;24.25;-30.632.830;-60.222.485;224;203;161;161.49;0.331;-609;1.00;-0.01;-0.01;13;144.84;5;-0.4;53996;5;8.09;3.5;0.0;5.28;0.00;31.9;31.1;73.4;74.1;519;565;7142.87;3547.41;3595.46;482.62;486.25;14520.;51;AP ENGAGED;AT ENGAGED;FD1 ON
XX/03/21;06:55:56;APPROACH;AIR;AIR;AIR;4332;4332.00;1013.0;4048;2629;24.25;-30.624.819;-60.222.363;223;202;161;161.49;0.330;-606;1.01;-0.01;-0.01;14;150.82;5;-0.3;53996;5;10.90;3.7;0.1;5.28;0.00;31.9;31.1;73.4;74.1;519;566;7143.14;3547.54;3595.60;482.62;486.25;14520.;51;AP ENGAGED;AT ENGAGED;FD1 ON
XX/03/21;06:55:57;APPROACH;AIR;AIR;AIR;4320;4320.00;1013.0;4036;2629;24.25;-30.613.790;-60.222.229;222;202;161;161.49;0.329;-644;1.01;-0.02;-0.02;15;156.80;4;-0.2;53996;5;13.71;3.5;-0.1;5.10;0.00;31.9;31.1;73.4;74.1;520;566;7143.41;3547.68;3595.73;482.62;486.25;14520.;51;AP ENGAGED;AT ENGAGED;FD1 ON
XX/03/21;06:55:58;APPROACH;AIR;AIR;AIR;4308;4308.00;1013.0;4024;2629;24.25;-30.604.634;-60.222.092;221;201;161;152.51;0.328;-669;1.01;-0.01;-0.01;17;161.72;4;-0.2;53996;10;16.88;3.5;-0.0;5.45;0.00;31.9;31.1;73.4;74.1;520;568;7143.68;3547.81;3595.87;482.62;489.88;14520.;51;AP ENGAGED;AT ENGAGED;FD1 ON
XX/03/21;06:55:59;APPROACH;AIR;AIR;AIR;4296;4296.00;1013.0;4012;2629;24.25;-30.595.529;-60.221.939;221;200;161;152.51;0.327;-686;1.06;-0.01;-0.02;18;164.88;4;-0.2;53996;10;20.04;3.5;-0.0;5.45;0.00;31.9;31.1;73.4;74.1;520;568;7143.95;3547.95;3596.00;486.25;493.51;14520.;51;AP ENGAGED;AT ENGAGED;FD1 ON
XX/03/21;06:56:00;APPROACH;AIR;AIR;AIR;4284;4284.00;1013.0;4000;2629;24.25;-30.583.436;-60.221.470;219;200;161;152.51;0.326;-697;1.07;-0.01;-0.02;21;167.34;4;-0.2;53996;10;22.85;3.5;-0.0;5.63;0.00;32.0;31.1;73.4;74.1;521;568;7144.22;3548.08;3596.14;486.25;493.51;14520.;51;AP ENGAGED;AT ENGAGED;FD1 ON
XX/03/21;06:56:01;APPROACH;AIR;AIR;AIR;4276;4276.00;1013.0;3992;2629;24.25;-30.574.281;-60.220.985;218;199;161;152.51;0.324;-665;1.08;-0.01;-0.02;23;168.05;4;-0.4;53996;10;23.91;3.5;-0.0;5.63;0.00;32.0;31.1;73.4;74.1;521;568;7144.50;3548.22;3596.28;486.25;489.88;14520.;51;AP ENGAGED;AT ENGAGED;FD1 ON
XX/03/21;06:56:02;APPROACH;AIR;AIR;AIR;4260;4260.00;1013.0;3976;2629;24.25;-30.565.221;-60.220.478;217;198;161;152.51;0.322;-683;1.07;-0.01;-0.02;25;165.94;4;-0.5;53996;10;24.26;3.5;-0.0;5.80;0.00;31.9;31.0;73.5;74.1;520;567;7144.76;3548.35;3596.41;482.62;486.25;14520.;51;AP ENGAGED;AT ENGAGED;FD1 ON
XX/03/21;06:56:03;APPROACH;AIR;AIR;AIR;4248;4248.00;1013.0;3964;2629;24.00;-30.554.063;-60.219.955;216;197;161;152.51;0.321;-735;1.08;-0.01;-0.01;27;162.42;4;-0.7;53996;10;24.61;3.5;-0.0;5.98;0.00;31.9;31.0;73.4;74.1;520;567;7145.03;3548.49;3596.55;482.62;486.25;14520.;51;AP ENGAGED;AT ENGAGED;FD1 ON
XX/03/21;06:56:04;APPROACH;AIR;AIR;AIR;4236;4236.00;1013.0;3952;2629;24.00;-30.545.988;-60.221.287;215;196;161;152.51;0.319;-730;1.08;-0.01;-0.01;30;158.91;4;-0.8;53996;10;24.61;3.5;-0.0;6.16;0.00;31.9;31.0;73.4;74.1;520;567;7145.30;3548.62;3596.68;482.62;486.25;14520.;51;AP ENGAGED;AT ENGAGED;FD1 ON
XX/03/21;06:56:05;APPROACH;AIR;AIR;AIR;4224;4224.00;1013.0;3940;2629;24.00;-30.538.039;-60.222.599;214;195;161;152.51;0.317;-727;1.09;-0.01;-0.01;32;157.15;4;-0.8;53996;10;24.96;3.5;-0.0;6.16;0.00;31.9;31.0;73.4;74.1;520;567;7145.57;3548.75;3596.82;482.62;486.25;14520.;51;AP ENGAGED;AT ENGAGED;FD1 ON
XX/03/21;06:56:06;APPROACH;AIR;AIR;AIR;4208;4208.00;1013.0;3924;2629;24.00;-30.527.048;-60.223.587;213;194;161;152.51;0.316;-764;1.08;-0.01;-0.01;35;156.09;4;-0.8;53996;10;24.96;3.5;-0.0;6.33;0.00;31.9;31.0;73.4;74.1;521;567;7145.84;3548.89;3596.95;482.62;486.25;14520.;51;AP ENGAGED;AT ENGAGED;FD1 ON
XX/03/21;06:56:07;APPROACH;AIR;AIR;AIR;4196;4196.00;1013.0;3912;2629;24.00;-30.518.904;-60.224.556;212;193;161;152.51;0.315;-789;1.09;-0.01;-0.01;37;155.74;4;-0.8;53996;10;24.96;3.5;-0.0;6.51;0.00;31.9;31.0;73.4;74.1;521;568;7146.11;3549.02;3597.09;486.25;486.25;14520.;51;AP ENGAGED;AT ENGAGED;FD1 ON
XX/03/21;06:56:08;APPROACH;AIR;AIR;AIR;4184;4184.00;1013.0;3900;2629;24.00;-30.510.914;-60.225.510;211;193;161;152.51;0.314;-766;1.09;-0.01;-0.01;40;155.39;4;-0.8;53996;10;24.61;3.5;-0.0;6.68;0.00;31.9;31.0;73.4;74.1;521;568;7146.38;3549.16;3597.22;482.62;486.25;14520.;51;AP ENGAGED;AT ENGAGED;FD1 ON
XX/03/21;06:56:09;APPROACH;AIR;AIR;AIR;4172;4172.00;1013.0;3888;2629;24.00;-30.500.112;-60.224.873;210;192;161;152.51;0.313;-751;1.09;-0.01;-0.00;42;154.69;4;-0.8;53996;10;24.61;3.7;0.1;6.86;0.00;31.9;30.9;73.4;74.1;521;568;7146.65;3549.29;3597.36;482.62;486.25;14520.;51;AP ENGAGED;AT ENGAGED;FD1 ON
XX/03/21;06:56:10;APPROACH;AIR;AIR;AIR;4156;4156.00;1013.0;3872;2629;24.00;-30.491.893;-60.224.625;209;192;161;152.39;0.312;-780;1.11;-0.01;0.00;44;153.63;4;-0.8;53923;10;24.61;3.9;0.1;7.03;0.00;31.9;30.9;73.4;74.1;521;568;7146.92;3549.43;3597.49;486.25;486.25;14520.;51;AP ENGAGED;AT ENGAGED;FD1 ON
XX/03/21;06:56:11;APPROACH;AIR;AIR;AIR;4144;4144.00;1013.0;3860;2629;24.00;-30.483.832;-60.224.060;208;191;161;152.39;0.310;-800;1.11;-0.01;0.00;46;152.23;3;-0.7;53923;10;24.61;4.0;0.1;7.03;0.00;31.9;30.9;73.4;74.1;522;568;7147.19;3549.56;3597.63;486.25;489.88;14520.;51;AP ENGAGED;AT ENGAGED;FD1 ON
XX/03/21;06:56:12;APPROACH;AIR;AIR;AIR;4132;4132.00;1013.0;3848;2629;24.00;-30.476.291;-60.223.480;207;190;161;152.39;0.309;-774;1.11;-0.01;0.00;49;150.47;3;-0.7;53923;10;24.61;4.0;0.0;7.03;0.00;31.9;30.9;73.4;74.1;522;568;7147.46;3549.70;3597.76;486.25;482.62;14520.;51;AP ENGAGED;AT ENGAGED;FD1 ON
XX/03/21;06:56:13;APPROACH;AIR;AIR;AIR;4120;4120.00;1013.0;3836;2629;24.00;-30.471.027;-60.222.885;206;189;161;152.39;0.308;-756;1.09;-0.01;0.00;51;148.36;3;-0.7;53923;10;24.61;4.0;0.0;7.21;0.00;31.8;30.9;73.4;74.0;522;568;7147.73;3549.83;3597.90;486.25;486.25;14520.;51;AP ENGAGED;AT ENGAGED;FD1 ON
XX/03/21;06:56:14;APPROACH;AIR;AIR;AIR;4108;4108.00;1013.0;3824;2629;24.00;-30.462.897;-60.222.275;204;189;161;152.39;0.307;-744;1.08;-0.01;0.00;54;146.95;3;-0.6;53923;10;24.96;4.0;0.0;7.03;0.00;31.8;30.9;73.4;74.1;522;568;7148.00;3549.97;3598.03;486.25;489.88;14520.;51;AP ENGAGED;AT ENGAGED;FD1 ON
XX/03/21;06:56:15;APPROACH;AIR;AIR;AIR;4096;4096.00;1013.0;3812;2629;23.75;-30.455.594;-60.221.664;203;188;161;152.39;0.306;-736;1.08;-0.01;0.00;57;145.55;2;-0.4;53923;10;27.07;4.0;0.0;7.21;0.00;31.8;30.9;73.4;74.1;522;568;7148.27;3550.10;3598.17;486.25;486.25;14520.;51;AP ENGAGED;AT ENGAGED;FD1 ON
XX/03/21;06:56:16;APPROACH;AIR;AIR;AIR;4088;4088.00;1013.0;3804;2629;23.75;-30.448.496;-60.221.043;202;187;161;152.39;0.304;-691;1.07;-0.02;-0.00;59;144.49;2;-0.1;53923;10;28.83;3.7;-0.2;7.21;0.00;31.8;30.9;73.4;74.0;522;568;7148.54;3550.24;3598.30;482.62;489.88;14520.;51;AP ENGAGED;AT ENGAGED;FD1 ON
XX/03/21;06:56:17;APPROACH;AIR;AIR;AIR;4072;4072.00;1013.0;3788;2629;23.75;-30.441.616;-60.220.413;201;187;161;152.39;0.304;-701;1.05;-0.02;-0.01;62;140.63;1;-0.2;53923;10;29.18;3.3;-0.3;7.21;0.00;31.8;30.9;73.4;74.0;523;569;7148.81;3550.37;3598.44;486.25;489.88;14520.;51;AP ENGAGED;AT ENGAGED;FD1 ON
XX/03/21;06:56:18;APPROACH;AIR;AIR;AIR;4048;4048.00;1013.0;3764;2629;23.75;-30.438.564;-60.219.463;200;186;161;152.39;0.302;-865;1.04;-0.01;-0.02;65;131.48;2;-0.4;53923;10;28.83;2.6;-0.5;7.21;0.00;31.8;30.9;73.4;74.0;524;568;7149.08;3550.51;3598.58;489.88;486.25;14520.;51;AP ENGAGED;AT ENGAGED;FD1 ON
XX/03/21;06:56:19;APPROACH;AIR;AIR;AIR;4028;4028.00;1013.0;3744;2629;23.75;-30.435.748;-60.218.876;199;186;160;152.39;0.302;-1015;1.05;-0.00;-0.02;68;127.62;2;-0.6;53923;10;29.18;2.3;-0.3;7.21;0.00;31.8;30.9;73.4;74.0;524;569;7149.35;3550.64;3598.71;489.88;489.88;14520.;51;AP ENGAGED;AT ENGAGED;FD1 ON
XX/03/21;06:56:20;APPROACH;AIR;AIR;AIR;4004;4004.00;1013.0;3720;2629;23.75;-30.430.117;-60.218.166;198;186;160;152.39;0.301;-1116;1.02;-0.01;-0.02;70;120.59;2;-0.4;53923;10;29.53;1.6;-0.5;7.21;0.00;31.8;30.9;73.4;74.0;523;568;7149.62;3550.78;3598.85;486.25;486.25;14520.;51;AP ENGAGED;AT ENGAGED;FD1 ON
XX/03/21;06:56:21;APPROACH;AIR;AIR;AIR;3976;3976.00;1013.0;3692;2629;23.75;-30.424.726;-60.217.453;198;186;160;152.39;0.301;-1262;1.05;-0.01;-0.02;73;111.45;2;-0.2;53923;10;29.53;1.4;-0.2;7.39;0.00;31.8;30.9;73.4;74.0;524;568;7149.89;3550.91;3598.98;489.88;486.25;14520.;51;AP ENGAGED;AT ENGAGED;FD1 ON
XX/03/21;06:56:22;APPROACH;AIR;AIR;AIR;3952;3952.00;1013.0;3668;2629;23.75;-30.419.571;-60.216.721;197;185;160;152.39;0.300;-1361;1.08;-0.01;-0.02;76;98.44;2;0.0;53923;10;29.53;1.4;-0.0;7.74;0.00;31.8;30.9;73.4;74.0;524;569;7150.17;3551.05;3599.12;489.88;489.88;14520.;51;AP ENGAGED;AT ENGAGED;FD1 ON
XX/03/21;06:56:23;APPROACH;AIR;AIR;AIR;3920;3920.00;1013.0;3636;2629;23.75;-30.415.051;-60.215.981;197;185;160;152.39;0.300;-1466;1.10;-0.01;-0.01;79;84.02;2;0.1;53923;10;29.18;1.4;-0.0;7.91;0.00;31.8;30.8;73.4;74.0;524;569;7150.44;3551.19;3599.25;489.88;489.88;14520.;51;AP ENGAGED;AT ENGAGED;FD1 ON
XX/03/21;06:56:24;APPROACH;AIR;AIR;AIR;3892;3892.00;1013.0;3608;2629;23.75;-30.412.383;-60.215.168;196;185;160;152.39;0.299;-1576;1.11;-0.01;-0.01;82;70.66;2;0.3;53923;10;28.83;1.4;-0.0;8.27;0.00;31.8;30.8;73.4;74.0;524;569;7150.71;3551.32;3599.39;489.88;489.88;14520.;51;AP ENGAGED;AT ENGAGED;FD1 ON
XX/03/21;06:56:25;APPROACH;AIR;AIR;AIR;3864;3864.00;1013.0;3580;2629;23.75;-30.409.966;-60.214.050;196;185;160;152.39;0.299;-1610;1.13;-0.01;-0.01;85;59.41;2;0.4;53923;10;28.83;1.6;0.1;8.62;0.00;31.8;30.8;73.3;74.0;523;569;7150.98;3551.46;3599.53;486.25;489.88;14520.;51;AP ENGAGED;AT ENGAGED;FD1 ON
XX/03/21;06:56:26;APPROACH;AIR;AIR;AIR;3832;3832.00;1013.0;3548;2629;23.75;-30.407.796;-60.213.329;196;184;160;152.39;0.298;-1673;1.13;-0.01;-0.00;87;50.27;2;0.5;53923;10;28.83;1.6;0.0;8.62;0.00;31.6;30.8;73.3;74.0;524;569;7151.25;3551.59;3599.66;486.25;489.88;14520.;51;AP ENGAGED;AT ENGAGED;FD1 ON
XX/03/21;06:56:27;APPROACH;AIR;AIR;AIR;3804;3804.00;1013.0;3520;2629;24.00;-30.405.874;-60.212.616;195;184;160;152.39;0.298;-1715;1.14;-0.01;-0.00;90;44.30;2;0.5;53923;10;28.13;1.8;0.1;8.79;0.00;31.6;30.8;73.3;74.0;524;569;7151.52;3551.73;3599.80;489.88;489.88;14520.;51;AP ENGAGED;AT ENGAGED;FD1 ON
XX/03/21;06:56:28;APPROACH;AIR;AIR;AIR;3780;3780.00;1013.0;3496;2629;24.00;-30.404.212;-60.211.597;195;184;160;152.39;0.297;-1664;1.12;-0.00;0.00;93;45.70;2;0.3;53923;10;26.02;1.9;0.1;8.97;0.00;31.8;30.8;73.4;74.0;524;570;7151.80;3551.86;3599.93;489.88;489.88;14520.;51;AP ENGAGED;AT ENGAGED;FD1 ON
XX/03/21;06:56:29;APPROACH;AIR;AIR;AIR;3752;3752.00;1013.0;3468;2629;24.00;-30.404.234;-60.210.884;195;183;160;152.39;0.296;-1630;1.12;0.01;-0.00;96;58.01;2;-0.3;53923;10;22.50;1.9;0.0;8.62;0.00;31.8;30.8;73.4;74.0;524;570;7152.07;3552.00;3600.07;489.88;493.51;14520.;51;AP ENGAGED;AT ENGAGED;FD1 ON
XX/03/21;06:56:30;APPROACH;AIR;AIR;AIR;3724;3724.00;1013.0;3440;2629;24.00;-30.404.484;-60.210.171;194;183;160;152.39;0.295;-1646;1.10;0.01;-0.01;98;79.45;2;-0.5;53923;10;19.69;2.1;0.1;8.44;0.00;31.6;30.8;73.4;74.0;524;570;7152.34;3552.14;3600.21;489.88;489.88;14520.;51;AP ENGAGED;AT ENGAGED;FD1 ON
XX/03/21;06:56:31;APPROACH;AIR;AIR;AIR;3700;3700.00;1013.0;3416;2629;24.25;-30.404.959;-60.209.057;194;183;160;152.39;0.295;-1618;1.06;0.01;-0.01;100;102.66;2;-0.7;53923;10;16.17;2.1;0.0;8.27;0.00;31.6;30.8;73.3;74.0;524;570;7152.62;3552.27;3600.34;489.88;493.51;14520.;51;AP ENGAGED;AT ENGAGED;FD1 ON
XX/03/21;06:56:32;APPROACH;AIR;AIR;AIR;3676;3676.00;1013.0;3392;2629;24.25;-30.405.607;-60.208.241;193;182;160;152.39;0.293;-1559;1.02;0.01;-0.02;101;119.18;2;-0.7;53923;10;13.01;2.1;0.0;7.74;0.00;31.6;30.8;73.3;73.9;524;569;7152.89;3552.41;3600.48;489.88;489.88;14520.;51;AP ENGAGED;AT ENGAGED;FD1 ON
XX/03/21;06:56:33;APPROACH;AIR;AIR;AIR;3652;3652.00;1013.0;3368;2629;24.25;-30.406.392;-60.207.432;193;181;160;152.39;0.292;-1520;1.00;0.01;-0.02;101;129.38;2;-0.6;53923;10;9.84;2.1;0.0;7.74;0.00;31.6;30.8;73.3;73.9;524;570;7153.16;3552.54;3600.62;493.51;493.51;14520.;51;AP ENGAGED;AT ENGAGED;FD1 ON
XX/03/21;06:56:34;APPROACH;AIR;AIR;AIR;3624;3624.00;1013.0;3340;2629;24.25;-30.407.279;-60.206.318;193;181;160;152.39;0.292;-1533;0.99;0.01;-0.02;102;135.35;2;-0.4;53923;10;6.68;2.1;0.0;7.56;0.00;31.6;30.8;73.3;73.9;524;570;7153.43;3552.68;3600.75;489.88;489.88;14520.;51;AP ENGAGED;AT ENGAGED;FD1 ON
XX/03/21;06:56:35;APPROACH;AIR;AIR;AIR;3600;3600.00;1013.0;3316;2629;24.25;-30.408.237;-60.205.505;192;181;160;152.39;0.291;-1542;0.98;0.01;-0.02;102;136.41;2;-0.3;53923;10;4.92;1.9;-0.1;7.21;0.00;31.6;30.8;73.3;73.9;524;570;7153.71;3552.82;3600.89;493.51;489.88;14520.;51;AP ENGAGED;AT ENGAGED;FD1 ON
XX/03/21;06:56:36;APPROACH;AIR;AIR;AIR;3576;3576.00;1013.0;3292;2629;24.25;-30.409.234;-60.204.689;192;180;160;152.39;0.290;-1508;0.96;0.01;-0.02;102;135.35;2;-0.2;53923;10;2.81;1.8;-0.1;7.21;0.00;31.6;30.8;73.3;73.9;524;570;7153.98;3552.95;3601.02;493.51;489.88;14520.;51;AP ENGAGED;AT ENGAGED;FD1 ON
XX/03/21;06:56:37;APPROACH;AIR;AIR;AIR;3548;3548.00;1013.0;3264;2629;24.50;-30.410.254;-60.203.579;192;180;160;152.39;0.290;-1525;0.96;0.01;-0.02;102;136.76;1;-0.3;53923;10;0.00;1.8;-0.0;7.21;0.00;31.6;30.8;73.3;73.9;524;570;7154.25;3553.09;3601.16;493.51;493.51;14520.;51;AP ENGAGED;AT ENGAGED;FD1 ON
XX/03/21;06:56:38;APPROACH;AIR;AIR;AIR;3520;3520.00;1013.0;3236;2629;24.50;-30.411.279;-60.202.763;191;180;160;152.39;0.290;-1576;0.97;0.01;-0.02;102;143.44;2;-0.4;53923;10;-3.52;1.6;-0.1;7.39;0.00;31.6;30.8;73.3;73.9;524;570;7154.53;3553.23;3601.30;493.51;489.88;14520.;51;AP ENGAGED;AT ENGAGED;FD1 ON
XX/03/21;06:56:39;APPROACH;AIR;AIR;AIR;3496;3496.00;1013.0;3212;2629;24.50;-30.412.290;-60.201.946;191;180;160;152.39;0.290;-1571;0.98;0.01;-0.02;101;148.36;2;-0.5;53923;10;-4.92;1.6;-0.0;7.21;0.00;31.6;30.8;73.3;73.9;525;570;7154.80;3553.37;3601.44;497.14;493.51;14520.;51;AP ENGAGED;AT ENGAGED;FD1 ON
XX/03/21;06:56:40;APPROACH;AIR;AIR;AIR;3468;3468.00;1013.0;3184;2629;24.50;-30.413.275;-60.200.836;191;180;160;152.39;0.290;-1567;1.00;0.01;-0.02;101;145.90;1;-0.2;53923;10;-5.27;1.8;0.1;7.56;0.00;31.6;30.8;73.3;73.9;525;570;7155.08;3553.50;3601.57;493.51;493.51;14520.;51;AP ENGAGED;AT ENGAGED;FD1 ON
XX/03/21;06:56:41;APPROACH;AIR;AIR;AIR;3440;3440.00;1013.0;3156;2629;24.50;-30.414.212;-60.200.020;191;180;160;152.39;0.289;-1605;1.01;0.00;-0.02;99;132.19;1;0.2;53923;10;-4.92;1.9;0.1;7.91;0.00;31.6;30.6;73.3;73.9;525;570;7155.35;3553.64;3601.71;493.51;493.51;14520.;51;AP ENGAGED;AT ENGAGED;FD1 ON
XX/03/21;06:56:42;APPROACH;AIR;AIR;AIR;3412;3412.00;1013.0;3128;2629;24.50;-30.415.099;-60.199.200;191;180;160;152.39;0.288;-1629;1.01;-0.00;-0.02;99;101.60;1;0.4;53923;10;-4.57;1.9;0.0;7.74;0.00;31.6;30.6;73.3;73.9;525;570;7155.63;3553.78;3601.85;493.51;493.51;14520.;51;AP ENGAGED;AT ENGAGED;FD1 ON
XX/03/21;06:56:43;APPROACH;AIR;AIR;AIR;3388;3388.00;1013.0;3104;2629;24.50;-30.415.933;-60.198.086;191;180;160;152.39;0.288;-1607;1.01;-0.00;-0.02;98;65.74;1;0.5;53923;10;-4.57;1.9;0.0;7.91;0.00;31.6;30.6;73.3;73.9;525;570;7155.90;3553.92;3601.98;493.51;493.51;14520.;51;AP ENGAGED;AT ENGAGED;FD1 ON
XX/03/21;06:56:44;APPROACH;AIR;AIR;AIR;3360;3360.00;1013.0;3076;2629;24.50;-30.416.713;-60.197.269;190;180;160;152.39;0.288;-1591;1.01;-0.00;-0.02;98;45.70;1;0.6;53923;10;-3.87;2.1;0.1;7.74;0.00;31.6;30.6;73.3;73.9;525;570;7156.17;3554.05;3602.12;493.51;493.51;14520.;51;AP ENGAGED;AT ENGAGED;FD1 ON
XX/03/21;06:56:45;APPROACH;AIR;AIR;AIR;3336;3336.00;1013.0;3052;2629;24.50;-30.417.447;-60.196.449;190;180;160;152.39;0.288;-1581;1.00;0.00;-0.02;98;37.97;2;0.6;53923;10;-3.52;2.1;0.0;7.91;0.00;31.6;30.6;73.3;73.9;525;570;7156.45;3554.19;3602.26;493.51;493.51;14520.;51;AP ENGAGED;AT ENGAGED;FD1 ON
XX/03/21;06:56:46;APPROACH;AIR;AIR;AIR;3308;3308.00;1013.0;3024;2629;24.50;-30.418.141;-60.195.644;190;180;160;152.39;0.288;-1574;1.00;-0.00;-0.02;97;33.40;2;0.7;53923;10;-3.16;2.1;0.0;7.74;0.00;31.6;30.6;73.3;73.9;525;570;7156.72;3554.33;3602.40;497.14;493.51;14520.;51;AP ENGAGED;AT ENGAGED;FD1 ON
XX/03/21;06:56:47;APPROACH;AIR;AIR;AIR;3284;3284.00;1013.0;3000;2629;24.75;-30.418.806;-60.194.828;189;179;160;152.39;0.287;-1569;0.99;0.00;-0.02;97;30.23;2;0.7;53923;10;-3.16;2.1;0.0;7.74;0.00;31.5;30.6;73.3;73.9;525;570;7157.00;3554.47;3602.53;497.14;497.14;14520.;51;AP ENGAGED;AT ENGAGED;FD1 ON
XX/03/21;06:56:48;APPROACH;AIR;AIR;AIR;3260;3260.00;1013.0;2976;2629;24.75;-30.419.447;-60.194.012;189;179;160;152.39;0.286;-1527;0.98;0.00;-0.02;97;26.37;2;0.6;53923;10;-2.46;1.9;-0.1;7.56;0.00;31.5;30.6;73.3;73.9;525;570;7157.28;3554.61;3602.67;497.14;497.14;14520.;51;AP ENGAGED;AT ENGAGED;FD1 ON
XX/03/21;06:56:49;APPROACH;AIR;AIR;AIR;3232;3232.00;1013.0;2948;2629;24.50;-30.420.065;-60.193.207;189;178;160;152.39;0.285;-1538;0.99;0.00;-0.02;97;20.39;2;0.7;53923;10;-1.76;1.9;-0.0;7.74;0.00;31.5;30.6;73.3;73.9;525;570;7157.55;3554.74;3602.81;497.14;497.14;14520.;51;AP ENGAGED;AT ENGAGED;FD1 ON
XX/03/21;06:56:50;APPROACH;AIR;AIR;AIR;3204;3204.00;1013.0;2920;2629;24.50;-30.420.668;-60.192.097;189;178;160;152.39;0.284;-1585;0.99;-0.00;-0.02;97;13.36;2;0.8;53923;10;-1.05;1.8;-0.1;7.56;0.00;31.5;30.6;73.3;73.9;525;570;7157.83;3554.88;3602.95;497.14;497.14;14520.;51;AP ENGAGED;AT ENGAGED;FD1 ON
XX/03/21;06:56:51;APPROACH;AIR;AIR;AIR;3176;3176.00;1013.0;2892;2629;24.50;-30.421.257;-60.191.376;188;177;160;152.39;0.283;-1616;0.97;-0.00;-0.02;97;5.98;3;0.9;53923;10;-0.70;1.6;-0.1;7.74;0.00;31.5;30.6;73.3;73.9;525;570;7158.11;3555.02;3603.09;497.14;497.14;14520.;51;AP ENGAGED;AT ENGAGED;FD1 ON
XX/03/21;06:56:52;APPROACH;AIR;AIR;AIR;3148;3148.00;1013.0;2864;2629;24.50;-30.421.841;-60.190.670;188;177;160;152.39;0.283;-1637;0.98;-0.00;-0.02;97;0.00;3;0.8;53923;10;-0.35;1.4;-0.1;7.74;0.00;31.5;30.6;73.3;73.9;525;570;7158.38;3555.16;3603.22;497.14;497.14;14520.;51;AP ENGAGED;AT ENGAGED;FD1 ON
XX/03/21;06:56:53;APPROACH;AIR;AIR;AIR;3120;3120.00;1013.0;2836;2629;24.50;-30.422.423;-60.189.655;188;177;160;152.39;0.283;-1651;0.98;0.00;-0.02;97;353.32;3;0.7;53923;10;-0.35;1.4;-0.0;7.74;0.00;31.5;30.6;73.1;73.9;525;570;7158.66;3555.30;3603.36;497.14;493.51;14520.;51;AP ENGAGED;AT ENGAGED;FD1 ON
XX/03/21;06:56:54;APPROACH;AIR;AIR;AIR;3092;3092.00;1013.0;2808;2629;24.50;-30.423.002;-60.188.934;188;177;160;152.39;0.282;-1661;0.98;0.00;-0.02;97;347.70;2;0.6;53923;10;-0.35;1.4;-0.0;7.74;0.00;31.5;30.6;73.1;73.9;525;570;7158.94;3555.43;3603.50;497.14;500.77;14520.;51;AP ENGAGED;AT ENGAGED;FD1 ON
XX/03/21;06:56:55;APPROACH;AIR;AIR;AIR;3064;3064.00;1013.0;2780;2629;24.75;-30.423.591;-60.188.213;188;177;160;152.39;0.282;-1667;0.99;0.00;-0.02;97;342.07;2;0.6;53923;10;-0.70;1.4;-0.0;7.74;0.00;31.5;30.6;73.3;73.9;525;570;7159.21;3555.57;3603.64;497.14;497.14;14520.;1;AP ENGAGED;AT ENGAGED;FD1 ON
XX/03/21;06:56:56;APPROACH;AIR;AIR;AIR;3032;3032.00;1013.0;2748;2629;24.75;-30.424.182;-60.187.107;188;177;160;152.39;0.283;-1711;0.98;0.01;-0.02;97;335.39;2;0.5;53923;10;-0.70;1.2;-0.1;7.91;0.00;31.5;30.5;73.1;73.9;524;570;7159.49;3555.71;3603.78;500.77;497.14;14520.;2;AP ENGAGED;AT ENGAGED;FD1 ON
XX/03/21;06:56:57;APPROACH;AIR;AIR;AIR;3004;3004.00;1013.0;2720;2629;24.75;-30.424.776;-60.186.287;188;177;160;152.39;0.282;-1740;0.99;0.01;-0.01;97;329.41;2;0.4;53923;10;-0.70;1.2;-0.0;7.91;0.00;31.5;30.5;73.1;73.9;525;570;7159.77;3555.85;3603.92;500.77;497.14;14520.;1;AP ENGAGED;AT ENGAGED;FD1 ON
XX/03/21;06:56:58;APPROACH;AIR;AIR;AIR;2972;2972.00;1013.0;2688;2629;24.75;-30.425.367;-60.185.467;189;177;160;152.39;0.282;-1760;0.99;0.01;-0.01;97;324.84;2;0.5;53923;10;-0.35;1.2;-0.0;8.09;0.00;31.5;30.6;73.1;73.9;525;570;7160.04;3555.99;3604.05;497.14;500.77;14520.;1;AP ENGAGED;AT ENGAGED;FD1 ON
XX/03/21;06:56:59;APPROACH;AIR;AIR;AIR;2940;2940.00;1013.0;2656;2629;24.75;-30.425.959;-60.184.361;189;177;160;152.39;0.282;-1813;1.00;0.00;-0.01;97;322.73;3;0.7;53923;10;0.00;1.2;-0.0;7.91;0.00;31.5;30.5;73.1;73.9;524;570;7160.32;3556.13;3604.19;497.14;497.14;14520.;1;AP ENGAGED;AT ENGAGED;FD1 ON
XX/03/21;06:57:00;APPROACH;AIR;AIR;AIR;2912;2912.00;1013.0;2628;2629;24.75;-30.426.552;-60.183.540;189;178;160;152.39;0.283;-1809;1.01;-0.00;-0.01;97;322.73;3;0.7;53923;10;0.00;1.2;-0.0;7.91;0.00;31.4;30.5;73.1;73.8;524;570;7160.60;3556.27;3604.33;500.77;497.14;14520.;1;AP ENGAGED;AT ENGAGED;FD1 ON
XX/03/21;06:57:01;APPROACH;AIR;AIR;AIR;2880;2880.00;1013.0;2596;2629;24.75;-30.427.146;-60.182.720;189;178;160;152.39;0.283;-1806;1.00;0.00;-0.01;97;322.73;3;0.6;53923;10;-0.35;1.2;-0.0;7.91;0.00;31.5;30.5;73.1;73.8;525;570;7160.88;3556.41;3604.47;500.77;500.77;14520.;1;AP ENGAGED;AT ENGAGED;FD1 ON
XX/03/21;06:57:02;APPROACH;AIR;AIR;AIR;2852;2852.00;1013.0;2568;2629;24.75;-30.427.747;-60.181.610;189;178;160;152.39;0.283;-1804;1.00;0.00;-0.01;97;322.03;3;0.5;53923;10;-0.35;1.2;-0.0;7.91;0.00;31.5;30.5;73.1;73.8;525;570;7161.15;3556.54;3604.61;500.77;500.77;14520.;1;AP ENGAGED;AT ENGAGED;FD1 ON
XX/03/21;06:57:03;APPROACH;AIR;AIR;AIR;2820;2820.00;1013.0;2536;2629;24.75;-30.428.352;-60.180.794;189;178;160;152.39;0.283;-1803;1.01;0.00;-0.01;97;323.09;3;0.6;53923;10;0.00;1.4;0.1;8.09;0.00;31.4;30.5;73.1;73.8;524;570;7161.43;3556.68;3604.75;497.14;500.77;14520.;1;AP ENGAGED;AT ENGAGED;FD1 ON
XX/03/21;06:57:04;APPROACH;AIR;AIR;AIR;2792;2792.00;1013.0;2508;2629;24.75;-30.428.967;-60.179.974;189;178;160;152.39;0.283;-1802;1.01;0.00;-0.01;97;324.14;3;0.7;53923;10;0.00;1.4;0.0;8.09;0.00;31.4;30.5;73.1;73.8;524;570;7161.71;3556.82;3604.89;500.77;500.77;14520.;1;AP ENGAGED;AT ENGAGED;FD1 ON
XX/03/21;06:57:05;APPROACH;AIR;AIR;AIR;2764;2764.00;1013.0;2480;2629;25.00;-30.429.585;-60.178.864;189;179;160;152.39;0.284;-1762;1.01;0.00;-0.02;97;326.25;3;0.7;53923;10;0.00;1.4;0.0;7.91;0.00;31.5;30.5;73.1;73.8;524;570;7161.99;3556.96;3605.03;500.77;500.77;14520.;1;AP ENGAGED;AT ENGAGED;FD1 ON
XX/03/21;06:57:06;APPROACH;AIR;AIR;AIR;2736;2736.00;1013.0;2452;2629;25.00;-30.430.212;-60.178.047;189;179;160;152.39;0.283;-1735;1.00;0.01;-0.02;97;328.01;3;0.7;53923;10;0.00;1.4;0.0;7.74;0.00;31.5;30.5;73.1;73.8;524;570;7162.27;3557.10;3605.17;500.77;504.40;14520.;1;AP ENGAGED;AT ENGAGED;FD1 ON
XX/03/21;06:57:07;APPROACH;AIR;AIR;AIR;2708;2708.00;1013.0;2424;2629;25.00;-30.430.837;-60.177.227;189;179;160;152.39;0.283;-1717;1.00;0.00;-0.02;97;330.12;3;0.7;53923;10;0.00;1.4;0.0;7.91;0.00;31.5;30.5;73.1;73.8;524;570;7162.55;3557.24;3605.31;500.77;504.40;14520.;1;AP ENGAGED;AT ENGAGED;FD1 ON
XX/03/21;06:57:08;APPROACH;AIR;AIR;AIR;2680;2680.00;1013.0;2396;2629;25.25;-30.431.461;-60.176.422;189;179;160;152.39;0.283;-1705;0.99;0.00;-0.02;97;332.23;3;0.9;53923;10;0.35;1.4;0.0;7.91;0.00;31.5;30.5;73.1;73.8;524;570;7162.83;3557.38;3605.45;504.40;504.40;14520.;1;AP ENGAGED;AT ENGAGED;FD1 ON
XX/03/21;06:57:09;APPROACH;AIR;AIR;AIR;2648;2648.00;1013.0;2364;2629;25.25;-30.432.086;-60.175.606;189;179;160;152.39;0.283;-1736;0.99;0.00;-0.02;97;334.34;3;0.9;53923;10;0.35;1.2;-0.1;7.74;0.00;31.4;30.5;73.1;73.8;524;570;7163.11;3557.52;3605.59;500.77;504.40;14520.;1;AP ENGAGED;AT ENGAGED;FD1 ON
XX/03/21;06:57:10;APPROACH;AIR;AIR;AIR;2620;2620.00;1013.0;2336;2629;25.25;-30.432.711;-60.174.786;189;179;160;152.39;0.284;-1757;1.00;0.01;-0.02;97;336.09;3;0.9;53923;10;0.35;1.2;-0.0;7.74;0.00;31.4;30.5;73.0;73.8;524;570;7163.39;3557.66;3605.73;504.40;504.40;14520.;1;AP ENGAGED;AT ENGAGED;FD1 ON
XX/03/21;06:57:11;APPROACH;AIR;AIR;AIR;2592;2592.00;1013.0;2308;2629;25.50;-30.433.338;-60.173.981;189;179;160;152.39;0.283;-1732;0.99;0.00;-0.02;97;337.15;3;1.0;53923;10;0.35;1.2;-0.0;7.74;0.00;31.4;30.5;73.0;73.8;524;570;7163.67;3557.80;3605.87;504.40;504.40;14520.;1;AP ENGAGED;AT ENGAGED;FD1 ON
XX/03/21;06:57:12;APPROACH;AIR;AIR;AIR;2564;2564.00;1013.0;2280;2629;25.50;-30.433.962;-60.172.871;189;180;160;152.39;0.284;-1715;0.99;0.00;-0.02;97;339.26;3;0.9;53923;10;0.00;1.2;-0.0;7.56;0.00;31.4;30.5;73.1;73.8;524;570;7163.95;3557.94;3606.01;508.02;504.40;14520.;1;AP ENGAGED;AT ENGAGED;FD1 ON
XX/03/21;06:57:13;APPROACH;AIR;AIR;AIR;2536;2536.00;1013.0;2252;2629;25.50;-30.434.587;-60.172.150;189;180;160;152.39;0.284;-1703;0.99;0.01;-0.02;97;342.07;3;1.0;53923;10;-0.35;1.2;-0.0;7.74;0.00;31.5;30.5;73.1;73.8;524;571;7164.23;3558.08;3606.15;504.40;504.40;14520.;1;AP ENGAGED;AT ENGAGED;FD1 ON
XX/03/21;06:57:14;APPROACH;AIR;AIR;AIR;2504;2504.00;1013.0;2220;2594;25.50;-30.435.212;-60.171.440;189;180;160;152.36;0.284;-1735;1.00;0.01;-0.02;97;343.83;3;1.0;53905;10;0.00;1.2;-0.0;7.56;0.00;31.4;30.5;73.1;73.8;524;570;7164.51;3558.22;3606.29;500.77;504.40;14520.;1;AP ENGAGED;AT ENGAGED;FD1 ON
XX/03/21;06:57:15;APPROACH;AIR;AIR;AIR;2476;2476.00;1013.0;2192;2567;25.50;-30.435.839;-60.170.429;189;180;160;152.36;0.284;-1757;0.99;0.00;-0.02;97;344.88;4;1.1;53905;10;0.00;1.2;-0.0;7.56;0.00;31.4;30.5;73.0;73.8;524;570;7164.79;3558.36;3606.43;500.77;508.02;14520.;1;AP ENGAGED;AT ENGAGED;FD1 ON
XX/03/21;06:57:16;APPROACH;AIR;AIR;AIR;2448;2448.00;1013.0;2164;2535;25.75;-30.436.463;-60.169.708;189;180;160;152.36;0.284;-1731;1.00;0.00;-0.02;97;345.59;4;1.2;53905;10;0.35;1.2;-0.0;7.56;0.00;31.4;30.5;73.0;73.8;524;571;7165.07;3558.50;3606.57;504.40;504.40;14520.;1;AP ENGAGED;AT ENGAGED;FD1 ON
XX/03/21;06:57:17;APPROACH;AIR;AIR;AIR;2420;2420.00;1013.0;2136;2502;25.75;-30.437.088;-60.168.987;189;179;160;152.36;0.283;-1714;0.99;0.00;-0.02;97;345.23;4;1.2;53905;10;0.00;1.2;-0.0;7.56;0.00;31.4;30.5;73.0;73.6;524;571;7165.35;3558.64;3606.71;504.40;504.40;14520.;1;AP ENGAGED;AT ENGAGED;FD1 ON
XX/03/21;06:57:18;APPROACH;AIR;AIR;AIR;2392;2392.00;1013.0;2108;2473;25.75;-30.437.720;-60.167.877;189;179;160;152.36;0.282;-1703;0.98;0.01;-0.02;98;343.83;4;1.2;53905;10;0.00;1.1;-0.1;7.56;0.00;31.4;30.5;73.1;73.8;525;571;7165.63;3558.78;3606.85;508.02;508.02;14520.;1;AP ENGAGED;AT ENGAGED;FD1 ON
XX/03/21;06:57:19;APPROACH;AIR;AIR;AIR;2360;2360.00;1013.0;2076;2454;25.75;-30.438.356;-60.167.061;189;180;160;152.36;0.283;-1735;0.98;0.01;-0.02;98;342.42;4;1.2;53905;10;0.35;1.1;-0.0;7.56;0.00;31.4;30.5;73.0;73.8;524;571;7165.91;3558.92;3606.99;508.02;508.02;14520.;1;AP ENGAGED;AT ENGAGED;FD1 ON
XX/03/21;06:57:20;APPROACH;AIR;AIR;AIR;2332;2332.00;1013.0;2048;2420;25.75;-30.439.000;-60.166.241;189;180;160;152.36;0.283;-1756;0.99;0.00;-0.02;98;343.13;4;1.4;53905;10;0.70;1.1;-0.0;7.56;0.00;31.4;30.5;73.0;73.8;524;571;7166.20;3559.06;3607.13;508.02;508.02;14520.;1;AP ENGAGED;AT ENGAGED;FD1 ON
XX/03/21;06:57:21;APPROACH;AIR;AIR;AIR;2304;2304.00;1013.0;2020;2391;25.75;-30.439.641;-60.165.131;189;180;160;152.36;0.283;-1731;0.98;-0.00;-0.02;97;343.83;5;1.5;53905;10;0.35;0.9;-0.1;7.56;0.00;31.4;30.5;73.0;73.8;524;571;7166.48;3559.20;3607.27;508.02;508.02;14520.;1;AP ENGAGED;AT ENGAGED;FD1 ON
XX/03/21;06:57:22;APPROACH;AIR;AIR;AIR;2272;2272.00;1013.0;1988;2368;26.00;-30.440.290;-60.164.314;189;180;160;152.36;0.283;-1754;0.98;0.00;-0.02;98;343.83;5;1.5;53905;10;0.35;0.9;-0.0;7.56;-0.05;31.4;30.5;73.0;73.8;524;571;7166.76;3559.34;3607.42;508.02;508.02;14520.;1;AP ENGAGED;AT ENGAGED;FD1 ON
XX/03/21;06:57:23;APPROACH;AIR;AIR;AIR;2244;2244.00;1013.0;1960;2347;26.00;-30.440.938;-60.163.494;189;180;160;152.36;0.283;-1769;1.01;0.00;-0.02;98;344.18;5;1.5;53905;10;0.35;1.1;0.1;7.74;-0.05;31.4;30.5;73.0;73.8;524;571;7167.04;3559.49;3607.56;508.02;508.02;14520.;1;AP ENGAGED;AT ENGAGED;FD1 ON
XX/03/21;06:57:24;APPROACH;AIR;AIR;AIR;2216;2216.00;1013.0;1932;2297;26.00;-30.441.587;-60.162.384;189;180;160;152.36;0.283;-1740;1.03;0.00;-0.01;98;344.18;5;1.5;53905;10;0.35;1.6;0.3;8.09;-0.04;31.4;30.5;73.0;73.8;525;571;7167.33;3559.63;3607.70;508.02;511.65;14520.;1;AP ENGAGED;AT ENGAGED;FD1 ON
XX/03/21;06:57:25;APPROACH;AIR;AIR;AIR;2192;2192.00;1013.0;1908;2269;26.25;-30.442.243;-60.161.568;189;180;160;152.36;0.283;-1680;1.03;0.01;-0.01;98;344.18;5;1.5;53905;10;0.70;1.8;0.2;8.09;-0.03;31.4;30.5;73.0;73.8;525;571;7167.61;3559.77;3607.84;508.02;511.65;14520.;1;AP ENGAGED;AT ENGAGED;FD1 ON
XX/03/21;06:57:26;APPROACH;AIR;AIR;AIR;2164;2164.00;1013.0;1880;2235;26.25;-30.442.908;-60.160.748;189;180;160;152.36;0.282;-1641;1.03;0.01;-0.01;98;344.18;5;1.5;53905;10;0.35;1.9;0.1;8.09;-0.03;31.4;30.5;73.0;73.8;524;572;7167.89;3559.91;3607.98;508.02;511.65;14520.;1;AP ENGAGED;AT ENGAGED;FD1 ON
XX/03/21;06:57:27;APPROACH;AIR;AIR;AIR;2140;2140.00;1013.0;1856;2201;26.25;-30.443.580;-60.159.637;189;180;160;152.36;0.282;-1614;1.01;0.01;-0.01;98;343.83;5;1.6;53905;10;0.00;2.1;0.1;8.09;-0.02;31.4;30.5;73.0;73.8;525;572;7168.18;3560.05;3608.13;511.65;515.28;14520.;1;AP ENGAGED;AT ENGAGED;FD1 ON
XX/03/21;06:57:28;APPROACH;AIR;AIR;AIR;2116;2116.00;1013.0;1832;2164;26.25;-30.444.255;-60.158.821;189;179;160;152.36;0.281;-1557;1.04;0.00;-0.01;98;343.13;5;1.5;53905;10;-0.35;2.3;0.1;8.09;-0.01;31.4;30.5;73.0;73.8;525;572;7168.46;3560.19;3608.27;511.65;515.28;14520.;1;AP ENGAGED;AT ENGAGED;FD1 ON
XX/03/21;06:57:29;APPROACH;AIR;AIR;AIR;2096;2096.00;1013.0;1812;2141;26.25;-30.444.939;-60.158.001;188;178;160;152.36;0.279;-1479;1.06;0.00;-0.02;98;342.42;5;1.6;53905;10;-0.35;2.5;0.1;7.21;-0.01;31.4;30.5;73.0;73.8;525;573;7168.75;3560.34;3608.41;511.65;515.28;14520.;1;AP ENGAGED;AT ENGAGED;FD1 ON
XX/03/21;06:57:30;FINAL APPROACH;AIR;AIR;AIR;2072;2072.00;1013.0;1788;2124;26.50;-30.445.623;-60.157.200;188;178;160;146.19;0.278;-1426;1.04;0.00;-0.04;98;341.72;6;1.7;53905;15;-0.35;2.1;-0.2;6.51;-0.01;31.4;30.5;73.0;73.8;525;573;7169.03;3560.48;3608.55;515.28;515.28;14520.;1;AP ENGAGED;AT ENGAGED;FD1 ON
XX/03/21;06:57:31;FINAL APPROACH;AIR;AIR;AIR;2056;2056.00;1013.0;1772;2109;26.50;-30.446.305;-60.156.380;187;177;160;146.19;0.277;-1352;1.01;0.00;-0.05;98;341.02;6;1.8;53905;15;0.00;1.8;-0.2;5.80;-0.01;31.4;30.5;73.0;73.8;525;573;7169.32;3560.62;3608.70;511.65;515.28;14520.;1;AP ENGAGED;AT ENGAGED;FD1 ON
XX/03/21;06:57:32;FINAL APPROACH;AIR;AIR;AIR;2036;2036.00;1013.0;1752;2080;26.50;-30.446.985;-60.155.563;186;176;160;146.19;0.275;-1262;0.98;0.00;-0.05;98;339.61;6;1.8;53905;15;0.35;1.6;-0.2;5.63;-0.01;31.3;30.4;73.0;73.8;525;572;7169.60;3560.76;3608.84;511.65;511.65;14520.;1;AP ENGAGED;AT ENGAGED;FD1 ON
XX/03/21;06:57:33;FINAL APPROACH;AIR;AIR;AIR;2016;2016.00;1013.0;1732;2055;26.25;-30.447.664;-60.154.762;186;175;160;146.19;0.274;-1242;1.01;0.00;-0.04;98;337.85;6;1.8;53905;15;0.00;1.8;0.1;5.98;0.01;31.3;30.5;73.0;73.8;525;573;7169.89;3560.90;3608.98;511.65;518.91;14520.;1;AP ENGAGED;AT ENGAGED;FD1 ON
XX/03/21;06:57:34;FINAL APPROACH;AIR;AIR;AIR;2000;2000.00;1013.0;1716;2045;26.25;-30.448.346;-60.153.656;185;174;160;146.19;0.273;-1188;1.01;0.00;-0.04;98;335.39;6;1.7;53905;15;0.00;2.3;0.3;6.33;0.01;31.3;30.5;73.0;73.8;526;573;7170.17;3561.05;3609.13;511.65;515.28;14520.;1;AP ENGAGED;AT ENGAGED;FD1 ON
XX/03/21;06:57:35;FINAL APPROACH;AIR;AIR;AIR;1984;1984.00;1013.0;1700;2033;26.50;-30.449.033;-60.152.935;184;174;160;146.19;0.272;-1113;1.02;0.00;-0.04;98;333.28;6;1.6;53905;15;0.35;2.5;0.2;6.51;0.01;31.3;30.4;73.0;73.8;526;573;7170.46;3561.19;3609.27;515.28;515.28;14520.;1;AP ENGAGED;AT ENGAGED;FD1 ON
XX/03/21;06:57:36;FINAL APPROACH;AIR;AIR;AIR;1968;1968.00;1013.0;1684;2006;26.50;-30.449.719;-60.152.229;184;173;160;146.19;0.270;-1062;1.01;0.00;-0.03;98;331.52;6;1.6;53905;15;0.00;2.6;0.1;6.68;0.01;31.3;30.5;73.0;73.8;526;573;7170.75;3561.33;3609.41;515.28;518.91;14520.;1;AP ENGAGED;AT ENGAGED;FD1 ON
XX/03/21;06:57:37;FINAL APPROACH;AIR;AIR;AIR;1952;1952.00;1013.0;1668;1988;26.50;-30.450.411;-60.151.222;183;172;160;146.19;0.269;-1029;1.01;0.00;-0.03;98;330.12;6;1.6;53905;15;0.00;2.8;0.1;6.51;0.01;31.3;30.4;73.0;73.8;526;573;7171.03;3561.48;3609.56;515.28;515.28;14520.;1;AP ENGAGED;AT ENGAGED;FD1 ON
XX/03/21;06:57:38;FINAL APPROACH;AIR;AIR;AIR;1936;1936.00;1013.0;1652;1980;26.50;-30.451.114;-60.150.497;182;171;160;146.19;0.268;-1006;1.01;0.01;-0.03;99;329.06;6;1.5;53905;15;-0.35;3.0;0.1;6.68;0.02;31.3;30.4;73.0;73.8;526;573;7171.32;3561.62;3609.70;515.28;515.28;14520.;1;AP ENGAGED;AT ENGAGED;FD1 ON
XX/03/21;06:57:39;FINAL APPROACH;AIR;AIR;AIR;1924;1924.00;1013.0;1640;1960;26.50;-30.451.818;-60.149.773;181;170;160;146.19;0.266;-951;1.01;0.01;-0.03;99;327.66;6;1.5;53905;15;-0.35;3.2;0.1;6.86;0.02;31.3;30.4;73.0;73.8;526;573;7171.61;3561.76;3609.84;515.28;518.91;14520.;1;AP ENGAGED;AT ENGAGED;FD1 ON
XX/03/21;06:57:40;FINAL APPROACH;AIR;AIR;AIR;1908;1908.00;1013.0;1624;1942;26.50;-30.452.521;-60.148.975;180;169;160;146.19;0.264;-915;1.01;0.00;-0.03;98;326.95;6;1.7;53905;15;0.00;3.3;0.1;7.03;0.02;31.3;30.4;73.0;73.8;526;573;7171.89;3561.91;3609.99;515.28;515.28;14520.;1;AP ENGAGED;AT ENGAGED;FD1 ON
XX/03/21;06:57:41;FINAL APPROACH;AIR;AIR;AIR;1896;1896.00;1013.0;1612;1925;26.50;-30.453.217;-60.148.155;179;168;160;146.19;0.263;-890;1.01;0.00;-0.03;98;326.25;6;1.8;53905;15;0.35;3.5;0.1;7.21;0.02;31.3;30.4;73.0;73.8;527;574;7172.18;3562.05;3610.13;515.28;515.28;14520.;1;AP ENGAGED;AT ENGAGED;FD1 ON
XX/03/21;06:57:42;FINAL APPROACH;AIR;AIR;AIR;1880;1880.00;1013.0;1596;1899;26.50;-30.453.918;-60.147.335;179;167;160;146.19;0.261;-873;1.01;0.00;-0.02;99;325.55;6;1.7;53905;15;0.00;3.5;0.0;7.39;0.02;31.3;30.4;73.0;73.8;527;574;7172.47;3562.19;3610.27;515.28;518.91;14520.;1;AP ENGAGED;AT ENGAGED;FD1 ON
XX/03/21;06:57:43;FINAL APPROACH;AIR;AIR;AIR;1868;1868.00;1013.0;1584;1890;26.50;-30.454.614;-60.146.542;178;166;160;146.19;0.259;-862;1.00;0.00;-0.02;99;324.14;6;1.6;53905;15;-0.35;3.7;0.1;7.39;0.01;31.3;30.4;73.0;73.8;527;574;7172.75;3562.33;3610.42;515.28;518.91;14520.;1;AP ENGAGED;AT ENGAGED;FD1 ON
XX/03/21;06:57:44;FINAL APPROACH;AIR;AIR;AIR;1856;1856.00;1013.0;1572;1875;26.50;-30.455.310;-60.145.447;177;166;160;146.19;0.259;-815;1.00;0.00;-0.02;99;322.03;6;1.4;53905;15;-0.70;3.7;0.0;7.56;0.02;31.3;30.4;73.0;73.8;527;575;7173.04;3562.48;3610.56;515.28;518.91;14520.;1;AP ENGAGED;AT ENGAGED;FD1 ON
XX/03/21;06:57:45;FINAL APPROACH;AIR;AIR;AIR;1844;1844.00;1013.0;1560;1865;26.50;-30.456.004;-60.144.718;176;165;160;146.19;0.257;-784;0.99;0.01;-0.02;99;320.27;6;1.3;53905;15;-1.05;3.9;0.1;7.74;0.02;31.3;30.4;73.0;73.8;528;575;7173.33;3562.62;3610.71;515.28;515.28;14520.;1;AP ENGAGED;AT ENGAGED;FD1 ON
XX/03/21;06:57:46;FINAL APPROACH;AIR;AIR;AIR;1832;1832.00;1013.0;1548;1853;26.50;-30.456.705;-60.144.016;175;164;160;146.19;0.255;-763;1.01;0.00;-0.01;99;318.87;6;1.4;53905;15;-0.35;4.2;0.2;8.09;0.02;31.3;30.4;73.0;73.8;528;574;7173.61;3562.76;3610.85;518.91;515.28;14520.;1;AP ENGAGED;AT ENGAGED;FD1 ON
XX/03/21;06:57:47;FINAL APPROACH;AIR;AIR;AIR;1820;1820.00;1013.0;1536;1836;26.50;-30.457.399;-60.143.322;174;163;160;146.19;0.254;-749;1.00;0.00;-0.01;99;318.16;6;1.5;53905;15;-0.35;4.4;0.2;8.09;0.01;31.3;30.4;73.0;73.8;528;575;7173.90;3562.91;3610.99;515.28;518.91;14520.;1;AP ENGAGED;AT ENGAGED;FD1 ON
XX/03/21;06:57:48;FINAL APPROACH;AIR;AIR;AIR;1808;1808.00;1013.0;1524;1828;26.50;-30.458.090;-60.142.586;173;162;160;146.19;0.252;-739;1.05;0.00;-0.03;99;317.81;6;1.5;53905;15;-0.70;4.2;-0.1;7.56;0.01;31.3;30.4;73.0;73.8;528;576;7174.19;3563.05;3611.14;515.28;518.91;14520.;1;AP ENGAGED;AT ENGAGED;FD1 ON
XX/03/21;06:57:49;FINAL APPROACH;AIR;AIR;AIR;1796;1796.00;1013.0;1512;1817;26.50;-30.458.777;-60.141.857;172;161;160;146.19;0.251;-733;1.04;0.01;-0.05;99;317.46;6;1.4;53905;15;-0.70;3.5;-0.4;6.16;0.01;31.3;30.4;73.0;73.8;528;576;7174.48;3563.19;3611.28;518.91;522.54;14520.;1;AP ENGAGED;AT ENGAGED;FD1 ON
XX/03/21;06:57:50;FINAL APPROACH;AIR;AIR;AIR;1788;1788.00;1013.0;1504;1806;26.50;-30.459.461;-60.141.068;170;159;160;136.38;0.248;-689;1.01;0.00;-0.07;99;317.11;6;1.4;53905;25;-0.70;2.8;-0.5;4.57;0.01;31.3;30.4;73.0;73.8;528;576;7174.76;3563.34;3611.43;518.91;518.91;14520.;1;AP ENGAGED;AT ENGAGED;FD1 ON
XX/03/21;06:57:51;FINAL APPROACH;AIR;AIR;AIR;1776;1776.00;1013.0;1492;1798;26.25;-30.460.138;-60.139.980;169;158;160;136.38;0.246;-660;0.97;0.00;-0.09;99;316.76;6;1.5;53905;25;-1.05;1.6;-0.8;3.52;0.01;31.3;30.4;73.0;73.8;529;577;7175.05;3563.48;3611.57;518.91;522.54;14520.;1;AP ENGAGED;AT ENGAGED;FD1 ON
XX/03/21;06:57:52;FINAL APPROACH;AIR;AIR;AIR;1764;1764.00;1013.0;1480;1788;26.00;-30.460.813;-60.139.244;168;156;145;131.48;0.243;-680;0.93;0.00;-0.09;99;316.05;6;1.5;53905;30;-1.05;1.1;-0.5;3.17;0.01;31.3;30.4;73.0;73.8;529;576;7175.34;3563.63;3611.72;518.91;518.91;14520.;1;AP ENGAGED;AT ENGAGED;FD1 ON
XX/03/21;06:57:53;FINAL APPROACH;AIR;AIR;AIR;1756;1756.00;1013.0;1472;1776;26.00;-30.461.483;-60.138.550;166;155;145;131.48;0.241;-653;0.93;0.00;-0.08;99;315.35;6;1.4;53905;30;-0.70;1.1;-0.1;3.69;0.01;31.1;30.4;73.0;73.8;528;576;7175.63;3563.77;3611.86;518.91;518.91;14520.;1;AP ENGAGED;AT ENGAGED;FD1 ON
XX/03/21;06:57:54;FINAL APPROACH;AIR;AIR;AIR;1744;1744.00;1013.0;1460;1765;25.75;-30.462.146;-60.137.856;165;154;145;131.48;0.239;-636;0.98;0.00;-0.08;99;314.30;6;1.5;53905;30;-0.35;1.4;0.2;4.40;0.02;31.1;30.4;73.0;73.8;528;576;7175.92;3563.91;3612.00;515.28;518.91;14520.;1;AP ENGAGED;AT ENGAGED;FD1 ON
XX/03/21;06:57:55;FINAL APPROACH;AIR;AIR;AIR;1732;1732.00;1013.0;1448;1750;25.75;-30.462.804;-60.137.115;164;152;145;131.48;0.237;-664;0.98;0.00;-0.07;99;313.95;6;1.6;53905;30;0.35;1.6;0.1;4.75;0.02;31.1;30.5;73.0;73.8;529;581;7176.21;3564.06;3612.15;518.91;526.17;14520.;1;AP ENGAGED;AT ENGAGED;FD1 ON
XX/03/21;06:57:56;FINAL APPROACH;AIR;AIR;AIR;1716;1716.00;1013.0;1432;1738;25.75;-30.463.457;-60.136.379;163;151;145;131.48;0.235;-722;0.98;-0.00;-0.06;99;313.59;6;1.6;53905;30;0.35;1.8;0.1;4.92;0.02;33.6;33.3;75.1;76.5;575;621;7176.58;3564.24;3612.34;660.43;667.69;14520.;1;AP ENGAGED;AT ENGAGED;FD1 ON
XX/03/21;06:57:57;FINAL APPROACH;AIR;AIR;AIR;1708;1708.00;1013.0;1424;1724;26.00;-30.464.106;-60.135.605;162;150;145;131.48;0.234;-721;1.00;0.00;-0.06;99;312.89;7;1.6;53905;30;0.70;1.8;0.0;5.10;0.02;37.4;37.5;78.8;79.8;617;652;7177.03;3564.46;3612.56;801.95;823.72;14520.;1;AP ENGAGED;AT ENGAGED;FD1 ON
XX/03/21;06:57:58;FINAL APPROACH;AIR;AIR;AIR;1692;1692.00;1013.0;1408;1711;26.00;-30.464.756;-60.134.830;161;150;145;131.48;0.233;-721;1.00;0.00;-0.04;99;311.84;7;1.4;53905;30;0.00;1.9;0.1;5.28;0.02;43.6;45.6;82.5;82.6;626;644;7177.55;3564.73;3612.82;947.10;921.70;14520.;1;AP ENGAGED;AT ENGAGED;FD1 ON
XX/03/21;06:57:59;FINAL APPROACH;AIR;AIR;AIR;1680;1680.00;1013.0;1396;1695;26.00;-30.465.412;-60.134.083;160;149;145;131.48;0.232;-760;1.00;0.01;-0.03;99;310.08;6;1.2;53905;30;-0.35;2.1;0.1;5.45;0.01;50.5;49.9;84.1;83.6;592;613;7178.10;3565.01;3613.09;1008.7;976.13;14520.;1;AP ENGAGED;AT ENGAGED;FD1 ON
XX/03/21;06:58:00;FINAL APPROACH;AIR;AIR;AIR;1668;1668.00;1013.0;1384;1680;26.00;-30.466.075;-60.133.392;160;149;145;131.48;0.231;-747;0.99;0.01;-0.02;99;307.97;6;1.1;53905;30;-0.70;2.1;0.0;5.45;0.01;52.9;52.3;84.6;84.1;566;594;7178.68;3565.30;3613.38;1048.7;1026.9;14520.;1;AP ENGAGED;AT ENGAGED;FD1 ON
XX/03/21;06:58:01;FINAL APPROACH;AIR;AIR;AIR;1656;1656.00;1013.0;1372;1660;26.00;-30.466.743;-60.132.706;159;148;145;131.48;0.230;-738;0.97;0.00;-0.02;99;305.51;6;1.1;53905;30;-1.05;1.9;-0.1;5.28;0.01;53.3;52.5;84.8;84.3;554;580;7179.26;3565.59;3613.67;1063.2;1037.8;14520.;1;AP ENGAGED;AT ENGAGED;FD1 ON
XX/03/21;06:58:02;FINAL APPROACH;AIR;AIR;AIR;1644;1644.00;1013.0;1360;1646;26.00;-30.467.412;-60.131.710;159;148;145;131.48;0.230;-732;0.98;0.00;-0.03;99;304.10;6;1.1;53905;30;-1.05;1.8;-0.1;5.28;0.01;52.9;52.9;84.8;84.5;546;574;7179.85;3565.89;3613.96;1063.2;1055.9;14520.;1;AP ENGAGED;AT ENGAGED;FD1 ON
XX/03/21;06:58:03;FINAL APPROACH;AIR;AIR;AIR;1628;1628.00;1013.0;1344;1630;26.00;-30.468.080;-60.131.042;159;148;145;131.48;0.230;-768;0.98;0.00;-0.02;99;303.40;6;1.1;53905;30;-1.41;1.8;-0.0;5.45;0.01;53.0;53.8;85.0;84.9;545;572;7180.45;3566.19;3614.26;1070.4;1081.3;14520.;1;AP ENGAGED;AT ENGAGED;FD1 ON
XX/03/21;06:58:04;FINAL APPROACH;AIR;AIR;AIR;1616;1616.00;1013.0;1332;1617;26.00;-30.468.740;-60.130.352;159;148;145;131.48;0.230;-792;0.98;-0.00;-0.02;99;302.70;6;1.1;53905;30;-1.41;1.8;-0.0;5.45;0.01;53.8;54.1;85.4;85.0;547;568;7181.05;3566.49;3614.56;1092.2;1084.9;14520.;1;AP ENGAGED;AT ENGAGED;FD1 ON
XX/03/21;06:58:05;FINAL APPROACH;AIR;AIR;AIR;1600;1600.00;1013.0;1316;1604;26.00;-30.469.391;-60.129.658;158;148;145;131.48;0.229;-808;0.99;-0.00;-0.02;99;302.34;6;1.1;53905;30;-1.05;1.9;0.1;5.63;0.01;54.5;54.1;85.6;85.0;547;563;7181.66;3566.80;3614.86;1110.4;1081.3;14520.;1;AP ENGAGED;AT ENGAGED;FD1 ON
XX/03/21;06:58:06;FINAL APPROACH;AIR;AIR;AIR;1588;1588.00;1013.0;1304;1590;26.00;-30.470.035;-60.128.906;158;147;145;131.48;0.229;-818;0.99;-0.00;-0.02;99;301.64;6;1.1;53905;30;-0.70;1.9;0.0;5.98;0.01;54.8;54.1;85.6;85.1;545;560;7182.27;3567.11;3615.16;1114.0;1081.3;14520.;1;AP ENGAGED;AT ENGAGED;FD1 ON
XX/03/21;06:58:07;FINAL APPROACH;AIR;AIR;AIR;1572;1572.00;1013.0;1288;1571;26.25;-30.470.679;-60.128.159;158;147;145;131.48;0.229;-825;1.00;-0.00;-0.01;99;300.59;6;1.1;53905;30;-0.35;2.1;0.1;5.98;0.01;54.8;54.3;85.6;85.1;544;559;7182.88;3567.42;3615.46;1117.6;1081.3;14520.;1;AP ENGAGED;AT ENGAGED;FD1 ON
XX/03/21;06:58:08;FINAL APPROACH;AIR;AIR;AIR;1560;1560.00;1013.0;1276;1552;26.25;-30.471.318;-60.127.384;158;147;145;131.48;0.229;-830;1.00;-0.00;-0.01;99;299.53;6;1.0;53905;30;0.00;2.3;0.1;6.16;0.01;54.6;54.6;85.6;85.3;543;559;7183.49;3567.73;3615.76;1110.4;1092.2;14520.;1;AP ENGAGED;AT ENGAGED;FD1 ON
XX/03/21;06:58:09;FINAL APPROACH;AIR;AIR;AIR;1544;1544.00;1013.0;1260;1541;26.25;-30.471.966;-60.126.614;157;147;145;131.48;0.228;-833;1.01;0.00;-0.01;99;298.48;6;0.9;53905;30;0.00;2.3;0.0;6.16;0.01;54.5;55.1;85.6;85.5;542;560;7184.10;3568.03;3616.07;1103.1;1106.7;14520.;1;AP ENGAGED;AT ENGAGED;FD1 ON
XX/03/21;06:58:10;FINAL APPROACH;AIR;AIR;AIR;1532;1532.00;1013.0;1248;1521;26.25;-30.472.620;-60.125.862;157;147;145;131.48;0.228;-836;1.00;0.00;-0.01;99;296.72;6;0.8;53905;30;0.00;2.3;0.0;6.16;0.01;54.5;55.4;85.8;85.5;542;559;7184.72;3568.34;3616.38;1106.7;1114.0;14520.;1;AP ENGAGED;AT ENGAGED;FD1 ON
XX/03/21;06:58:11;FINAL APPROACH;AIR;AIR;AIR;1520;1520.00;1013.0;1236;1510;26.25;-30.473.280;-60.125.168;157;147;145;131.48;0.228;-797;1.00;0.00;-0.01;99;295.66;6;0.7;53905;30;-0.35;2.3;0.0;6.16;0.01;55.1;55.5;86.0;85.6;543;559;7185.34;3568.65;3616.69;1117.6;1121.2;14520.;1;AP ENGAGED;AT ENGAGED;FD1 ON
XX/03/21;06:58:12;FINAL APPROACH;AIR;AIR;AIR;1504;1504.00;1013.0;1220;1489;26.25;-30.473.943;-60.124.481;157;147;145;131.48;0.228;-812;0.98;0.00;-0.01;99;293.91;6;0.6;53905;30;-0.70;2.1;-0.1;5.98;0.01;55.6;55.6;86.1;85.6;543;558;7185.97;3568.96;3617.01;1128.5;1128.5;14520.;1;AP ENGAGED;AT ENGAGED;FD1 ON
XX/03/21;06:58:13;FINAL APPROACH;AIR;AIR;AIR;1492;1492.00;1013.0;1208;1452;26.25;-30.474.608;-60.123.795;157;147;145;131.48;0.227;-821;0.98;0.01;-0.01;99;291.45;6;0.4;53905;30;-1.76;2.1;-0.0;5.98;0.01;55.9;55.9;86.1;85.8;542;558;7186.60;3569.28;3617.32;1132.1;1132.1;14520.;1;AP ENGAGED;AT ENGAGED;FD1 ON
XX/03/21;06:58:14;FINAL APPROACH;AIR;AIR;AIR;1476;1476.00;1013.0;1192;1448;26.25;-30.475.276;-60.123.119;157;147;145;131.48;0.227;-827;0.99;0.01;-0.01;99;288.63;6;0.4;53905;30;-2.11;2.1;-0.0;5.98;0.01;55.9;55.9;86.1;85.8;542;558;7187.23;3569.60;3617.64;1139.4;1135.8;14520.;1;AP ENGAGED;AT ENGAGED;FD1 ON
XX/03/21;06:58:15;FINAL APPROACH;AIR;AIR;AIR;1464;1464.00;1013.0;1180;1449;26.25;-30.475.941;-60.122.429;156;147;145;131.48;0.227;-831;0.99;0.00;-0.01;99;286.52;5;0.4;53905;30;-2.46;2.1;-0.0;5.98;0.01;55.9;55.9;86.3;85.8;541;558;7187.86;3569.91;3617.95;1139.4;1135.8;14520.;1;AP ENGAGED;AT ENGAGED;FD1 ON
XX/03/21;06:58:16;FINAL APPROACH;AIR;AIR;AIR;1448;1448.00;1013.0;1164;1443;26.25;-30.476.601;-60.121.738;156;147;145;131.48;0.227;-834;0.99;0.01;-0.01;99;285.12;5;0.4;53905;30;-2.81;2.1;-0.0;5.98;0.01;55.9;55.9;86.1;85.8;541;557;7188.49;3570.23;3618.27;1139.4;1132.1;14520.;1;AP ENGAGED;AT ENGAGED;FD1 ON
XX/03/21;06:58:17;FINAL APPROACH;AIR;AIR;AIR;1436;1436.00;1013.0;1152;1422;26.25;-30.477.252;-60.120.743;156;147;145;131.48;0.227;-836;1.00;0.00;-0.01;99;284.41;5;0.4;53905;30;-2.81;2.3;0.1;5.98;0.02;55.9;55.8;86.1;85.8;540;557;7189.12;3570.54;3618.58;1135.8;1132.1;14520.;1;AP ENGAGED;AT ENGAGED;FD1 ON
XX/03/21;06:58:18;FINAL APPROACH;AIR;AIR;AIR;1420;1420.00;1013.0;1136;1403;26.25;-30.477.884;-60.120.068;156;147;145;131.48;0.227;-837;1.00;0.00;-0.01;98;285.82;5;0.6;53905;30;-2.11;2.3;0.0;6.16;0.02;55.8;55.6;86.1;85.8;540;556;7189.75;3570.86;3618.89;1128.5;1124.9;14520.;1;AP ENGAGED;AT ENGAGED;FD1 ON
XX/03/21;06:58:19;FINAL APPROACH;AIR;AIR;AIR;1408;1408.00;1013.0;1124;1395;26.50;-30.478.499;-60.119.377;156;146;145;131.48;0.226;-838;1.00;-0.00;-0.01;98;287.93;5;0.8;53905;30;-1.76;2.5;0.1;6.33;0.04;55.5;55.3;86.0;85.6;538;554;7190.37;3571.17;3619.20;1124.9;1114.0;14520.;1;AP ENGAGED;AT ENGAGED;FD1 ON
XX/03/21;06:58:20;FINAL APPROACH;AIR;AIR;AIR;1396;1396.00;1013.0;1112;1369;26.50;-30.479.088;-60.118.687;156;146;145;131.48;0.226;-799;1.01;0.00;-0.01;98;290.04;5;0.8;53905;30;-1.76;2.6;0.1;6.33;0.05;55.0;54.9;85.9;85.4;537;553;7190.99;3571.48;3619.51;1106.7;1103.1;14520.;1;AP ENGAGED;AT ENGAGED;FD1 ON
XX/03/21;06:58:21;FINAL APPROACH;AIR;AIR;AIR;1380;1380.00;1013.0;1096;1351;26.50;-30.479.655;-60.117.931;155;146;145;131.48;0.226;-813;1.00;0.00;-0.01;98;291.45;5;0.7;53905;30;-1.41;2.6;0.0;6.51;0.07;54.6;54.6;85.8;85.4;536;553;7191.59;3571.78;3619.81;1092.2;1088.6;14520.;1;AP ENGAGED;AT ENGAGED;FD1 ON
XX/03/21;06:58:22;FINAL APPROACH;AIR;AIR;AIR;1368;1368.00;1013.0;1084;1314;26.50;-30.480.211;-60.117.172;155;146;145;131.48;0.225;-822;0.99;-0.00;-0.01;98;292.50;5;0.8;53905;30;-0.70;2.8;0.1;6.51;0.09;54.5;54.5;85.8;85.3;536;553;7192.19;3572.08;3620.11;1084.9;1084.9;14560.;1;AP ENGAGED;AT ENGAGED;FD1 ON
XX/03/21;06:58:23;FINAL APPROACH;AIR;AIR;AIR;1356;1356.00;1013.0;1072;1294;26.50;-30.480.754;-60.116.405;155;146;145;131.48;0.225;-788;1.00;-0.00;-0.01;98;294.61;5;0.9;53905;30;0.70;2.6;-0.1;6.33;0.10;54.5;54.6;85.8;85.4;536;555;7192.80;3572.38;3620.42;1081.3;1088.6;14560.;1;AP ENGAGED;AT ENGAGED;FD1 ON
XX/03/21;06:58:24;FINAL APPROACH;AIR;AIR;AIR;1344;1344.00;1013.0;1060;1282;26.50;-30.481.296;-60.115.639;154;145;145;131.48;0.225;-766;1.00;-0.00;-0.01;98;297.42;5;1.1;53905;30;1.76;2.6;-0.0;6.33;0.11;54.9;55.8;85.9;85.9;540;560;7193.42;3572.69;3620.73;1099.5;1124.9;14560.;1;AP ENGAGED;AT ENGAGED;FD1 ON
XX/03/21;06:58:25;FINAL APPROACH;AIR;AIR;AIR;1332;1332.00;1013.0;1048;1276;26.50;-30.481.844;-60.114.883;154;145;145;131.48;0.225;-751;0.99;-0.01;-0.00;98;299.53;5;1.1;53905;30;1.76;2.6;-0.0;6.33;0.12;55.9;56.6;86.3;86.0;544;561;7194.05;3573.00;3621.05;1132.1;1153.9;14560.;1;AP ENGAGED;AT ENGAGED;FD1 ON
XX/03/21;06:58:26;FINAL APPROACH;AIR;AIR;AIR;1320;1320.00;1013.0;1036;1280;26.50;-30.482.397;-60.114.193;154;145;145;131.48;0.224;-740;0.99;0.00;-0.00;98;299.53;5;0.8;53905;30;1.41;2.6;-0.0;6.51;0.13;56.6;56.9;86.5;86.1;545;561;7194.70;3573.32;3621.37;1157.5;1164.8;14560.;1;AP ENGAGED;AT ENGAGED;FD1 ON
XX/03/21;06:58:27;FINAL APPROACH;AIR;AIR;AIR;1308;1308.00;1013.0;1024;1277;26.75;-30.482.969;-60.113.506;154;145;145;131.48;0.224;-734;0.99;0.00;0.00;99;297.42;5;0.5;53905;30;1.05;2.6;-0.0;6.51;0.14;57.0;57.0;86.6;86.1;546;562;7195.35;3573.65;3621.70;1168.4;1172.0;14560.;1;AP ENGAGED;AT ENGAGED;FD1 ON
XX/03/21;06:58:28;FINAL APPROACH;AIR;AIR;AIR;1296;1296.00;1013.0;1012;1264;26.75;-30.483.568;-60.112.816;154;145;145;131.48;0.224;-729;0.99;0.01;0.00;99;294.96;4;0.4;53905;30;1.05;2.6;-0.0;6.51;0.15;57.3;57.3;86.6;86.3;547;563;7196.00;3573.98;3622.03;1179.3;1186.6;14560.;1;AP ENGAGED;AT ENGAGED;FD1 ON
XX/03/21;06:58:29;FINAL APPROACH;AIR;AIR;AIR;1280;1280.00;1013.0;996;1251;26.75;-30.484.183;-60.112.137;154;145;145;131.48;0.224;-766;0.98;0.00;0.00;99;292.85;4;0.4;53905;30;1.05;2.6;-0.0;6.51;0.15;57.4;57.5;86.8;86.4;548;565;7196.67;3574.31;3622.36;1190.2;1197.4;14560.;1;AP ENGAGED;AT ENGAGED;FD1 ON
XX/03/21;06:58:30;FINAL APPROACH;AIR;AIR;AIR;1268;1268.00;1013.0;984;1240;26.75;-30.484.819;-60.111.450;154;145;145;131.48;0.224;-790;0.98;0.00;0.00;100;291.09;4;0.4;53905;30;0.70;2.5;-0.1;6.51;0.15;57.6;57.9;86.8;86.4;549;566;7197.33;3574.64;3622.70;1197.4;1208.3;14560.;1;AP ENGAGED;AT ENGAGED;FD1 ON
XX/03/21;06:58:31;FINAL APPROACH;AIR;AIR;AIR;1256;1256.00;1013.0;972;1225;26.75;-30.485.480;-60.110.764;153;145;145;131.48;0.224;-767;0.98;0.00;0.00;100;289.34;4;0.4;53905;30;0.00;2.5;-0.0;6.51;0.16;57.6;58.0;86.8;86.4;550;566;7198.00;3574.97;3623.03;1201.1;1212.0;14560.;1;AP ENGAGED;AT ENGAGED;FD1 ON
XX/03/21;06:58:32;FINAL APPROACH;AIR;AIR;AIR;1244;1244.00;1013.0;960;1211;26.75;-30.486.145;-60.110.077;153;145;145;131.48;0.224;-752;0.98;0.00;0.00;100;286.88;4;0.2;53905;30;-0.35;2.3;-0.1;6.33;0.16;57.6;57.9;86.9;86.4;550;566;7198.68;3575.31;3623.37;1204.7;1215.6;14560.;1;AP ENGAGED;AT ENGAGED;FD1 ON
XX/03/21;06:58:33;FINAL APPROACH;AIR;AIR;AIR;1228;1228.00;1013.0;944;1199;26.75;-30.486.815;-60.109.394;153;145;145;131.48;0.224;-781;0.98;0.00;-0.00;100;285.12;4;0.2;53905;30;-0.35;2.3;-0.0;6.16;0.16;57.6;57.9;86.9;86.4;552;567;7199.35;3575.64;3623.71;1204.7;1215.6;14560.;1;AP ENGAGED;AT ENGAGED;FD1 ON
XX/03/21;06:58:34;FINAL APPROACH;AIR;AIR;AIR;1216;1216.00;1013.0;932;1183;26.75;-30.487.490;-60.108.707;153;145;145;131.48;0.224;-800;0.98;0.01;-0.00;100;284.41;4;0.3;53905;30;-0.35;2.3;-0.0;6.16;0.16;57.8;57.8;86.9;86.4;552;566;7200.02;3575.98;3624.04;1204.7;1208.3;14560.;1;AP ENGAGED;AT ENGAGED;FD1 ON
XX/03/21;06:58:35;FINAL APPROACH;AIR;AIR;AIR;1200;1200.00;1013.0;916;1167;26.75;-30.488.162;-60.108.017;153;145;145;131.48;0.224;-813;0.99;0.00;-0.00;100;285.12;4;0.4;53905;30;-0.70;2.3;-0.0;6.33;0.16;57.6;57.6;86.9;86.3;553;566;7200.69;3576.31;3624.38;1208.3;1201.1;14560.;1;AP ENGAGED;AT ENGAGED;FD1 ON
XX/03/21;06:58:36;FINAL APPROACH;AIR;AIR;AIR;1188;1188.00;1013.0;904;1150;27.00;-30.488.837;-60.107.334;153;145;145;131.48;0.223;-822;0.99;0.00;0.00;100;284.77;4;0.4;53905;30;-0.70;2.3;-0.0;6.33;0.17;57.6;57.4;86.9;86.3;553;565;7201.36;3576.65;3624.71;1208.3;1193.8;14560.;1;AP ENGAGED;AT ENGAGED;FD1 ON
XX/03/21;06:58:37;FINAL APPROACH;AIR;AIR;AIR;1172;1172.00;1013.0;888;1136;27.00;-30.489.511;-60.106.651;153;145;145;131.48;0.223;-828;0.99;0.01;0.00;100;284.06;4;0.2;53905;30;-0.35;2.3;-0.0;6.51;0.18;57.6;57.3;86.9;86.1;553;565;7202.02;3576.98;3625.04;1204.7;1190.2;14560.;1;AP ENGAGED;AT ENGAGED;FD1 ON
XX/03/21;06:58:38;FINAL APPROACH;AIR;AIR;AIR;1160;1160.00;1013.0;876;1118;27.00;-30.490.181;-60.105.965;153;145;145;131.48;0.223;-832;0.98;0.01;0.00;100;284.41;4;0.4;53905;30;0.35;2.1;-0.1;6.51;0.18;57.4;57.1;86.8;86.1;552;565;7202.68;3577.32;3625.37;1197.4;1186.6;14560.;1;AP ENGAGED;AT ENGAGED;FD1 ON
XX/03/21;06:58:39;FINAL APPROACH;AIR;AIR;AIR;1144;1144.00;1013.0;860;1105;27.00;-30.490.854;-60.105.274;153;144;145;131.48;0.222;-835;0.97;0.00;0.00;100;286.52;4;0.7;53905;30;0.35;1.8;-0.2;6.16;0.18;57.3;57.0;86.6;86.1;551;565;7203.34;3577.65;3625.70;1186.6;1179.3;14560.;1;AP ENGAGED;AT ENGAGED;FD1 ON
XX/03/21;06:58:40;FINAL APPROACH;AIR;AIR;AIR;1128;1128.00;1013.0;844;1086;27.00;-30.491.524;-60.104.588;154;144;145;131.48;0.221;-876;0.96;0.00;-0.00;99;288.63;5;0.8;53905;30;0.35;1.6;-0.2;6.33;0.18;56.9;56.9;86.5;86.1;551;565;7204.00;3577.97;3626.02;1179.3;1175.7;14560.;1;AP ENGAGED;AT ENGAGED;FD1 ON
XX/03/21;06:58:41;FINAL APPROACH;AIR;AIR;AIR;1112;1112.00;1013.0;828;1066;27.00;-30.492.187;-60.103.905;154;144;145;131.48;0.221;-904;0.97;0.00;0.00;99;290.74;5;1.0;53905;30;0.35;1.6;-0.0;6.68;0.18;56.9;56.9;86.5;86.0;550;565;7204.65;3578.30;3626.35;1175.7;1175.7;14560.;1;AP ENGAGED;AT ENGAGED;FD1 ON
XX/03/21;06:58:42;FINAL APPROACH;AIR;AIR;AIR;1096;1096.00;1013.0;812;1048;27.00;-30.492.849;-60.103.218;154;143;145;131.48;0.220;-922;0.99;0.01;0.01;99;291.80;6;1.1;53905;30;0.35;1.8;0.1;6.86;0.18;56.8;56.9;86.5;86.1;550;566;7205.30;3578.62;3626.68;1168.4;1175.7;14560.;1;AP ENGAGED;AT ENGAGED;FD1 ON
XX/03/21;06:58:43;FINAL APPROACH;AIR;AIR;AIR;1080;1080.00;1013.0;796;1022;27.00;-30.493.503;-60.102.524;154;143;145;131.48;0.220;-935;1.00;0.01;0.01;99;292.50;7;1.1;53905;30;-0.35;1.9;0.1;7.21;0.18;56.8;57.5;86.5;86.3;551;570;7205.96;3578.95;3627.01;1172.0;1193.8;14560.;1;AP ENGAGED;AT ENGAGED;FD1 ON
XX/03/21;06:58:44;FINAL APPROACH;AIR;AIR;AIR;1064;1064.00;1013.0;780;981;27.00;-30.494.156;-60.101.532;155;143;145;131.48;0.220;-943;1.01;0.01;0.02;99;293.55;7;1.2;53905;30;-0.70;2.3;0.2;7.39;0.18;58.3;59.8;87.1;87.0;561;579;7206.65;3579.29;3627.36;1215.6;1266.4;14560.;1;AP ENGAGED;AT ENGAGED;FD1 ON
XX/03/21;06:58:45;FINAL APPROACH;AIR;AIR;AIR;1052;1052.00;1013.0;768;972;27.25;-30.494.804;-60.100.845;155;143;145;131.48;0.220;-909;1.01;0.01;0.03;99;294.61;8;1.4;53905;30;-0.70;2.6;0.3;8.09;0.18;61.0;61.4;87.6;87.4;570;584;7207.38;3579.65;3627.73;1309.9;1331.7;14560.;1;-;AT ENGAGED;FD1 ON
XX/03/21;06:58:46;FINAL APPROACH;AIR;AIR;AIR;1036;1036.00;1013.0;752;959;27.25;-30.495.450;-60.100.159;155;143;145;131.48;0.219;-886;1.01;0.01;0.03;99;294.26;8;1.5;53905;30;-0.70;2.8;0.2;7.91;0.17;61.9;62.3;87.8;87.6;572;588;7208.14;3580.03;3628.11;1353.5;1382.5;14560.;1;-;-;FD1 ON
XX/03/21;06:58:47;FINAL APPROACH;AIR;AIR;AIR;1024;1024.00;1013.0;740;964;27.25;-30.496.097;-60.099.472;156;143;145;131.48;0.220;-871;1.02;0.01;0.04;99;294.26;9;1.4;53905;30;0.35;2.8;0.0;7.39;0.17;63.0;63.9;88.3;88.1;578;596;7208.93;3580.42;3628.52;1411.5;1447.8;14560.;1;-;-;FD1 ON
XX/03/21;06:58:48;FINAL APPROACH;AIR;AIR;AIR;1008;1008.00;1013.0;724;955;27.25;-30.496.743;-60.098.709;156;144;145;131.48;0.221;-861;1.01;0.01;0.03;99;294.96;9;1.7;53905;30;2.11;3.0;0.1;7.21;0.16;64.0;64.1;88.5;88.0;580;596;7209.75;3580.82;3628.92;1455.1;1469.6;14560.;1;-;-;FD1 ON
XX/03/21;06:58:49;FINAL APPROACH;AIR;AIR;AIR;1000;1000.00;1013.0;716;941;27.00;-30.497.389;-60.097.950;157;143;145;131.48;0.220;-814;1.01;-0.00;0.03;99;298.13;10;2.5;53905;30;3.52;3.2;0.1;7.39;0.14;64.0;63.9;88.4;87.9;579;596;7210.56;3581.23;3629.33;1469.6;1473.2;14560.;1;-;-;FD1 ON
XX/03/21;06:58:50;FINAL APPROACH;AIR;AIR;AIR;988;988.00;1013.0;704;926;27.00;-30.498.035;-60.097.183;157;144;145;131.48;0.221;-744;1.01;-0.00;0.03;99;302.34;11;3.1;53905;30;2.81;3.2;0.0;7.03;0.12;63.8;63.8;88.4;87.9;580;598;7211.38;3581.64;3629.74;1473.2;1473.2;14560.;1;-;-;FD1 ON
XX/03/21;06:58:51;FINAL APPROACH;AIR;AIR;AIR;976;976.00;1013.0;692;914;27.00;-30.498.686;-60.096.413;157;144;145;131.48;0.221;-736;0.99;-0.00;0.03;99;305.16;11;3.0;53905;30;1.76;2.6;-0.3;6.33;0.11;64.3;64.8;88.6;88.4;587;604;7212.21;3582.05;3630.16;1491.4;1502.3;14560.;1;-;-;FD1 ON
XX/03/21;06:58:52;FINAL APPROACH;AIR;AIR;AIR;960;960.00;1013.0;676;897;26.75;-30.499.344;-60.095.654;158;144;145;131.48;0.221;-770;0.95;0.00;0.03;100;305.86;11;2.6;53905;30;0.70;2.3;-0.3;5.98;0.08;66.5;65.8;89.1;88.5;595;607;7213.08;3582.49;3630.59;1578.5;1549.4;14560.;1;-;-;FD1 ON
XX/03/21;06:58:53;FINAL APPROACH;AIR;AIR;AIR;948;948.00;1013.0;664;854;26.75;-30.500.011;-60.094.963;158;145;145;131.48;0.222;-793;0.96;0.01;0.03;100;305.51;12;2.4;53905;30;0.00;1.9;-0.3;5.98;0.05;66.9;65.6;89.1;88.5;595;607;7213.96;3582.94;3631.02;1600.2;1553.1;14560.;1;-;-;FD1 ON
XX/03/21;06:58:54;FINAL APPROACH;AIR;AIR;AIR;936;936.00;1013.0;652;819;26.75;-30.500.689;-60.094.273;159;145;145;131.48;0.223;-769;0.98;0.01;0.03;100;304.45;12;2.2;53905;30;-2.11;2.1;0.1;6.33;0.02;66.5;65.4;89.0;88.4;596;608;7214.84;3583.38;3631.45;1603.9;1553.1;14560.;1;-;-;FD1 ON
XX/03/21;06:58:55;FINAL APPROACH;AIR;AIR;AIR;920;920.00;1013.0;636;751;26.75;-30.501.375;-60.093.277;160;146;145;131.48;0.224;-792;1.01;0.01;0.03;100;303.05;12;1.8;53905;30;-3.87;2.5;0.2;6.68;-0.01;66.4;65.3;89.1;88.5;598;608;7215.71;3583.83;3631.88;1607.5;1553.1;14560.;1;-;-;FD1 ON
XX/03/21;06:58:56;FINAL APPROACH;AIR;AIR;AIR;908;908.00;1013.0;624;705;26.75;-30.502.069;-60.092.598;160;146;145;131.48;0.224;-808;1.01;0.02;0.03;99;301.29;12;1.9;53905;30;-2.81;2.5;0.0;6.16;-0.03;66.5;64.9;89.1;88.3;599;606;7216.59;3584.28;3632.31;1618.4;1531.3;14560.;1;-;-;FD1 ON
XX/03/21;06:58:57;FINAL APPROACH;AIR;AIR;AIR;892;892.00;1013.0;608;672;26.75;-30.502.751;-60.091.904;160;147;145;131.48;0.225;-819;0.97;0.01;0.01;99;300.94;12;2.3;53905;30;-1.41;1.6;-0.5;5.10;-0.05;66.5;62.3;89.1;87.6;600;596;7217.44;3584.73;3632.71;1614.7;1444.2;14560.;1;-;-;FD1 ON
XX/03/21;06:58:58;FINAL APPROACH;AIR;AIR;AIR;880;880.00;1013.0;596;652;26.50;-30.503.421;-60.091.213;161;148;145;131.48;0.227;-826;0.93;0.01;0.01;99;302.34;12;2.6;53905;30;-1.05;1.1;-0.4;4.75;-0.07;66.6;61.6;89.1;87.5;600;596;7218.28;3585.18;3633.10;1622.0;1404.3;14560.;1;-;-;FD1 ON
XX/03/21;06:58:59;FINAL APPROACH;AIR;AIR;AIR;864;864.00;1013.0;580;648;26.25;-30.504.076;-60.090.458;161;148;145;131.48;0.227;-830;0.96;-0.00;0.00;98;304.10;12;2.8;53905;30;-2.81;1.2;0.0;5.10;-0.09;65.9;60.8;88.8;87.0;594;589;7219.09;3585.62;3633.47;1585.7;1339.0;14560.;1;-;-;FD1 ON
XX/03/21;06:59:00;FINAL APPROACH;AIR;AIR;AIR;848;848.00;1013.0;564;659;26.25;-30.504.711;-60.089.703;161;148;145;131.48;0.227;-873;0.99;0.01;-0.01;98;305.16;12;2.6;53905;30;-2.11;1.4;0.1;5.10;-0.11;62.5;56.9;87.9;86.3;582;576;7219.84;3586.03;3633.81;1466.0;1233.7;14560.;1;-;-;FD1 ON
XX/03/21;06:59:01;FINAL APPROACH;AIR;AIR;AIR;832;832.00;1013.0;548;665;26.25;-30.505.333;-60.088.924;162;149;145;131.48;0.228;-902;1.01;0.01;-0.00;98;305.51;12;2.6;53905;30;-1.41;1.8;0.2;5.98;-0.12;60.9;55.9;87.5;86.0;579;575;7220.56;3586.42;3634.14;1400.6;1182.9;14560.;1;-;-;FD1 ON
XX/03/21;06:59:02;FINAL APPROACH;AIR;AIR;AIR;816;816.00;1013.0;532;653;26.25;-30.505.939;-60.088.150;162;149;145;131.48;0.229;-921;1.01;0.01;-0.01;98;306.21;12;2.8;53905;30;-1.05;1.9;0.2;5.63;-0.12;60.3;55.3;87.1;85.8;575;570;7221.25;3586.79;3634.46;1357.1;1128.5;14560.;1;-;-;FD1 ON
XX/03/21;06:59:03;FINAL APPROACH;AIR;AIR;AIR;800;800.00;1013.0;516;615;26.50;-30.506.539;-60.087.395;161;148;145;131.48;0.227;-934;0.97;0.00;-0.03;98;306.91;13;2.9;53905;30;-1.05;1.6;-0.2;5.45;-0.14;56.8;52.0;86.3;84.6;560;555;7221.86;3587.13;3634.73;1219.2;983.39;14560.;1;-;-;FD1 ON
XX/03/21;06:59:04;FINAL APPROACH;AIR;AIR;AIR;784;784.00;1013.0;500;601;26.50;-30.507.128;-60.086.704;161;151;145;131.48;0.232;-943;0.97;0.00;-0.04;98;307.27;12;2.8;53905;30;-2.81;1.2;-0.2;5.45;-0.15;50.5;46.3;84.6;83.4;541;549;7222.39;3587.42;3634.97;1037.8;878.16;14560.;1;-;-;FD1 ON
XX/03/21;06:59:05;FINAL APPROACH;AIR;AIR;AIR;764;764.00;1013.0;480;571;26.50;-30.507.710;-60.086.014;161;149;145;131.48;0.228;-988;0.98;0.02;-0.05;98;309.02;12;2.6;53905;30;-1.76;1.1;-0.2;4.92;-0.16;47.4;44.6;84.0;82.9;540;554;7222.89;3587.68;3635.21;943.47;852.75;14560.;1;-;-;FD1 ON
XX/03/21;06:59:06;FINAL APPROACH;AIR;AIR;AIR;748;748.00;1013.0;464;510;26.25;-30.508.292;-60.085.320;160;149;145;131.48;0.228;-1018;0.93;0.01;-0.06;98;308.67;11;2.4;53905;30;-1.05;0.5;-0.3;4.57;-0.17;44.1;40.8;82.5;81.0;528;540;7223.30;3587.90;3635.40;798.32;685.83;14560.;1;-;-;FD1 ON
XX/03/21;06:59:07;FINAL APPROACH;AIR;AIR;AIR;732;732.00;1013.0;448;475;26.25;-30.508.869;-60.084.648;159;149;145;131.48;0.228;-999;0.96;0.01;-0.06;98;308.67;11;2.4;53905;30;-1.05;0.5;-0.1;5.10;-0.17;40.1;36.0;80.6;78.9;522;533;7223.66;3588.10;3635.56;700.35;580.60;14560.;1;-;-;FD1 ON
XX/03/21;06:59:08;FINAL APPROACH;AIR;AIR;AIR;712;712.00;1013.0;428;448;26.25;-30.509.443;-60.083.961;159;150;145;131.48;0.230;-1026;0.99;-0.00;-0.05;98;309.02;10;2.3;53905;30;-2.11;0.9;0.2;6.16;-0.19;38.5;32.9;79.9;76.5;530;532;7223.99;3588.28;3635.70;671.32;508.02;14560.;1;-;-;FD1 ON
XX/03/21;06:59:09;FINAL APPROACH;AIR;AIR;AIR;696;696.00;1013.0;412;413;26.25;-30.510.023;-60.083.267;158;150;145;131.48;0.229;-1044;1.05;-0.00;-0.05;98;310.43;10;2.0;53905;30;-1.76;1.6;0.5;6.16;-0.19;38.0;30.8;79.8;74.8;536;535;7224.30;3588.47;3635.83;664.06;460.85;14560.;1;-;-;FD1 ON
XX/03/21;06:59:10;FINAL APPROACH;AIR;AIR;AIR;680;680.00;1013.0;396;369;26.50;-30.510.600;-60.082.581;157;149;145;131.48;0.227;-1016;1.07;0.02;-0.04;98;311.13;9;1.7;53905;30;-2.46;2.3;0.5;7.03;-0.20;37.9;30.9;79.6;74.8;539;558;7224.63;3588.65;3635.98;660.43;526.17;14560.;1;-;-;FD1 ON
XX/03/21;06:59:11;FINAL APPROACH;AIR;AIR;AIR;668;668.00;1013.0;384;364;26.50;-30.511.179;-60.081.913;157;147;145;131.48;0.225;-958;1.02;0.02;-0.05;98;310.08;8;1.4;53905;30;-2.11;2.5;0.2;6.68;-0.20;37.8;30.9;79.6;75.0;541;570;7224.96;3588.84;3636.13;660.43;529.80;14560.;1;-;-;FD1 ON
XX/03/21;06:59:12;FINAL APPROACH;AIR;AIR;AIR;656;656.00;1013.0;372;383;26.50;-30.511.754;-60.081.223;155;148;145;131.48;0.226;-879;1.01;0.01;-0.04;98;309.02;8;1.8;53905;30;-1.05;2.6;0.1;6.86;-0.20;37.8;30.9;79.5;74.9;542;573;7225.29;3589.02;3636.27;660.43;529.80;14560.;1;-;-;FD1 ON
XX/03/21;06:59:13;FINAL APPROACH;AIR;AIR;AIR;640;640.00;1013.0;356;422;26.50;-30.512.323;-60.080.532;155;147;145;131.48;0.225;-866;1.03;-0.00;-0.04;98;311.48;8;2.1;53905;30;0.00;2.8;0.1;6.68;-0.20;37.8;33.0;79.5;76.8;542;608;7225.67;3589.20;3636.46;660.43;685.83;14560.;1;-;-;FD1 ON
XX/03/21;06:59:14;FINAL APPROACH;AIR;AIR;AIR;628;628.00;1013.0;344;421;26.50;-30.512.881;-60.079.849;154;146;145;131.48;0.222;-858;0.96;0.01;-0.04;98;313.59;7;2.0;53905;30;-0.70;2.3;-0.3;5.98;-0.20;39.1;38.3;80.6;80.4;564;654;7226.11;3589.41;3636.70;743.89;841.87;14560.;1;-;-;FD1 ON
XX/03/21;06:59:15;FINAL APPROACH;AIR;AIR;AIR;616;616.00;1013.0;332;406;26.50;-30.513.437;-60.079.174;153;144;145;131.48;0.219;-812;0.96;0.02;-0.03;98;312.89;8;1.8;53905;30;-1.76;2.8;0.3;7.56;-0.19;40.3;41.5;81.5;81.8;562;618;7226.54;3589.62;3636.92;754.78;801.95;14560.;1;-;-;FD1 ON
XX/03/21;06:59:16;FINAL APPROACH;AIR;AIR;AIR;608;608.00;1013.0;324;395;26.75;-30.513.971;-60.078.484;152;144;145;131.48;0.220;-742;1.02;-0.01;-0.01;97;311.84;7;1.9;53905;30;-1.76;3.3;0.4;7.39;-0.16;41.0;47.9;82.0;84.0;563;629;7227.03;3589.83;3637.20;765.66;1012.4;14560.;1;-;-;FD1 ON
XX/03/21;06:59:17;FINAL APPROACH;AIR;AIR;AIR;596;596.00;1013.0;312;392;26.75;-30.514.495;-60.077.801;152;144;145;131.48;0.219;-695;1.02;0.00;0.02;97;313.95;7;1.9;53905;30;-1.41;3.2;-0.0;7.03;-0.15;50.8;59.3;85.0;86.1;601;623;7227.66;3590.12;3637.55;1037.8;1241.0;14560.;1;-;-;FD1 ON
XX/03/21;06:59:18;FINAL APPROACH;AIR;AIR;AIR;584;584.00;1013.0;300;387;26.75;-30.515.010;-60.076.809;152;145;145;131.48;0.222;-703;1.02;0.00;0.02;97;314.65;7;2.0;53905;30;0.00;3.9;0.4;7.74;-0.14;58.0;62.6;86.1;86.8;585;610;7228.37;3590.44;3637.93;1168.4;1375.2;14560.;1;-;-;FD1 ON
XX/03/21;06:59:19;FINAL APPROACH;AIR;AIR;AIR;576;576.00;1013.0;292;411;26.75;-30.515.523;-60.076.130;152;146;145;131.48;0.222;-669;1.06;0.01;0.03;98;317.11;7;2.3;53905;30;1.41;4.2;0.3;7.56;-0.13;59.5;61.9;86.6;86.9;577;601;7229.11;3590.79;3638.32;1255.5;1400.6;14560.;1;-;-;FD1 ON
XX/03/21;06:59:20;FINAL APPROACH;AIR;AIR;AIR;568;568.00;1013.0;284;403;26.75;-30.516.036;-60.075.447;151;144;145;131.48;0.220;-607;1.03;-0.00;0.02;98;320.63;7;2.1;53905;30;0.00;3.7;-0.3;6.16;-0.15;59.8;61.3;86.9;86.9;573;596;7229.86;3591.15;3638.70;1295.4;1393.4;14560.;1;-;-;FD1 ON
XX/03/21;06:59:21;FINAL APPROACH;AIR;AIR;AIR;560;560.00;1013.0;276;373;26.75;-30.516.548;-60.074.757;151;145;145;131.48;0.221;-565;0.93;-0.00;0.01;97;321.68;7;2.2;53905;30;-1.05;2.8;-0.6;5.63;-0.15;59.4;60.5;86.9;86.6;566;590;7230.60;3591.51;3639.08;1295.4;1368.0;14560.;1;-;-;FD1 ON
XX/03/21;06:59:22;FINAL APPROACH;AIR;AIR;AIR;548;548.00;1013.0;264;326;26.50;-30.517.056;-60.073.997;151;144;145;131.42;0.220;-577;0.94;-0.00;0.00;97;323.44;7;2.2;53869;30;-1.76;2.6;-0.2;5.98;-0.13;59.1;59.3;86.8;86.5;564;585;7231.32;3591.87;3639.45;1291.8;1324.4;14560.;1;-;-;FD1 ON
XX/03/21;06:59:23;FINAL APPROACH;AIR;AIR;AIR;540;540.00;1013.0;256;313;26.50;-30.517.571;-60.073.238;151;143;145;131.42;0.218;-584;0.97;0.01;0.02;98;320.27;7;1.4;53869;30;-2.81;3.2;0.3;6.86;-0.12;59.3;61.9;86.9;87.3;565;596;7232.07;3592.23;3639.84;1295.4;1386.1;14560.;1;-;-;FD1 ON
XX/03/21;06:59:24;FINAL APPROACH;AIR;AIR;AIR;528;528.00;1013.0;244;289;26.50;-30.518.095;-60.072.472;151;144;145;131.42;0.220;-589;1.00;0.02;0.02;98;313.59;6;0.8;53869;30;-1.76;3.5;0.3;7.03;-0.11;59.3;61.8;86.9;87.1;565;593;7232.81;3592.59;3640.22;1299.0;1382.5;14560.;1;-;-;FD1 ON
XX/03/21;06:59:25;FINAL APPROACH;AIR;AIR;AIR;520;520.00;1013.0;236;278;26.75;-30.518.630;-60.071.709;151;145;145;131.42;0.220;-593;0.99;0.01;0.02;98;309.38;6;1.0;53869;30;0.35;3.2;-0.2;6.33;-0.10;60.8;64.4;87.6;88.3;576;608;7233.60;3592.97;3640.63;1353.5;1473.2;14560.;1;-;-;FD1 ON
XX/03/21;06:59:26;FINAL APPROACH;AIR;AIR;AIR;508;508.00;1013.0;224;242;26.75;-30.519.166;-60.070.950;152;145;145;131.42;0.220;-595;1.01;0.01;0.04;98;310.43;6;1.8;53869;30;1.05;3.2;-0.0;6.68;-0.08;65.8;67.3;88.9;88.6;596;614;7234.46;3593.39;3641.07;1534.9;1574.8;14240.;1;-;-;FD1 ON
XX/03/21;06:59:27;FINAL APPROACH;AIR;AIR;AIR;496;496.00;1013.0;212;246;26.75;-30.519.702;-60.070.263;152;145;145;131.42;0.220;-636;0.98;-0.00;0.03;97;313.95;7;2.4;53869;30;0.70;2.8;-0.2;5.80;-0.06;66.4;65.8;88.8;88.3;594;610;7235.34;3593.83;3641.51;1574.8;1585.7;14240.;1;-;-;FD1 ON
XX/03/21;06:59:28;FINAL APPROACH;AIR;AIR;AIR;484;484.00;1013.0;200;199;26.75;-30.520.239;-60.069.572;152;146;145;131.42;0.222;-664;0.96;0.00;0.02;98;316.76;7;2.3;53869;30;0.70;2.5;-0.3;5.80;-0.05;64.9;63.6;88.5;87.9;590;604;7236.20;3594.26;3641.93;1556.7;1527.7;14240.;1;-;-;FD1 ON
XX/03/21;06:59:29;FINAL APPROACH;AIR;AIR;AIR;472;472.00;1013.0;188;196;26.75;-30.520.773;-60.068.882;153;146;145;131.42;0.223;-682;0.98;-0.01;0.01;98;317.46;7;2.0;53869;30;0.35;2.5;-0.1;5.80;-0.05;63.9;62.3;88.1;87.5;586;598;7237.03;3594.69;3642.34;1534.9;1476.9;14240.;1;-;-;FD1 ON
XX/03/21;06:59:30;FINAL APPROACH;AIR;AIR;AIR;460;460.00;1013.0;176;157;26.75;-30.521.309;-60.068.199;153;146;145;131.42;0.223;-695;0.96;0.01;0.01;98;316.76;7;1.7;53869;30;0.00;2.5;-0.0;5.98;-0.04;62.1;60.8;87.8;87.3;580;594;7237.83;3595.09;3642.73;1455.1;1400.6;14240.;1;-;-;FD1 ON
XX/03/21;06:59:31;FINAL APPROACH;AIR;AIR;AIR;448;448.00;1013.0;164;146;26.75;-30.521.860;-60.067.513;153;146;145;131.42;0.222;-703;1.01;0.01;0.01;99;315.00;6;1.2;53869;30;0.35;2.5;-0.0;5.80;-0.03;61.6;61.6;87.8;87.5;580;600;7238.61;3595.49;3643.12;1429.7;1397.0;14240.;1;-;-;FD1 ON
XX/03/21;06:59:32;FINAL APPROACH;AIR;AIR;AIR;436;436.00;1013.0;152;127;26.75;-30.522.437;-60.066.822;153;146;145;131.42;0.222;-709;0.97;0.02;0.00;99;313.59;6;1.1;53869;30;1.05;2.1;-0.2;5.28;-0.03;61.5;61.9;87.8;87.4;580;594;7239.39;3595.88;3643.51;1407.9;1397.0;14240.;1;-;-;FD1 ON
XX/03/21;06:59:33;FINAL APPROACH;AIR;AIR;AIR;424;424.00;1013.0;140;117;26.75;-30.523.033;-60.066.132;153;147;145;131.42;0.224;-712;0.98;-0.01;0.01;99;312.19;6;1.1;53869;30;0.70;2.3;0.1;5.63;-0.03;61.5;61.9;87.8;87.8;579;600;7240.18;3596.27;3643.91;1400.6;1433.3;14240.;1;-;-;FD1 ON
XX/03/21;06:59:34;FINAL APPROACH;AIR;AIR;AIR;408;408.00;1013.0;124;109;26.75;-30.523.648;-60.065.449;153;148;145;131.42;0.225;-755;1.02;0.01;0.02;99;310.43;5;0.9;53869;30;-0.70;2.6;0.2;6.51;-0.03;61.6;63.8;87.8;87.9;579;604;7240.97;3596.66;3644.31;1400.6;1462.3;14240.;1;-;-;FD1 ON
XX/03/21;06:59:35;FINAL APPROACH;AIR;AIR;AIR;396;396.00;1013.0;112;102;27.00;-30.524.280;-60.064.762;154;149;145;131.42;0.227;-783;1.03;0.00;0.02;99;309.38;5;0.9;53869;30;-1.05;2.8;0.1;6.33;-0.03;62.1;64.4;88.0;88.3;584;609;7241.79;3597.06;3644.73;1418.8;1516.8;14240.;1;-;-;FD1 ON
XX/03/21;06:59:36;FINAL APPROACH;AIR;AIR;AIR;388;388.00;1013.0;104;95;27.00;-30.524.914;-60.064.072;154;148;145;131.42;0.225;-722;0.98;-0.00;0.01;99;311.13;5;0.9;53869;30;-1.05;2.1;-0.4;4.57;-0.05;63.1;64.8;88.3;88.3;587;607;7242.62;3597.46;3645.16;1447.8;1527.7;14240.;1;-;-;FD1 ON
XX/03/21;06:59:37;FINAL APPROACH;AIR;AIR;AIR;372;372.00;1013.0;88;93;27.00;-30.525.551;-60.063.385;154;149;145;131.42;0.227;-722;0.97;-0.00;-0.01;99;310.08;4;0.8;53869;30;-2.81;1.6;-0.4;4.40;-0.04;63.3;61.9;88.3;87.5;587;596;7243.42;3597.86;3645.56;1466.0;1436.9;14240.;1;-;-;FD1 ON
XX/03/21;06:59:38;FINAL APPROACH;AIR;AIR;AIR;360;360.00;1013.0;76;79;26.75;-30.526.197;-60.062.702;154;149;145;131.42;0.226;-761;0.92;0.03;-0.00;100;303.75;4;0.0;53869;30;-2.46;1.4;-0.2;4.57;-0.04;61.1;59.6;87.6;87.0;576;588;7244.19;3598.25;3645.93;1400.6;1360.7;14240.;1;-;-;FD1 ON
XX/03/21;06:59:39;FINAL APPROACH;AIR;AIR;AIR;344;344.00;1013.0;60;65;26.75;-30.526.855;-60.062.016;154;150;145;131.42;0.227;-787;1.03;0.03;-0.01;100;293.55;3;-0.2;53869;30;0.00;1.9;0.3;5.28;-0.04;59.9;57.1;87.3;86.0;571;577;7244.92;3598.63;3646.29;1360.7;1266.4;14240.;1;-;-;FD1 ON
XX/03/21;06:59:40;LANDING;AIR;AIR;AIR;332;332.00;1013.0;49;49;26.75;-30.527.523;-60.061.325;154;149;144;131.42;0.226;-804;0.98;0.01;-0.01;100;286.52;3;-0.2;53869;30;-1.05;2.1;0.2;5.63;-0.04;56.5;52.6;86.3;85.1;558;566;7245.56;3598.97;3646.59;1230.1;1095.8;14240.;1;-;-;FD1 ON
XX/03/21;06:59:41;LANDING;AIR;AIR;AIR;320;320.00;1013.0;38;38;27.00;-30.528.209;-60.060.638;153;149;144;131.42;0.226;-777;1.03;0.02;-0.01;101;275.63;3;-0.5;53869;30;-0.35;2.8;0.4;6.86;0.00;54.5;51.6;85.9;85.1;553;567;7246.18;3599.29;3646.88;1146.6;1052.3;14240.;1;-;-;FD1 ON
XX/03/21;06:59:42;LANDING;AIR;AIR;AIR;308;308.00;1013.0;25;25;27.00;-30.528.913;-60.059.956;153;147;144;131.42;0.223;-758;1.12;0.01;0.01;101;267.19;3;-0.4;53869;30;-0.70;4.6;1.1;8.09;0.00;53.4;50.4;85.5;84.4;549;556;7246.75;3599.60;3647.16;1099.5;979.76;14240.;1;-;-;FD1 ON
XX/03/21;06:59:43;LANDING;AIR;AIR;AIR;300;300.00;1013.0;19;19;27.25;-30.529.630;-60.059.269;152;146;144;131.42;0.222;-706;1.08;0.03;-0.01;101;260.86;3;-0.5;53869;30;0.35;4.7;0.3;6.86;0.00;51.9;46.1;84.8;82.9;539;541;7247.27;3599.89;3647.38;1052.3;823.72;14240.;1;-;-;FD1 ON
XX/03/21;06:59:44;LANDING;AIR;AIR;AIR;292;292.00;1013.0;12;12;27.25;-30.530.353;-60.058.578;151;145;144;131.42;0.220;-631;1.01;0.01;-0.02;101;258.05;3;-0.4;53869;30;-0.70;4.4;-0.1;6.51;0.00;47.6;40.5;83.8;81.0;530;537;7247.72;3600.14;3647.58;914.44;703.98;14240.;1;-;-;FD1 ON
XX/03/21;06:59:45;LANDING;AIR;AIR;AIR;288;288.00;1013.0;7;7;27.25;-30.531.073;-60.057.896;150;144;144;131.42;0.218;-542;1.04;0.01;-0.01;101;257.34;3;-0.5;53869;30;-2.11;5.1;0.4;7.74;0.00;43.3;35.9;82.4;79.0;520;534;7248.11;3600.37;3647.75;805.58;598.74;14240.;1;-;-;FD1 ON
XX/03/21;06:59:46;LANDING;AIR;AIR;AIR;288;288.00;1013.0;5;5;27.25;-30.531.797;-60.057.213;148;142;144;131.42;0.216;-403;1.04;0.02;-0.01;101;252.77;4;-0.8;53869;30;-1.76;5.8;0.5;7.03;0.00;39.3;32.9;80.0;76.6;512;534;7248.45;3600.56;3647.89;693.09;518.91;14240.;1;-;-;FD1 ON
XX/03/21;06:59:47;LANDING;AIR;AIR;AIR;284;284.00;1013.0;4;4;27.25;-30.532.520;-60.056.530;147;141;144;131.42;0.214;-309;0.99;0.02;-0.03;101;251.02;4;-0.5;53869;30;0.35;5.1;-0.3;6.33;0.00;35.8;30.5;78.0;74.8;505;534;7248.73;3600.72;3648.02;569.71;453.59;14240.;1;-;-;FD1 ON
XX/03/21;06:59:48;LANDING;AIR;AIR;AIR;288;288.00;1013.0;3;3;27.25;-30.533.223;-60.055.847;146;138;144;131.42;0.209;-207;1.03;-0.00;-0.04;100;254.18;3;-0.1;53869;30;-2.11;5.1;-0.1;6.33;0.00;32.9;29.8;75.9;73.5;502;550;7249.01;3600.86;3648.15;497.14;478.99;14240.;2;-;-;FD1 ON
XX/03/21;06:59:49;LANDING;AIR;AIR;AIR;288;288.00;1013.0;3;3;27.00;-30.533.915;-60.055.168;144;138;144;131.42;0.209;-99;0.95;-0.02;-0.03;100;261.21;4;0.3;53869;30;0.00;4.4;-0.4;5.45;0.00;30.8;30.3;73.5;73.9;500;569;7249.28;3600.98;3648.29;449.96;522.54;14240.;31;-;-;FD1 ON
XX/03/21;06:59:50;LANDING;GROUND;GROUND;AIR;284;284.00;1013.0;0;1;27.00;-30.534.580;-60.054.485;142;135;144;131.42;0.204;-106;1.12;-0.02;-0.11;99;272.46;4;0.9;53869;30;-0.70;4.2;-0.2;4.75;0.00;30.0;30.3;72.3;73.9;508;574;7249.54;3601.10;3648.44;439.08;518.91;14240.;38;-;-;FD1 ON
XX/03/21;06:59:51;LANDING;GROUND;GROUND;AIR;280;280.00;1013.0;0;1;27.00;-30.535.214;-60.053.799;138;131;144;131.42;0.198;-150;1.18;-0.00;-0.19;99;283.01;4;1.1;53869;30;-0.70;3.5;-0.5;4.40;0.00;30.6;30.5;72.3;73.8;528;580;7249.83;3601.24;3648.59;489.88;529.80;14240.;39;-;-;FD1 ON
XX/03/21;06:59:52;LANDING;GROUND;GROUND;AIR;284;284.00;1013.0;0;-1;26.75;-30.535.822;-60.053.123;135;126;144;131.42;0.191;-101;0.91;-0.01;-0.22;99;291.45;4;1.2;53869;30;-0.35;2.1;-0.9;2.29;0.00;30.9;30.4;72.6;73.8;538;580;7250.11;3601.38;3648.73;497.14;515.28;14240.;39;-;-;FD1 ON
XX/03/21;06:59:53;LANDING;GROUND;GROUND;GROUND;288;288.00;1013.0;0;-1;26.50;-30.536.408;-60.052.448;130;122;144;131.42;0.185;12;0.98;-0.00;-0.25;99;296.37;4;1.1;53869;30;-0.35;0.7;-1.0;0.35;0.00;30.9;30.3;72.6;73.8;537;580;7250.39;3601.52;3648.87;500.77;515.28;14240.;39;-;-;FD1 ON